Date,Close,High,Low,Open,Volume
2019-01-02,105.1774673461914,105.34154898942224,103.9806257075296,104.33774371175372,9723500
2019-01-03,102.62934875488281,104.8686044088952,102.25292269746568,104.70452276619852,10594700
2019-01-04,105.7951889038086,106.89551232417625,103.51732457578241,104.18331251690253,10122800
2019-01-07,106.7121353149414,107.52290430012084,105.49599288297092,106.08476340677213,6714700
2019-01-08,107.54219818115234,108.64252166259838,107.30089904287267,107.90897758421121,8730700
2019-01-09,108.74868774414062,108.87416800184855,107.67731904144549,107.90897150312246,5931900
2019-01-10,108.87417602539062,108.9803482371841,107.61941753903064,108.09236179637814,6160100
2019-01-11,108.7293930053711,108.98999283419003,107.84141394526876,108.2757494479221,4819100
2019-01-14,108.50740051269531,108.7776543837421,107.55185793610391,107.7642023673166,6980600
2019-01-15,107.87037658691406,109.24095402346552,106.7603989983232,108.39158364670106,9800900
2019-01-16,107.0499496459961,108.11166434599808,106.9534241028336,107.5711492869753,5899900
2019-01-17,107.146484375,107.3877835424469,106.32606867845381,106.86657645709766,6392000
2019-01-18,107.1754379272461,108.03446236487301,106.97274751246665,107.96689889327986,8554700
2019-01-22,106.75074005126953,107.45533679329215,105.93032443276383,106.7700481065937,6986700
2019-01-23,107.25264739990234,107.94758275690481,106.17162457145592,107.32021086643864,6845600
2019-01-24,106.70247650146484,107.2429841874642,106.10405201777631,107.13681198287648,6716800
2019-01-25,107.22367858886719,107.61941269936764,106.80865115180343,107.5904579817925,5706900
2019-01-28,106.95343017578125,107.1271658539276,106.12336053173377,106.90517476532506,6178800
2019-01-29,107.04029846191406,107.06925318008584,106.17162009743473,106.79899932532898,5253700
2019-01-30,106.2970962524414,106.73143912991392,105.16781802597073,106.4611852668815,7853800
2019-01-31,107.63872528076172,107.65803333718819,106.18128366679734,106.26814782911872,8351600
2019-02-01,107.42638397216797,108.15028141843901,107.06925858101596,108.07306392350901,6557700
2019-02-04,107.90898132324219,108.08271700337806,106.82795849530049,107.53255524359203,7037000
2019-02-05,108.73905181884766,108.81626194983274,107.57115745986131,108.1213192239077,13619800
2019-02-06,107.53254699707031,109.95518494157044,107.2043763535959,109.88762148024703,14229000
2019-02-07,107.08855438232422,107.24298936513152,105.98823090335078,107.18507992851143,8658100
2019-02-08,107.62906646728516,107.65802118479056,106.22952708898194,106.61560717140576,6395500
2019-02-11,105.63111877441406,107.91863001467055,105.44772906308472,107.88002126681882,11086400
2019-02-12,105.39945983886719,106.97273492114198,105.35120442990409,106.37431041185071,7610200
2019-02-13,106.36465454101562,106.63491575475885,105.42842009361364,105.43806675691991,6919700
2019-02-14,106.80865478515625,107.61941636030045,105.72763198776529,106.02684056470679,6324300
2019-02-15,108.67147064208984,108.71007938583952,107.1657664551771,107.52289181196291,8197300
2019-02-19,109.5594482421875,109.81039401065607,108.9031143787614,108.98033186007372,8169600
2019-02-20,109.72354125976562,110.11926800581736,109.34711520411382,109.64632377043574,7081500
2019-02-21,110.31231689453125,110.55361603708717,108.94173953214128,109.45329253614138,9480100
2019-02-22,111.2389144897461,111.74081351024952,109.98415589268843,110.64048991264895,8734700
2019-02-25,109.63666534423828,111.76975605916378,109.51119245201052,111.59602039707508,9327700
2019-02-26,109.54981231689453,110.04206463676469,108.92243306433305,109.69459327731111,8956000
2019-02-27,108.85486602783203,109.55946275135551,108.5460034255438,109.16372863012026,7249500
2019-02-28,108.91278076171875,109.48225058467987,108.82591660241225,108.97069756512207,6716700
2019-03-01,110.04206085205078,110.4570956635756,109.50154577601003,109.50154577601003,6996900
2019-03-04,110.35092163085938,110.43778578436746,109.15407262529227,110.43778578436746,6015000
2019-03-05,110.03240966796875,110.5536167026914,109.80076455160273,110.25440812055757,5225100
2019-03-06,110.85282135009766,111.0458650767718,110.03240576236186,110.03240576236186,7352800
2019-03-07,110.04206085205078,110.90108519341477,109.52085383079647,110.85282242031397,6324000
2019-03-08,109.8490219116211,109.87797663119754,108.97069684105146,109.51120457678662,6549100
2019-03-11,110.75630950927734,110.99760865853503,110.06136678119671,110.07102080904939,6952700
2019-03-12,110.73700714111328,111.28716889853789,110.07101914280672,110.72735311340674,9920300
2019-03-13,110.11927032470703,110.85282176105783,109.76215231580005,110.84316773372203,17994500
2019-03-14,110.4957046508789,110.77560517110656,109.96484360107065,110.14823330261629,17409600
2019-03-15,110.95899200439453,111.46089832285097,109.72354162644807,110.51500248506159,14932700
2019-03-18,109.18304443359375,110.03241480919938,108.54601112899016,109.09617290848152,21769800
2019-03-19,106.17162322998047,109.7525016388914,105.97858686056306,109.01895018014739,45384400
2019-03-20,106.1619644165039,107.02098874025735,104.28948815319787,106.47082701196733,35588700
2019-03-21,104.87825775146484,106.31639850923149,104.59834987605728,106.26813573752274,27438900
2019-03-22,104.4632339477539,105.2064321087884,103.76829119964245,104.55975213746586,24133800
2019-03-25,104.03854370117188,105.27399418643245,103.58490011526963,104.7141783840907,18187500
2019-03-26,106.30675506591797,106.49979144424131,104.50183473674487,104.62731501013427,16693100
2019-03-27,106.4418716430664,107.22367847220484,105.9110179724146,106.60595328505704,10794800
2019-03-28,106.8569107055664,107.39741842491279,106.40326714231553,106.75073849442832,11748900
2019-03-29,107.16576385498047,107.71592555330099,106.54803869770356,107.6773168104881,16358800
2019-04-01,108.59426879882812,108.94174015520517,107.50359195536362,107.70628235260598,10785100
2019-04-02,108.06340789794922,109.36642180437563,108.02479915119797,109.21199418123612,9231800
2019-04-03,108.6039047241211,109.1733744767123,108.30469617166243,108.77764038513106,10534900
2019-04-04,110.75630950927734,110.86248172405998,109.09617018416597,109.29886058587854,14378400
2019-04-05,110.99759674072266,111.12306963387299,110.33160880384156,110.9686420241391,10907900
2019-04-08,110.95899200439453,111.79871563496678,110.6501294099079,110.99760074918849,11054200
2019-04-09,112.79286193847656,113.0824238298107,111.26784972333111,111.58636633102569,17340300
2019-04-10,113.08243560791016,113.92215192528313,112.23305789892434,113.48781640690854,14091100
2019-04-11,112.54191589355469,113.75806560450705,112.27166203864644,113.63259270440402,12784500
2019-04-12,125.53346252441406,126.34422410201391,121.96223818978838,123.45829580675787,65253500
2019-04-15,127.44454956054688,128.08158283609063,125.27285726206397,126.48901437496222,32773700
2019-04-16,125.37901306152344,127.53141175066412,125.05084980292291,127.16463238650526,14564300
2019-04-17,127.1646499633789,127.75342046882713,124.78061322227961,125.29216623366713,14253700
2019-04-18,127.84027099609375,128.24565175089145,126.54691124587306,127.18394445815352,11890600
2019-04-22,127.0970687866211,127.59897509329164,126.46969694908034,127.30941319606902,10197500
2019-04-23,128.7186279296875,129.5680057083965,128.03333181682322,128.74758265144055,12159300
2019-04-24,130.3980712890625,131.02544321076533,128.10089858472148,128.47732468328954,11449500
2019-04-25,132.46356201171875,134.0464835517554,130.14708176657558,130.64898802884923,16382500
2019-04-26,135.05030822753906,135.16612710814258,132.7241808572086,133.8727671822984,14167600
2019-04-29,134.45187377929688,137.41501934025734,132.8206893574686,137.24129104165604,25746100
2019-04-30,132.2029571533203,134.53873076351894,131.2956701461091,134.2781236017664,15253100
2019-05-01,131.6334991455078,133.36119434469109,131.49837222896682,132.70486781512898,8906700
2019-05-02,129.4714813232422,130.967539114205,127.77274047817251,130.66833050155893,16580400
2019-05-03,129.65484619140625,130.60073462727567,129.12398517667813,130.5138704778828,8874400
2019-05-06,130.30152893066406,130.62004554648883,127.69550129759676,127.927139034393,9955600
2019-05-07,128.79580688476562,131.2377525400057,128.13946569008164,130.6393354992248,10972700
2019-05-08,130.29190063476562,130.97718200636507,128.6703626099543,128.85375232925705,15423500
2019-05-09,128.9405975341797,131.73001484378247,128.21670015562123,130.33048285744874,15297100
2019-05-10,129.37493896484375,129.64520754811153,126.66273901823246,128.3807876974609,9858500
2019-05-13,126.7688980102539,128.04296439157295,126.00639929614617,126.92333297666755,11389900
2019-05-14,128.5641632080078,129.97335649439614,127.454193190116,128.87303313894785,12001700
2019-05-15,129.99266052246094,130.50422822866733,127.44454229331743,127.93680194531808,9734100
2019-05-16,130.7841339111328,131.6528049242473,130.11814592813735,130.58143615328305,9689400
2019-05-17,130.3401336669922,131.2474207667522,129.36529046817043,129.58728154755948,8964200
2019-05-20,129.24949645996094,129.72243342756096,128.61246308936515,129.5776598104861,8009000
2019-05-21,129.42320251464844,129.88650746497638,128.47731401459083,129.88650746497638,7050300
2019-05-22,129.19155883789062,129.5004140628702,128.74756196280316,129.16260412079035,5093700
2019-05-23,128.11053466796875,128.90200291266726,127.35768253301345,128.0912413408278,6743300
2019-05-24,128.16845703125,128.6510553575978,127.6183025976342,128.46768036488064,4570100
2019-05-28,128.00433349609375,129.37491052726392,127.97537878420283,128.57381052797882,8938400
2019-05-29,126.99091339111328,127.55071441312808,126.22839989167117,127.36733944535365,7749600
2019-05-30,127.59896850585938,128.0622586808598,126.76889896479705,127.29011329843549,5274000
2019-05-31,127.44454956054688,128.30357392505977,126.2284071753796,126.40215021767834,7420700
2019-06-03,127.8595962524414,128.32288650201113,126.91370769731486,127.42526072298656,7901400
2019-06-04,130.12782287597656,130.18573232007637,128.29394035566503,128.8054934155234,8247500
2019-06-05,131.20883178710938,131.266741228273,130.2436351604309,130.6972787531883,6842800
2019-06-06,132.4346466064453,132.65663772522097,131.00614487656227,131.75899712956928,6027300
2019-06-07,133.2357177734375,133.93066042849316,132.55043650908493,132.81104368666323,7026300
2019-06-10,132.2994842529297,134.04648746811594,131.33428780451925,134.04648746811594,8479500
2019-06-11,130.37875366210938,132.95582672124797,130.24362673222785,132.80139173631744,6352200
2019-06-12,130.99647521972656,131.53698292417423,130.12780422725433,130.3883966883578,5537000
2019-06-13,136.8069610595703,136.9131332666655,132.8206946895862,133.14885797416036,17939500
2019-06-14,136.7200927734375,137.9748513015033,135.63907729214088,137.10618025085154,11125200
2019-06-17,136.0637664794922,136.55601144567694,134.26850020647595,135.90933148815648,8542700
2019-06-18,134.3939666748047,138.51534514769892,134.1333594946581,137.04825706388297,11231400
2019-06-19,136.0155029296875,136.16029125614003,133.75694642324865,134.65457219078283,6877100
2019-06-20,137.07720947265625,137.27989248778974,135.04064429203768,137.03859336557298,8485800
2019-06-21,135.3494873046875,137.0578890596884,135.1274962560308,137.0096262940513,14150000
2019-06-24,134.37466430664062,135.58115998908949,133.0040869787064,135.2433353069116,10497400
2019-06-25,135.06961059570312,135.52325416260572,133.8438068259197,134.18163151709598,14675400
2019-06-26,135.51358032226562,135.84175831956045,134.6545560415038,135.47497894314657,8842100
2019-06-27,134.45187377929688,136.80695556742316,134.08509440083242,136.09270486402644,6466300
2019-06-28,134.78004455566406,135.33021365399588,133.78589329547577,134.55805347473583,20078800
2019-07-01,136.7200927734375,137.0096546995652,134.374672100039,135.56185979665807,8972400
2019-07-02,137.56947326660156,137.88798991898366,136.35333082565032,136.47879637157178,7554100
2019-07-03,138.00379943847656,138.0231074933591,137.0579109374615,137.7335455810437,4150900
2019-07-05,138.34371948242188,138.77103837066028,136.64416515261587,137.3434115481082,5596000
2019-07-08,136.95494079589844,138.13005285853598,136.90637913949774,138.08149120213528,4993900
2019-07-09,137.52792358398438,137.63475329565316,135.721539707817,136.0226012173555,7396300
2019-07-10,139.40228271484375,140.09182264298525,137.91638796521988,138.29514515985073,9533700
2019-07-11,139.4217071533203,141.15039531688137,139.40227952818591,139.85873239576017,10471100
2019-07-12,140.70367431640625,141.23780808705644,139.8490365730665,139.99470672525527,8510000
2019-07-15,140.8784637451172,141.1698188379188,139.8198878995757,140.94645302164298,5289200
2019-07-16,140.14039611816406,140.81050847725035,139.664515574437,140.5774214074567,5854700
2019-07-17,138.4602508544922,140.5094132734312,138.266004246252,140.43173241285788,5296400
2019-07-18,137.54734802246094,138.3534240429329,136.1294277748864,138.3534240429329,8031700
2019-07-19,135.8186798095703,138.1397849056077,135.71185008469251,138.1397849056077,6109900
2019-07-22,136.78012084960938,137.3628310845094,135.974044779537,137.1783056828265,7706400
2019-07-23,137.18801879882812,138.43112019642984,136.22656612881886,137.566776024364,7514500
2019-07-24,137.21714782714844,137.50850294823107,136.3528036865967,137.3239775442475,5896600
2019-07-25,139.081787109375,139.10119991304586,136.97432721529336,137.32395032751205,7294400
2019-07-26,140.48028564453125,141.00472780036984,138.9264164403841,139.59652874010212,8139400
2019-07-29,142.17013549804688,142.90822226944607,140.98530224728992,141.39319347508447,11674100
2019-07-30,140.752197265625,142.56830216198716,140.44142938738773,141.55827321511313,6563100
2019-07-31,138.88755798339844,140.82019915489286,138.2368733241964,140.81049275183707,9710700
2019-08-01,137.76100158691406,140.36374010912317,137.18799781525985,139.20804098212162,8911700
2019-08-02,137.6250457763672,138.12033907975902,135.9060640003402,136.92579945455742,6539100
2019-08-05,134.31332397460938,136.18768207880854,133.07992924191117,135.1291063157447,10669700
2019-08-06,137.78042602539062,137.8581217097841,134.38131763259386,136.3625205372856,18818900
2019-08-07,130.97250366210938,131.953383898255,128.44744576967994,131.04047812454687,29084500
2019-08-08,133.9151611328125,134.02199084871026,132.08934955890072,133.92486753646253,14054800
2019-08-09,134.5270233154297,135.22626976371993,132.81774763341406,133.14795804767363,8811900
2019-08-12,131.83685302734375,133.60439658617776,131.33183846497155,133.35188189552304,7918900
2019-08-13,133.06051635742188,133.9442880676775,131.10846236371248,131.10846236371248,8145400
2019-08-14,129.02044677734375,131.25413468850607,128.85533418873501,131.16673260202123,11797700
2019-08-15,129.56430053710938,130.40921700315332,128.6513947918068,129.6517026227823,7590100
2019-08-16,131.30270385742188,131.59405898131556,129.97220040166332,130.1567258074272,6353800
2019-08-19,131.39010620117188,133.6529430939473,130.40922592841503,132.84686700449996,11741800
2019-08-20,131.23471069335938,132.1184675240323,129.41860574392427,129.486595018018,8628000
2019-08-21,131.84657287597656,132.13792803086065,130.18587368533315,130.72972873768276,6325000
2019-08-22,132.15731811523438,132.73030703839913,130.807387272745,132.27385421650598,6967100
2019-08-23,127.87446594238281,132.5069696058308,127.24320883343913,131.60377017081015,10190900
2019-08-26,130.72972106933594,130.7588551012215,128.7291051788568,130.3218298039998,8093800
2019-08-27,130.61317443847656,132.06993519136145,130.32181932411225,131.85627576209006,6013600
2019-08-28,132.61378479003906,132.7885889602066,129.67112937406333,130.19555670350206,5950500
2019-08-29,133.86659240722656,134.68237483885346,133.4587011914131,134.13851988443554,6532700
2019-08-30,133.30331420898438,134.50757508973126,132.81772729530303,134.303622065653,5622200
2019-09-03,132.38070678710938,132.4875365047102,131.16673945934417,132.43897484781218,5997400
2019-09-04,133.9151611328125,134.21622265426885,132.45840036271784,132.798317136648,4285400
2019-09-05,134.8377685546875,135.255380999859,134.3327688418826,134.9154642379505,5143500
2019-09-06,135.52734375,135.77984367211033,134.2648145015679,135.11945242092628,4090000
2019-09-09,134.82806396484375,136.04203124665037,134.48814719836327,135.55644433392771,5458700
2019-09-10,131.87571716308594,134.4493372759026,130.70060486623652,134.13855446814543,10974600
2019-09-11,132.26416015625,132.31272180928943,131.04047170297486,131.65231592961243,7896400
2019-09-12,133.53640747070312,134.67267912327227,132.6040740327571,132.8954291582988,7333900
2019-09-13,134.0414276123047,134.2356594311037,133.15765579499063,133.87632982537863,5209100
2019-09-16,131.88540649414062,133.2838991529739,131.39981958865332,132.36127217739894,6329300
2019-09-17,132.38070678710938,132.78859803096603,131.7591561080511,131.88541345219852,4726500
2019-09-18,132.8565673828125,133.11878843557287,131.80769799070592,132.4778102261297,6857900
2019-09-19,129.4574737548828,133.40043711087358,129.1661186437787,133.05081394133597,12216100
2019-09-20,128.4571533203125,129.38947180181145,127.81617510244754,129.19524001974375,25231600
2019-09-23,128.64169311523438,129.0592907525283,128.088116914427,128.1852402258118,6096100
2019-09-24,128.16578674316406,130.2829381700143,127.70933394582778,130.14697445286734,11904000
2019-09-25,129.2535400390625,129.5740292272574,127.43744945823022,127.99101091497502,6523000
2019-09-26,127.48600769042969,129.45748960987757,125.33970675533418,129.30209822239934,11615100
2019-09-27,126.21375274658203,127.22376697167414,125.20372370255386,126.34971648493935,8401300
2019-09-30,126.56336975097656,127.08779705373018,126.07778287774956,126.59250377785536,5532500
2019-10-01,125.8155746459961,127.98128817211891,125.77671939357218,127.02954195284875,5978500
2019-10-02,125.41738891601562,125.49508460137105,123.89264628588998,124.80554465567704,8296100
2019-10-03,124.45591735839844,125.69901864503372,123.86350815322504,124.89295742641274,8498700
2019-10-04,126.51483154296875,126.67992933218619,124.90267926858,124.98037496096552,6732900
2019-10-07,127.12663269042969,127.77733211668483,125.32024899737064,126.51480333010639,5784100
2019-10-08,124.7667007446289,126.29143592278457,124.66957743590771,126.1554721819367,6526000
2019-10-09,125.60192108154297,126.10693565408604,124.36852609086449,125.37855523595063,5004600
2019-10-10,125.61161804199219,126.38856006004598,125.16488638439334,125.49508192591186,4512000
2019-10-11,126.27204132080078,127.21408123925197,126.09722230368628,126.54396884170025,6559000
2019-10-14,125.96123504638672,126.54394523615147,125.74757563140201,126.37884747346979,3710300
2019-10-15,126.0195083618164,127.11693951014296,125.6698851971509,126.26230181453033,5914700
2019-10-16,127.08780670166016,128.02984649275078,125.96124151370529,126.01950957188633,7610800
2019-10-17,128.5542755126953,129.59343862693765,126.74789159083122,128.7096668824966,8005100
2019-10-18,127.116943359375,129.3215121260762,127.116943359375,128.55427649366317,8694000
2019-10-21,126.50508880615234,127.93271542071084,126.2720165875701,127.65108155027878,6257100
2019-10-22,128.5834197998047,129.82652121950906,128.29207948185666,129.31180023255044,9291600
2019-10-23,127.35002899169922,128.85533657212486,126.99068459794314,128.63197074066437,5970800
2019-10-24,126.50508880615234,127.90358139338805,125.8932594134384,127.72877722945137,5746300
2019-10-25,127.12663269042969,127.96184267364914,126.28171630492837,126.73816913406776,6696000
2019-10-28,126.767333984375,128.272656564445,126.38857673819699,127.66081223641189,8940300
2019-10-29,125.7475814819336,127.00040400253593,125.70874104964552,126.73818292304811,9305100
2019-10-30,125.86414337158203,126.55366854199887,125.42710326141797,125.95154546603976,10880000
2019-10-31,126.17491149902344,126.398277347056,125.03863981259126,125.79615427021271,9628300
2019-11-01,128.92332458496094,128.97188623974068,126.74788989368194,127.21406399684373,8507600
2019-11-04,129.0884246826172,130.27325794970213,128.65139941959592,130.2538303236528,7631800
2019-11-05,127.66079711914062,128.94275368912992,127.1169421448191,128.94275368912992,7404500
2019-11-06,127.48600769042969,127.86476493557144,126.89359099223994,127.80649687000168,9132500
2019-11-07,129.1272735595703,129.84593267961068,127.95214675405889,128.53485695527607,18047600
2019-11-08,133.983154296875,136.20713594998622,132.79832098402323,136.17800191925522,24175900
2019-11-11,132.79833984375,134.56586884117968,132.28361880248633,133.53642675865237,10138400
2019-11-12,134.5852813720703,135.3233682041692,132.7983249455544,134.05113276117214,17284000
2019-11-13,144.43296813964844,145.59837373116622,132.89541870006934,134.58526644007858,45725400
2019-11-14,142.90821838378906,146.28791386894156,142.063301921969,143.73372203929188,28393600
2019-11-15,140.49972534179688,142.95679410591742,140.05299364955908,142.89852604335923,13733400
2019-11-18,143.39381408691406,144.74374515565432,139.54797391103605,140.5774158286303,15353100
2019-11-19,144.102783203125,145.17106556602317,142.56832671418746,143.90853657447335,11504300
2019-11-20,142.69456481933594,144.69519537233228,141.82051429323076,143.82113002729037,9448400
2019-11-21,142.66542053222656,143.2189966928452,142.04386991372277,142.91793519592025,6241400
2019-11-22,144.01536560058594,145.1322244342171,142.451775088652,142.96651086938067,9639400
2019-11-25,145.37501525878906,145.88002980759458,143.44237397202684,144.5106711293199,11316800
2019-11-26,147.268798828125,148.98778065465595,146.26849096982886,147.37562854206615,24949900
2019-11-27,147.1134033203125,148.17199402647137,146.7929141875051,147.90977295073145,6155400
2019-11-29,147.21055603027344,148.0749002935937,146.65697973969458,147.11343270313847,6284900
2019-12-02,146.2781982421875,148.56046268133423,144.80202468306044,148.53132865180783,10351000
2019-12-03,144.29702758789062,144.8117485970121,142.63631360939073,143.48124502463455,9273800
2019-12-04,144.00567626953125,145.02541191019924,143.90855294415758,144.9962778763749,7684800
2019-12-05,143.1898651123047,144.5397960795742,142.859669582224,144.40383234254475,7363300
2019-12-06,143.40353393554688,144.3261461272522,142.93735981892652,144.1221930988637,7084900
2019-12-09,141.99534606933594,144.22903424128833,141.20868274231782,143.69490043778376,11515000
2019-12-10,141.8885040283203,142.61688440871427,140.8687685319814,141.0727067398871,7084100
2019-12-11,143.33555603027344,143.62691117155305,142.52947989427298,143.14132420906637,8253700
2019-12-12,143.50062561035156,144.63689710093323,143.00533234079603,143.6560169643461,7748300
2019-12-13,143.0121612548828,144.39948876099555,142.94376462688564,144.0379914130654,9350100
2019-12-16,145.04429626464844,145.229912295605,143.1782372285102,144.19430275111134,9134400
2019-12-17,144.33108520507812,145.044300401149,144.22361544318534,144.69258253565636,8776100
2019-12-18,142.8948974609375,144.54601693750902,142.82651574763048,144.37016546810204,9467800
2019-12-19,142.78744506835938,143.42249912534604,141.9765544283037,142.8167536501579,10243900
2019-12-20,143.50062561035156,144.4776178546318,142.41616362289176,143.76440278274987,12629900
2019-12-23,141.3512420654297,142.96328834220748,141.0093036971821,142.55295335567854,9314000
2019-12-24,141.9472198486328,142.0839981889137,141.1265498069474,141.25356358996572,3508500
2019-12-26,142.34780883789062,142.50413122076205,141.83000398888663,142.05470809693745,4422000
2019-12-27,142.3966522216797,143.13916113063547,142.10355149971332,142.68975294364606,5495300
2019-12-30,140.4622039794922,142.51387911075287,140.1007066479177,142.3966447911726,6602800
2019-12-31,141.30242919921875,141.4392075520907,139.9639393449836,140.36450984543802,5662900
2020-01-02,144.79026794433594,144.79026794433594,141.76160050657813,141.94721653656185,9502100
2020-01-03,143.12937927246094,144.4971625993486,142.68973569651277,143.0316740743746,7320200
2020-01-06,142.29893493652344,142.67019681335762,140.98976871825226,142.1914651778462,8262500
2020-01-07,142.34780883789062,143.49088831065734,142.0742521217271,142.63114502031044,6906500
2020-01-08,142.0546875,142.76790267804353,141.48804503276546,142.14262814494123,6984200
2020-01-09,141.49781799316406,143.2564073806162,141.28287846204648,143.10008501112677,6664200
2020-01-10,141.29263305664062,142.152391120486,140.94091520395122,141.95699562626314,5152500
2020-01-13,140.56967163085938,141.41965025049527,140.06163140743837,141.41965025049527,9921300
2020-01-14,141.8592987060547,143.34433138273153,139.01624713983438,140.1104888052538,14839100
2020-01-15,140.9995574951172,142.35757640387885,140.61851612832484,142.35757640387885,6818200
2020-01-16,141.78114318847656,142.08400847046315,141.11679546124432,141.75183460684704,6948400
2020-01-17,141.0093231201172,142.28918085366408,140.69667837814328,142.19147564486676,10355300
2020-01-21,140.2570037841797,141.26330460016138,139.71965506988886,140.92136626031703,9250200
2020-01-22,140.6966552734375,141.45870807220507,140.2374677013956,141.12653426919755,7550000
2020-01-23,138.92832946777344,140.30589246020867,137.41398812268156,140.29612790206258,11082000
2020-01-24,136.8571014404297,138.97717322548772,135.9973433312001,138.14672369655264,13076300
2020-01-27,132.77325439453125,134.5611521838583,131.8939672426682,132.7341812599303,12831800
2020-01-28,135.1864471435547,135.73356055706054,132.73420134097577,133.35947594322852,10390000
2020-01-29,132.92959594726562,135.48931150335005,132.6658038005194,135.41116522286157,9382700
2020-01-30,134.6393280029297,134.6784160495017,131.72789465763216,131.9819073294629,11847300
2020-01-31,135.12782287597656,135.47954075298844,133.9065823179799,135.2157486182991,12379100
2020-02-03,138.06858825683594,138.557084510378,136.534702865007,136.57377600589243,12639900
2020-02-04,141.4001007080078,142.24031473759698,139.95415618303588,142.1426244458013,23519700
2020-02-05,138.11740112304688,143.91097340041,135.3818345212335,143.22708174995665,27824100
2020-02-06,139.4168243408203,140.6380649445551,137.97087964016052,138.6547713967076,9504600
2020-02-07,137.7754669189453,138.7231507017093,136.89616484943502,138.6254455025236,10948900
2020-02-10,139.309326171875,139.309326171875,137.22834274458992,137.7852205943527,8162100
2020-02-11,137.7657012939453,139.70015709656565,137.22836736760595,139.5633787485975,10790100
2020-02-12,138.58636474609375,138.94784712930493,137.6289015514335,138.0880891284572,8168200
2020-02-13,137.65823364257812,138.63522611671345,137.58008736344274,137.92202578475684,7543100
2020-02-14,136.3295135498047,138.0294857002306,135.92895799387094,137.8536342231457,9110500
2020-02-18,135.938720703125,136.44676092066547,134.92265517576485,135.82148638666212,8214900
2020-02-19,138.0490264892578,138.6059043947052,136.02664510382107,136.41745100105845,7080900
2020-02-20,137.14041137695312,138.3714312786959,135.65539373875072,138.3714312786959,5981700
2020-02-21,135.7726287841797,136.66169540519525,135.39160236199018,136.6421513839311,7725800
2020-02-24,129.9497528076172,131.34685968142279,128.19117842664468,129.8422830480937,19336500
2020-02-25,125.24066162109375,130.85836807718383,125.03549410585636,130.67273713079064,21032500
2020-02-26,120.52178192138672,125.41650843235236,119.32007800104412,123.21828300698591,31195900
2020-02-27,115.32418823242188,120.07237207561721,115.20694645651629,117.05346156732995,30827500
2020-02-28,114.94316101074219,115.58797213926653,110.60531223138294,111.87540537336888,35389900
2020-03-02,117.21955108642578,117.21955108642578,113.36042664547664,116.38910158578352,21775900
2020-03-03,113.770751953125,118.97812277426934,112.50066641758283,118.3626203000046,19529700
2020-03-04,116.43795776367188,116.49657492406433,112.82308876483005,116.22301823708526,13842100
2020-03-05,111.35759735107422,114.2690305372624,109.53061887444464,114.1713327877543,22397200
2020-03-06,112.61790466308594,113.20410603491582,107.78179552250988,108.21167454082244,22899600
2020-03-09,101.94915771484375,107.88927342777744,101.88076854347835,106.18930870108007,26233600
2020-03-10,108.89557647705078,109.01281825325047,100.07333593573011,105.61288128206716,24083700
2020-03-11,103.08246612548828,106.39446963391077,100.4934348773304,105.92551002079902,24771300
2020-03-12,89.69767761230469,97.69924844520231,89.53159067887451,95.3740090155965,40392900
2020-03-13,100.1612548828125,100.50320817673254,90.12754648353142,98.46129023947229,40960100
2020-03-16,92.82405090332031,96.01881280233026,87.92931684519043,89.68790616363846,35379500
2020-03-17,91.37810516357422,95.21768589559838,89.05286575215251,93.59588226009882,27526200
2020-03-18,86.75694274902344,87.28451217469761,77.25080181236967,85.57477518603672,43592500
2020-03-19,92.74588775634766,95.15906014902575,83.15182279758163,85.97533020458238,30866800
2020-03-20,84.0018081665039,94.75848891049124,83.86502237566381,93.78149652985847,31957800
2020-03-23,83.78688049316406,85.27190584193107,79.22431976577131,82.54609582021757,32246600
2020-03-24,95.86249542236328,96.88833295347065,89.68790385229192,90.20570862330712,32538100
2020-03-25,98.41244506835938,103.48303041850883,93.3125436857605,98.34405590036461,28533000
2020-03-26,102.93592834472656,105.25140320696764,98.48084501875496,98.51015360055302,24520300
2020-03-27,94.18207550048828,99.15496358974553,93.34186138085622,98.13889052754254,30591500
2020-03-30,97.50384521484375,98.14865632755348,89.9809992074933,93.79127108613983,23119200
2020-03-31,94.3774642944336,100.78653950333769,93.94759270730829,97.91417946376998,21563200
2020-04-01,92.73611450195312,95.15905887311163,90.43041189925496,91.34878711754364,18303900
2020-04-02,94.73896026611328,95.02228897465635,92.03268697125833,92.03268697125833,13936500
2020-04-03,91.72003936767578,94.69009701368607,90.57696010419758,94.09413108236288,14814600
2020-04-06,97.28890991210938,97.88487590262532,92.34532304891376,95.02228772737784,20407400
2020-04-07,98.91071319580078,103.4537295627622,97.94349276085443,102.44742853549285,22899600
2020-04-08,98.74462127685547,99.99517035252723,96.38030146479728,98.21704448795762,22562500
2020-04-09,102.095703125,105.5054044245818,101.1480193292125,105.43701525652808,31453600
2020-04-13,101.11871337890625,102.45719565001681,97.31821354000789,102.3008732881964,17306000
2020-04-14,103.59049987792969,105.16345819114487,101.50950881162339,103.0726951140502,19866900
2020-04-15,100.99170684814453,102.46696000210389,100.33711627665755,101.98823581424305,14157600
2020-04-16,99.67276000976562,101.33365153944402,98.56876129620285,101.14802060073882,18029300
2020-04-17,104.17669677734375,104.3330191389698,101.94915530119586,103.76636175886608,17926900
2020-04-20,99.9072494506836,102.44742831533259,99.65322932806046,101.19687917912759,17021000
2020-04-21,98.226806640625,99.17449036331791,96.8492439211164,97.70900191474776,16101400
2020-04-22,98.66646575927734,100.26873278617897,98.56876800473181,99.45783471497622,11463800
2020-04-23,98.67623138427734,100.17102854827299,97.17166220930135,98.33428553856925,17132200
2020-04-24,98.86186218261719,99.57506245209692,97.23027922880468,99.43828411400874,13614100
2020-04-27,103.61981964111328,104.06923528570445,99.2722061035435,99.65323257295474,15518300
2020-04-28,103.76637268066406,107.52779232033377,103.54166857950126,106.28701512323758,16503700
2020-04-29,109.66738891601562,110.10703248246459,106.06228483723838,107.41053902155373,20139800
2020-04-30,105.66173553466797,107.77203536217223,104.40141437282949,106.92205669650646,18638700
2020-05-01,103.07270812988281,104.45027112444836,102.06640705355483,103.91292227113672,13209100
2020-05-04,100.80608367919922,101.44113027752792,98.2365961581683,99.66300427452418,19514800
2020-05-05,98.73484802246094,102.76005933121886,98.57853311690063,99.17449906793631,30169800
2020-05-06,98.5589828491211,102.84797855027188,96.58546163659432,99.14518420593924,51992400
2020-05-07,103.1410903930664,103.18017098467519,99.48714079704457,99.5066773659186,20868800
2020-05-08,106.64849853515625,106.66803510429541,104.17670139591779,106.54102877023888,24079700
2020-05-11,105.29046630859375,106.30653928593557,103.96176351930409,105.90597628311583,20555900
2020-05-12,102.1543197631836,106.92204729651073,102.08593059547736,106.5507854256538,17049700
2020-05-13,100.55205535888672,102.13478571988487,99.26242569750836,102.09570512967821,21085800
2020-05-14,103.47327423095703,103.48303878870303,97.36707140231103,99.63369359414999,22002200
2020-05-15,106.54102325439453,106.86342507859442,101.8709933626683,102.56466451989877,29766000
2020-05-18,114.16156768798828,117.02415589965379,111.8363283119392,111.8363283119392,40044600
2020-05-19,111.73861694335938,113.79029937272321,110.81046974526761,112.45181717953069,20332600
2020-05-20,117.16092681884766,118.08907407116214,113.37019899024473,113.74145341885425,25749900
2020-05-21,115.11901092529297,117.53218323364364,113.81960930481797,116.59426401388085,17578300
2020-05-22,115.30463409423828,115.8419828693399,114.14201826407495,114.79660135093684,9288200
2020-05-26,118.16722869873047,119.69134192296727,117.65919592655855,118.26493390256323,16466400
2020-05-27,118.73389434814453,120.9321274178945,116.95576834099009,120.83442966112227,19345400
2020-05-28,114.06385803222656,119.17353135482477,113.33111376221225,118.80226948754702,18606000
2020-05-29,114.60121154785156,115.04085514648503,111.49437541644176,113.51674938710453,17745100
2020-06-01,116.03738403320312,116.89714211541377,114.23972159559989,114.56213087642888,10538300
2020-06-02,116.0178451538086,117.0925352813034,115.11901395291189,116.26209324886925,10753100
2020-06-03,119.36893463134766,119.63271930606018,116.57473570312742,117.22931883811017,12584300
2020-06-04,120.84419250488281,121.63555396471912,119.04652261044096,119.14422035980117,14195100
2020-06-05,121.94818878173828,124.87916592674452,121.42061200117392,123.40390534334382,16581600
2020-06-08,124.35159301757812,124.50791538136481,121.08844193906684,122.2217492610781,13858100
2020-06-09,121.03959655761719,122.89588374208911,120.6683421022672,122.73956136897691,10882800
2020-06-10,119.36893463134766,121.24475829601195,118.1476941016661,121.16659711318579,11497100
2020-06-11,110.04842376708984,115.28510364773655,109.66739732591888,114.8943051954467,26078800
2020-06-12,112.83285522460938,114.30811590153067,110.29267636201419,112.52021794081091,18361900
2020-06-15,114.38627624511719,115.4023492734585,109.13982417814563,109.50131406301134,14156400
2020-06-16,115.71498107910156,118.7045754078415,113.37996986286109,118.45055529931172,12951200
2020-06-17,114.94316101074219,116.48681084082092,114.44489278379561,115.91038143045905,8921600
2020-06-18,115.64659881591797,115.80291373167518,113.26273485626864,114.19087470082806,9577300
2020-06-19,111.71907806396484,117.3563283162275,111.71907806396484,117.21954997823232,23496300
2020-06-22,113.2529525756836,113.51674468702993,110.50760642947859,111.56275996714363,12868000
2020-06-23,113.90753936767578,114.74775342082616,113.3018088553072,114.26902923598573,10187600
2020-06-24,109.49153900146484,113.33111946779543,107.4984735922231,113.18456911564256,22252500
2020-06-25,108.7978744506836,108.94442480171212,106.00367558548545,106.4823997752422,17240400
2020-06-26,106.58987426757812,108.64155691147631,105.53472063796393,108.39730880020603,15270900
2020-06-29,108.95419311523438,109.00304571854828,105.61288077511978,106.49217545774486,12584300
2020-06-30,108.94442749023438,109.47200429464029,107.4007776685127,108.9346554788952,10565900
2020-07-01,110.409912109375,112.94031882227274,109.70647639577643,110.22428116999193,11930900
2020-07-02,109.59900665283203,112.45182264386327,109.42314772440625,112.3541248955957,10312000
2020-07-06,111.7972412109375,111.89493896067293,110.30244402378975,111.21104725866434,11933400
2020-07-07,111.0156478881836,112.43229139357918,110.0191188825439,111.0156478881836,10836500
2020-07-08,113.97593688964844,114.43511705611475,110.21451018894295,110.86910076146222,13629500
2020-07-09,114.12248229980469,115.1385553120014,112.72538283976681,113.82938904585181,13582900
2020-07-10,116.59426879882812,116.69197400138076,113.53628528698566,114.14202325505401,14207900
2020-07-13,113.54605865478516,117.36609508747735,113.223649371774,117.18047159890226,15620200
2020-07-14,115.92992401123047,116.34025903826564,111.9047125617399,112.57883971605527,12425100
2020-07-15,118.11837768554688,119.28099352405002,116.9459823825134,118.83157793340492,15314200
2020-07-16,116.68220520019531,117.22931857101068,114.89430727988858,115.01154905386072,10210100
2020-07-17,115.92015838623047,116.80921766045338,114.36673647850104,116.1644065044257,9843500
2020-07-20,115.07994079589844,115.76383252469459,114.13225693323747,115.33396091824878,8947900
2020-07-21,115.89083862304688,117.620111853323,114.95292683413403,115.33395326544674,8946300
2020-07-22,116.2914047241211,116.55519684751863,115.21671456985906,115.4707346821299,7063300
2020-07-23,115.40235137939453,116.60404792395988,114.31788915886821,116.12532370845845,7255800
2020-07-24,114.90408325195312,115.49027723429876,112.87193715621808,113.03802408467484,8233300
2020-07-27,113.63397979736328,114.71844192082096,113.01847728966847,114.50350240750716,9413000
2020-07-28,113.50697326660156,114.15178435150986,112.0414847190661,112.80353757116691,6821100
2020-07-29,112.9500961303711,114.02478631927603,112.46159991233606,113.5460621126827,9496500
2020-07-30,112.99893951416016,113.61444201527573,110.76162612363828,112.26619524689204,9713500
2020-07-31,114.24949645996094,114.35696622292123,111.494378122142,112.5690682978843,9601000
2020-08-03,113.67305755615234,114.42534583401942,112.6960652136777,113.49719863635251,10229200
2020-08-04,114.59144592285156,115.62705553974833,113.09664865956144,113.29204416898543,17293900
2020-08-05,124.67400360107422,127.31188015963549,120.44362462375621,120.53155781776726,53000200
2020-08-06,127.8101577758789,128.60151926468674,122.7200206192402,124.03895891854016,27238000
2020-08-07,126.94060516357422,128.90436927052542,125.69983564895661,127.22394128510278,16088600
2020-08-10,125.82685089111328,128.29865550108323,125.53376508272154,126.76477020113191,8529200
2020-08-11,127.48773956298828,129.7055015064576,127.00900793552883,127.52681269834066,13885700
2020-08-12,128.75782775878906,129.9399951765598,127.48774950654887,127.66360099093106,12204200
2020-08-13,127.94692993164062,129.30494875719663,127.4486542718856,127.63428521118878,6468600
2020-08-14,127.52680969238281,128.06415846406512,126.75499229867194,127.01876949845406,6507600
2020-08-17,126.39349365234375,127.14578192471642,125.58258822508594,127.10670879069964,7492200
2020-08-18,125.95384979248047,126.60843286672149,125.40673647118767,126.4618899798466,6714600
2020-08-19,124.830322265625,127.22395824444573,124.49814840992252,126.27627437374265,7624200
2020-08-20,125.1722640991211,125.49467338669707,123.61884972893603,123.88264185653841,4918100
2020-08-21,124.50791931152344,125.35789796639678,124.30275179297261,124.78147600292455,6064700
2020-08-24,127.68314361572266,127.86877456346319,124.98664241014639,125.2015744844356,7613600
2020-08-25,126.80382537841797,128.0739183631914,126.3348732436947,127.81990572932455,5494400
2020-08-26,129.1388397216797,129.54918962129108,126.54005143970055,127.00900358647363,8447800
2020-08-27,130.65318298339844,133.22267763814605,129.76413127345887,129.9399827410117,13667600
2020-08-28,132.4215545654297,133.65257463475675,130.5066576473777,131.40548894266854,11020100
2020-08-31,128.83599853515625,132.4215592860919,128.23026794466983,132.13823801536455,11617500
2020-09-01,130.47732543945312,130.53594259257423,127.87852232780756,128.88482321030529,7351200
2020-09-02,132.27499389648438,132.79279865025262,130.19399541695378,130.55549272432197,8187800
2020-09-03,130.17445373535156,134.0824227647293,128.98252198877384,132.12843825004043,12079200
2020-09-04,128.95323181152344,131.776739241772,126.44235419621447,130.6727330629934,11248300
2020-09-08,131.1123809814453,133.9847411077477,127.84922984665772,128.95323606182438,17257300
2020-09-09,130.29171752929688,132.43133344245115,129.21701983985614,131.1905488205918,8891800
2020-09-10,130.15492248535156,133.60370429951485,129.68597032997928,130.50664032881085,9853400
2020-09-11,128.71876525878906,130.6629857516793,128.07394661398453,130.6629857516793,7165300
2020-09-14,128.23025512695312,129.8715952368719,127.88830181685941,129.48080423195447,8391900
2020-09-15,128.22047424316406,129.4905523012868,127.9957552816149,128.4354137408167,7289100
2020-09-16,129.05091857910156,130.54571571262625,128.3767914585472,129.12907975763022,6601000
2020-09-17,127.22396087646484,128.73830218937127,125.64123784254461,127.54637018110081,6723500
2020-09-18,125.6705322265625,127.7808243974737,125.17225658127096,126.52051081057228,9916300
2020-09-21,122.52462768554688,123.97057234863368,120.74649425700727,123.08151308822478,10352700
2020-09-22,124.28321075439453,124.53723088273574,121.83095757668667,122.37807842648783,6978800
2020-09-23,120.4436264038086,124.37114017350626,120.07237196125232,124.14642863336643,8323600
2020-09-24,119.67180633544922,120.95167154803354,118.00115009543195,119.12469293395426,8480000
2020-09-25,121.14705657958984,121.33268751926164,118.19654283614035,118.56779726162354,6851800
2020-09-28,123.09127807617188,123.94126420064468,122.48554752081371,122.85680197260939,6283700
2020-09-29,122.51484680175781,123.38436942974546,120.83441870375822,123.02287956322124,7405800
2020-09-30,121.2252197265625,122.66139975838333,120.40454222815323,120.40454222815323,13642500
2020-10-01,120.4729232788086,122.58323031489135,119.60340069093931,122.0654255663692,8908300
2020-10-02,119.73041534423828,120.83441401515175,118.8902013278404,119.18329456020658,6490200
2020-10-05,120.53156280517578,120.75626689743183,119.51548974951722,120.42409303797125,5919200
2020-10-06,118.14769744873047,121.3326949274503,117.83506016242957,120.29707786031659,9052000
2020-10-07,120.08214569091797,120.47293670810123,118.14769735887302,119.14422637886771,10187800
2020-10-08,120.25799560546875,120.90281419234776,119.6034124609903,120.7367272668283,7404600
2020-10-09,122.1045150756836,122.66140045302694,120.49247610320741,121.00050887834882,11502200
2020-10-12,122.09473419189453,123.04241795640378,120.88326577470148,122.02634502609799,10958200
2020-10-13,125.99295043945312,128.33772631036064,124.95733339414623,126.81362050349861,22389000
2020-10-14,123.67747497558594,126.52052668196845,122.40738921866277,126.16880879140854,11531500
2020-10-15,124.42975616455078,124.46883675611464,121.56716805377899,122.1240534393078,7744000
2020-10-16,123.89240264892578,125.17226029519232,123.42345047566707,124.86939503938521,6291700
2020-10-19,121.37177276611328,124.46883697792674,120.86373252873841,124.43952839766679,6576900
2020-10-20,122.07520294189453,122.83726330974253,120.79534522501152,121.71372050795031,6161200
2020-10-21,123.71654510498047,124.6251483364302,120.9907354106313,121.49877563351743,6591500
2020-10-22,124.6251449584961,125.15272918927191,123.07173066023948,123.75562234113353,5177700
2020-10-23,125.39698791503906,125.54353082061253,123.44299554568224,125.15273980060208,5439900
2020-10-26,121.20567321777344,124.1855029814325,120.12121107125229,124.1855029814325,8578900
2020-10-27,120.4729232788086,121.74301630465766,120.19936661572972,121.17635895750284,6813800
2020-10-28,115.74429321289062,118.73388763344602,115.59774285908954,118.2258548546443,11654700
2020-10-29,118.74365997314453,119.80857813624718,114.53282501570168,115.44142826714862,9583700
2020-10-30,118.46033477783203,118.94883100372,116.3500275041428,117.86436878593985,8090200
2020-11-02,117.3660888671875,120.10167044143626,117.05345161188994,119.42754333157022,9186000
2020-11-03,121.16659545898438,122.192440471456,118.57757153449411,118.81204762591085,8144900
2020-11-04,122.19244384765625,123.9412612050683,120.5706402775773,120.73672720300897,7483000
2020-11-05,124.03895568847656,125.66075921580618,122.90564836697136,123.86309675622535,7654800
2020-11-06,124.52745819091797,125.09410815339243,121.74303116769882,123.35507021920283,6259700
2020-11-09,139.309326171875,144.28221331866027,134.89333178257166,137.0329323616508,35634700
2020-11-10,138.84039306640625,139.09440572821168,134.50254434687184,136.7496298889764,18115400
2020-11-11,134.6491241455078,138.73294596249937,133.47672112668806,138.2151410892009,9600900
2020-11-12,132.40200805664062,135.30367654213725,131.01468070217038,133.20313403531998,13768200
2020-11-13,135.17665100097656,137.94154091251926,133.3789888029937,137.65820480604867,21062300
2020-11-16,141.3414764404297,141.409873058194,138.31280920816923,138.31280920816923,16382500
2020-11-17,141.17539978027344,141.4978090565874,139.28003216615417,141.07769457858288,9354900
2020-11-18,140.58921813964844,142.13286811538774,140.05188417801222,141.17541961671702,9456200
2020-11-19,138.4593505859375,140.00300021596917,138.4398065656861,139.2898000078478,8892500
2020-11-20,137.82431030273438,139.3288718786354,137.61913536125184,138.44958477564018,8481600
2020-11-23,142.62135314941406,144.35063395368113,138.43982667149538,139.17257100628564,12887000
2020-11-24,148.0045928955078,148.36607533465877,144.44834094310343,144.75120621998363,16711700
2020-11-25,145.6597900390625,146.81264879696602,143.85236308463192,146.81264879696602,9552000
2020-11-27,143.74488830566406,146.8908048451404,143.15868693632905,145.5718592179967,5306400
2020-11-30,144.60464477539062,145.2690073824607,142.92421659645757,143.67650494472588,9710100
2020-12-01,146.0017547607422,147.91665162291045,145.57187569560023,146.12876855027645,8825500
2020-12-02,150.07582092285156,150.46661196601607,144.92706619129788,146.05061652891064,10601900
2020-12-03,149.71432495117188,150.88671288258288,148.62986276037935,149.91948501261507,9063200
2020-12-04,150.5935821533203,151.1211513995866,149.2941806948923,150.15393863014535,6033300
2020-12-07,150.14418029785156,150.33959069806954,148.75685292108275,149.6556841127476,6815500
2020-12-08,150.18328857421875,151.31660345419715,148.74710840390804,148.91319534029276,7900600
2020-12-09,150.8769073486328,153.83720760746357,150.34933808835453,152.69411354604281,10804300
2020-12-10,151.13095092773438,151.76599000021815,148.99133526880286,149.7924761616917,8993200
2020-12-11,171.67710876464844,175.321286307102,161.52615814496937,165.7760662156925,87410700
2020-12-14,165.40480041503906,173.22073886434777,164.92606881823988,169.8012657927752,30939400
2020-12-15,169.9380645751953,170.4558693671739,163.95887571221462,166.56744369474484,18802600
2020-12-16,169.13693237304688,170.82714008707285,167.6714436616601,169.98692596290223,11105800
2020-12-17,169.55703735351562,170.81735101503352,168.00362298465922,169.8208294808924,9004600
2020-12-18,168.91220092773438,171.79432527857477,168.31623501862745,169.6058720315354,21172100
2020-12-21,166.76284790039062,167.9840884938287,164.3203667135145,166.1766464524515,11424200
2020-12-22,166.52835083007812,167.5053432255702,165.26803719929055,166.08870723365087,6419200
2020-12-23,169.55703735351562,171.9018131967811,168.33579682937292,168.98061540397336,9994000
2020-12-24,169.73289489746094,170.56334444663656,168.41396402889714,169.98692247650004,2721000
2020-12-28,174.74485778808594,175.78046732627277,171.02251920328507,171.7064108881518,13145400
2020-12-29,173.22076416015625,176.0540362986918,172.16561052648683,175.8684053481775,6875400
2020-12-30,177.00172424316406,179.180413280083,174.2661423418766,174.3931561336214,11680400
2020-12-31,177.01148986816406,179.18041436022435,176.12243804375692,177.05057791557752,7073500
2021-01-04,173.59201049804688,178.3890469815728,170.70988576640698,178.06663768574762,13426600
2021-01-05,174.3345184326172,176.19079794638418,172.14605018786133,172.14605018786133,7771800
2021-01-06,174.99887084960938,177.43158724974077,173.2012084429774,174.21728886948813,7517800
2021-01-07,174.4713134765625,175.8097883623356,173.49432102674933,175.37014474146403,7300800
2021-01-08,174.57876586914062,175.87816748700877,172.5368554300851,174.6960001809807,7894500
2021-01-11,174.96957397460938,177.08964579832917,173.26961665564124,173.66040767184222,6461300
2021-01-12,171.94090270996094,174.217296855326,170.8368964962388,173.2207604049549,8349800
2021-01-13,172.06788635253906,173.64084461809637,169.74265471785614,170.38745833314667,6839500
2021-01-14,169.43980407714844,174.24662035148637,169.41049549442758,172.93743905648986,8951200
2021-01-15,167.49557495117188,170.18230397914857,166.25479046227179,168.97082806884515,12232500
2021-01-19,168.29672241210938,169.71337346100526,167.4955963154156,168.14041494223025,7834700
2021-01-20,169.6449737548828,173.78742723989046,169.0196991635347,171.18862366333772,9809200
2021-01-21,167.33926391601562,170.97367698511698,167.0852512484175,169.25417565764644,8416400
2021-01-22,168.80474853515625,171.21792099659905,167.93522588075484,169.99668047593858,9517200
2021-01-25,167.93524169921875,169.1271737522737,164.88702984299823,167.93524169921875,7833700
2021-01-26,165.65882873535156,169.36163827468155,165.16056797880307,169.01968497205434,7523200
2021-01-27,159.27906799316406,162.51291041566313,156.82682246344405,161.2135087493086,18239200
2021-01-28,167.92544555664062,168.90243788143798,162.131873318578,162.34681282265097,14449100
2021-01-29,164.30081176757812,165.90307872334554,161.97556506177716,164.9163217562245,12848800
2021-02-01,167.03640747070312,167.77891639749123,164.1640471603487,166.90939367633217,8140400
2021-02-02,172.8885955810547,175.62416259509305,168.82430329202316,169.7719871889301,12215200
2021-02-03,172.3707733154297,174.32475824396946,171.71619015329549,172.92766617577004,5508600
2021-02-04,176.0833282470703,177.20687840173642,172.42938637450962,173.50406902208383,9035400
2021-02-05,176.99195861816406,178.12527345593543,175.2040606174701,177.5293074557041,6640500
2021-02-08,185.62857055664062,186.25384514536464,179.08272394487193,179.62007278855398,16085700
2021-02-09,183.87974548339844,184.89581101624373,181.75965886444422,183.84065743921926,11270800
2021-02-10,185.26705932617188,186.31243336171548,181.53494148965225,185.60899769522715,11464600
2021-02-11,186.51763916015625,186.84981302768546,183.74298407657886,184.82743142509088,17507900
2021-02-12,183.3521728515625,189.38999399558628,182.2677106265919,188.55954444298183,27233800
2021-02-16,182.0625457763672,184.10445638262863,180.6068216850273,182.99068560578405,11630700
2021-02-17,182.15048217773438,183.31310562579483,177.9689555141416,181.09532849985737,11391800
2021-02-18,178.7896270751953,182.11139560421378,178.63330469771336,180.53843708664226,12380900
2021-02-19,179.42466735839844,180.52867365815513,178.58445320882802,180.03041284800108,8834500
2021-02-22,187.34805297851562,189.55606529302986,177.3534251289375,177.55860008764884,18799600
2021-02-23,192.55543518066406,194.36287714610313,184.31939612025437,189.1359616627037,23191400
2021-02-24,192.96575927734375,195.9846770562537,190.83592304828844,193.0341558995328,16205900
2021-02-25,186.58599853515625,193.40541600717472,185.99981205814444,193.18069702865242,12712000
2021-02-26,184.69064331054688,187.201521023626,181.1832440475563,185.6969592334693,15844000
2021-03-01,190.49398803710938,192.36981179462668,186.98658864010133,188.7842512109235,10709900
2021-03-02,189.47792053222656,193.4054344050115,189.03827690571615,191.58822782874282,8371400
2021-03-03,187.83656311035156,192.28188174034565,187.7877254140185,190.15204535459702,8750300
2021-03-04,183.70387268066406,188.05148571111863,179.88382896642585,185.5308436275952,12542600
2021-03-05,185.61880493164062,186.18546235374595,179.12179605487242,184.79811992613378,10266400
2021-03-08,197.2645263671875,198.3489884577074,189.3313384524658,192.7703556533148,25093200
2021-03-09,190.0347900390625,197.059367916396,189.8980116967213,195.58411473059317,23331000
2021-03-10,190.5721435546875,194.22610065844725,190.20088165586034,192.77037655153373,13662100
2021-03-11,192.22323608398438,194.47032136790776,190.90429050863037,192.83874600684553,11933900
2021-03-12,192.6238250732422,193.8450655726804,190.689369388573,192.00831509105464,13249100
2021-03-15,192.2330322265625,193.9720776232726,190.32789989957357,193.9720776232726,10311400
2021-03-16,189.77102661132812,192.0669500180368,188.4423162287106,191.588233238912,9680700
2021-03-17,190.74801635742188,191.67615622796262,187.36761583148234,188.98942691929503,14418700
2021-03-18,187.85609436035156,190.59167601647607,187.32852503250817,190.46466223611424,9644500
2021-03-19,186.74232482910156,189.53652366082252,185.39407056042506,186.52738531068297,28354600
2021-03-22,188.42274475097656,191.81290938970378,187.58253073574724,188.81353572692132,8838500
2021-03-23,184.3877716064453,187.91471476921413,183.64526274870698,187.18197046870307,10701200
2021-03-24,180.47003173828125,186.11704644298896,180.39187055977243,185.6871674150507,13549100
2021-03-25,182.60964965820312,183.39124654517917,176.8453856610103,177.66607059158153,9609200
2021-03-26,181.64242553710938,184.63201990110846,178.3695099360114,184.48547700394028,10196100
2021-03-29,180.59706115722656,181.6619793546593,178.93616205858478,180.9780876181301,7544700
2021-03-30,181.26141357421875,182.03324598154063,179.33673719650602,179.600529340199,5929700
2021-03-31,180.27464294433594,182.5998747335598,180.17693774063935,181.55450061106745,8478000
2021-04-01,184.6222381591797,184.7492519300503,181.31999937830045,182.14066934149614,7749400
2021-04-05,184.16307067871094,187.2601348529224,183.76250020972645,187.0647393509879,7405300
2021-04-06,185.36476135253906,186.8791025334528,183.54755491698677,184.16306489107214,7926200
2021-04-07,183.2447052001953,185.95097851496126,182.64873919747188,185.43317369872702,6238700
2021-04-08,183.01023864746094,183.7234389842371,181.35911896977896,182.89298941252133,7763000
2021-04-09,183.56710815429688,183.88951744701663,181.86713594933494,183.8406648436855,6089300
2021-04-12,182.19932556152344,183.5280358766636,181.2125536558613,183.43033066954328,6662500
2021-04-13,181.2223358154297,182.15047566598525,180.35281312692914,181.32002611628081,6826500
2021-04-14,183.14700317382812,186.01934832789436,181.43726646159482,181.69127912063277,9089900
2021-04-15,181.6521759033203,184.55384430233443,181.42747184264306,183.7624829040069,7262500
2021-04-16,182.9515838623047,185.11074353606816,181.91597434653156,183.25446401621673,9453500
2021-04-19,183.11769104003906,185.95097814061134,181.37864564039077,183.19585222637093,7625800
2021-04-20,178.58444213867188,183.75274051168435,177.63677318384234,182.9809081332083,10765800
2021-04-21,178.89706420898438,179.16085630939472,174.74484685136397,177.11893103189794,8400200
2021-04-22,178.55514526367188,180.62637951635637,177.0896565027522,179.98156088369828,7378300
2021-04-23,178.8091583251953,179.66890152448127,177.7735487368754,178.15457518744068,6075500
2021-04-26,180.0303955078125,181.32979720162726,179.04362363308368,179.72753024604384,6178300
2021-04-27,180.39186096191406,181.53494018481135,179.91312935941394,180.73381423623124,4870000
2021-04-28,179.17063903808594,180.5384224609408,178.6137611115383,180.5384224609408,5199300
2021-04-29,181.0659942626953,181.28093377260763,178.5453522073127,180.54818950910294,5958300
2021-04-30,181.74012756347656,182.0332282604104,179.31717571602934,180.04992000450363,7866300
2021-05-03,181.24185180664062,184.86650011102932,180.98783915355543,183.371702955982,7542800
2021-05-04,180.01084899902344,181.35910327624393,178.1154813651688,180.61657951419397,7069300
2021-05-05,177.33387756347656,180.75335081704878,177.18733467284017,180.75335081704878,5901700
2021-05-06,177.60745239257812,178.77985526843582,175.67301149976782,178.57468029284416,6944900
2021-05-07,180.5872802734375,180.86083696590072,177.33389363694113,177.8126253026126,6888400
2021-05-10,180.05970764160156,182.66827563803773,179.79591551161636,181.42749107907773,8260300
2021-05-11,177.49021911621094,178.05687653416263,174.3247581666015,177.6172329069807,10865600
2021-05-12,173.75811767578125,178.26205358271994,173.49432553331752,176.5425372854419,8988100
2021-05-13,174.23683166503906,176.59138707049897,171.75527737708362,174.26614024620895,12332200
2021-05-14,169.70358276367188,170.88575016792663,164.89678177846798,168.95129441550978,33149400
2021-05-17,166.1668701171875,169.0099215950596,164.6916169516548,168.7265854491394,17771600
2021-05-18,165.7760772705078,167.31972718174364,165.55137317370097,166.3427346992695,10401000
2021-05-19,165.37551879882812,165.50251768208412,163.2554469377546,163.85141293798057,9251000
2021-05-20,167.4174041748047,167.94497346702093,165.0921576879664,165.31687665461894,7400700
2021-05-21,168.43348693847656,169.1369226722145,167.57374374769117,168.2576354589027,8105700
2021-05-24,170.29954528808594,171.0811422007796,167.79844709364315,168.48233880185467,7346700
2021-05-25,172.11676025390625,173.36730941273782,171.3644718839504,171.55988230254187,8089700
2021-05-26,172.4098358154297,173.80692767661446,172.14604371500218,172.55637870026735,8086200
2021-05-27,174.9207000732422,175.45804883588508,172.72246733238296,173.12303776523675,13567800
2021-05-28,174.5396728515625,175.99539678220296,173.98279497847548,175.37988684714696,7124800
2021-06-01,174.72531127929688,176.84538292606723,174.62762098726108,176.0344774727959,7475600
2021-06-02,172.92767333984375,174.97936356289702,172.8592767088048,174.92073149012538,7851700
2021-06-03,172.1851348876953,172.89833511974268,171.38399401542623,172.2144434651959,5583900
2021-06-04,173.10350036621094,173.4356891007373,171.56963010259508,171.88225990790642,6343400
2021-06-07,172.9178924560547,173.97304605048672,172.34145560280862,173.87534084614776,5178100
2021-06-08,172.27308654785156,173.0449040510611,171.15931571204354,171.92136865718996,5356200
2021-06-09,171.98974609375,173.25007471543574,171.83343863002338,172.25353823210406,5082400
2021-06-10,172.50755310058594,173.5236186246836,171.51101669068885,172.38053931967843,5253000
2021-06-11,173.29891967773438,174.38338185678685,172.7420268444031,173.36730139490138,5476300
2021-06-14,174.0804901123047,174.75461722037596,172.82994109444383,173.56268535839607,10170000
2021-06-15,171.8138885498047,174.58854346045337,171.57940500089808,174.08050322501643,7895000
2021-06-16,170.64151000976562,172.20468903198827,169.5570477614504,171.96044091216703,8336000
2021-06-17,170.63172912597656,172.204687600862,169.84036760956798,170.57311196294216,8906000
2021-06-18,168.45303344726562,169.85990493550602,168.15993273592863,169.1564691913858,12357500
2021-06-21,169.96737670898438,170.25069795840304,167.36857322957613,168.16971418952127,9196900
2021-06-22,169.50819396972656,170.68058195511975,168.3846585895002,170.35817265028527,8097100
2021-06-23,171.2960662841797,171.41330059281407,168.96105522165283,169.62540284754073,9174200
2021-06-24,173.8362579345703,174.13913811387647,171.73573014874592,172.07768346630877,7549400
2021-06-25,174.24661254882812,174.9695774338656,173.40639843043496,174.7155647590851,7431800
2021-06-28,172.50755310058594,174.54946361360228,170.96390333865776,174.39314125367318,9881400
2021-06-29,169.92828369140625,172.9472015855104,169.8012848146273,172.57593969710769,13498300
2021-06-30,171.72596740722656,171.9311274737567,169.3518679976113,169.88921682758362,7481900
2021-07-01,173.18167114257812,173.5138598955151,170.58288263314304,171.31562694873605,5887100
2021-07-02,173.03514099121094,174.2563816071763,170.60242431742785,173.76788536079016,11099300
2021-07-06,169.69383239746094,172.9276752384356,168.2576522071002,172.6931916679423,11557900
2021-07-07,168.84384155273438,170.3093302206868,168.0329360342074,168.88291469114893,6757300
2021-07-08,168.82427978515625,169.75241952909505,165.90306731396268,166.26454971025925,6960100
2021-07-09,172.96670532226562,173.43567234651013,169.92825875921505,170.68054698301984,7873300
2021-07-12,180.1378631591797,180.73382911841895,173.2891369065296,173.62132565180133,21835500
2021-07-13,179.42466735839844,181.39819639022153,177.65631331176968,179.85454644530273,12534600
2021-07-14,179.19993591308594,182.00389920065044,177.89076973561933,180.93898111186283,8787300
2021-07-15,179.9131317138672,181.15391614786984,178.83844909485725,179.2292400640027,7867000
2021-07-16,175.1844940185547,181.0269040348714,174.803467602441,180.6849656606627,8348800
2021-07-19,168.97084045410156,172.41962259382169,168.1990229816161,171.6673491444067,14651800
2021-07-20,172.68341064453125,173.4259195187125,168.89267527547042,169.7035807749201,8372400
2021-07-21,172.82017517089844,173.80693207177072,171.28630494250407,172.43914875296556,6302200
2021-07-22,171.10069274902344,172.65410716857727,169.89898130048851,172.6345631453912,5713700
2021-07-23,172.0874481201172,172.43916599551036,170.0259934713974,171.6184959221668,5126300
2021-07-26,174.6276092529297,174.66668238557435,171.3058264847951,171.57938313646602,5641000
2021-07-27,175.37014770507812,175.42876486782203,172.50756693445663,174.14890712217368,6684100
2021-07-28,174.97935485839844,176.20059542857786,173.46501356983157,175.5557768296699,5926900
2021-07-29,174.24661254882812,177.24597167216015,174.1684513624983,175.67301320311208,6209100
2021-07-30,171.97021484375,175.0770436721891,171.11045671917591,173.44546807321538,6813400
2021-08-02,171.51101684570312,174.70578613143317,171.27653330559755,173.1425923461708,5847200
2021-08-03,169.00991821289062,172.07767370847606,166.98753681826074,171.97020394971233,9931300
2021-08-04,168.60935974121094,169.2639428973998,167.39788372973976,168.53119855585263,5665800
2021-08-05,172.6443328857422,173.04488843830202,168.52142378130753,168.52142378130753,8864200
2021-08-06,173.05465698242188,174.69599694869495,172.56616081516634,173.34774275659925,5505200
2021-08-09,172.6540985107422,173.23052045019165,171.03228754522456,172.92765519074266,5339000
2021-08-10,172.9960479736328,173.31844234040884,171.5403239598849,172.19490706590398,5185000
2021-08-11,173.99256896972656,174.38337486544563,172.4489192240076,173.2793687081551,5359900
2021-08-12,175.1649627685547,175.58507725720315,172.39030789980515,173.99257485716822,11081300
2021-08-13,176.91378784179688,183.26423852295247,176.718392340844,182.00390996252236,32504600
2021-08-16,174.96957397460938,176.4350626469456,172.44893166926448,176.35690146216106,8746700
2021-08-17,171.78457641601562,174.34429174747842,170.89550974932308,173.07419863902064,8534500
2021-08-18,170.7196502685547,172.72247267938565,170.4851667354916,171.85295007572546,7063500
2021-08-19,169.26393127441406,170.66102323398897,168.589804141246,169.9966755656453,8478600
2021-08-20,171.09091186523438,171.1788525149818,168.67773933815917,169.0196926563329,6239600
2021-08-23,173.57249450683594,174.20753368110942,171.86275759855204,173.00583705687797,7395900
2021-08-24,174.36383056640625,175.9367888883373,173.67015941993355,173.82648177797256,5886900
2021-08-25,174.20750427246094,174.48106093898838,172.8104123618187,174.0609613824356,4842100
2021-08-26,172.49777221679688,174.82301885152233,172.28283270059265,174.23681746047066,4563000
2021-08-27,175.99542236328125,176.38621338689077,172.22423084533355,172.22423084533355,8697000
2021-08-30,175.83908081054688,177.21664361624974,174.75461869444126,176.34712101200077,6421300
2021-08-31,177.12872314453125,178.77006320269078,174.42245005226974,175.12588576511547,8620000
2021-09-01,179.258544921875,179.97176004196083,177.5976609758886,177.77352734375893,7302800
2021-09-02,177.67584228515625,181.0366985987411,177.3729770198718,179.9229278350737,6492600
2021-09-03,176.83563232421875,177.6367732838249,175.00866122482066,177.6367732838249,6847400
2021-09-07,180.09877014160156,181.2809374702323,175.90747942826093,176.85516322100807,10702900
2021-09-08,180.89016723632812,183.14703258134165,179.688470556938,180.09880564483404,8634000
2021-09-09,181.63265991210938,183.26423542444803,180.32349367936638,180.89013615023296,7190700
2021-09-10,179.8838348388672,182.79528290696794,179.77636507920278,182.07230316852372,5572200
2021-09-13,180.72406005859375,181.5252010269873,179.2781154001011,180.8608384059144,6818200
2021-09-14,178.20343017578125,180.87063049628858,177.95918204510846,180.70454355635783,6185900
2021-09-15,180.1671600341797,180.4114081178741,176.93331779130122,177.8712220843645,5933400
2021-09-16,179.12179565429688,180.39188884529798,177.92986364972742,179.73730568012002,5678200
2021-09-17,179.248779296875,181.6228634410734,178.5257996247755,178.7016659915973,10035100
2021-09-20,174.5006103515625,176.71838723802722,172.4880084251925,175.6046165162632,8056600
2021-09-21,167.23179626464844,178.03733040142347,165.14103301311803,176.17128614747284,23216000
2021-09-22,169.65472412109375,171.305843660618,167.71051878805,168.96106786613632,14214500
2021-09-23,172.19491577148438,173.11329104083438,170.35816523278436,170.91505807353883,8052900
2021-09-24,171.95065307617188,172.63454473754445,171.05182190583648,171.2667614147993,5712800
2021-09-27,174.15866088867188,175.32128423679285,171.91159028154038,172.56617340449063,7755000
2021-09-28,170.50473022460938,173.90465984975705,169.8599116158525,173.66041173199056,9133100
2021-09-29,168.70704650878906,170.93460297554356,168.61912076749812,170.2409317873426,6240800
2021-09-30,165.27781677246094,169.68404750967017,165.20943505057866,169.11740498759792,13978000
2021-10-01,171.96041870117188,173.24029120620906,168.01337615407184,168.31624139829555,12165000
2021-10-04,169.46910095214844,171.91158184677474,168.69726864112315,171.52077595900235,7200600
2021-10-05,170.5926513671875,172.18515382253634,169.6156589224771,169.83059845293113,6798200
2021-10-06,171.44264221191406,171.66736122373288,167.60306878694348,169.01970495094153,6005200
2021-10-07,173.62132263183594,175.4971462149149,173.25006075648926,173.6115431670822,7780000
2021-10-08,172.6736602783203,174.49086692948643,172.34147149756333,173.83626883394098,4132200
2021-10-11,169.52772521972656,172.45870241622663,169.4886371754495,171.97020621680997,8046300
2021-10-12,169.14669799804688,170.4754082506227,168.5800406204183,169.62541473031936,5188400
2021-10-13,168.98062133789062,169.70358621262912,167.0070924074117,169.63520449289086,8914700
2021-10-14,170.39724731445312,171.97020566786261,169.99667685435708,170.06507347776312,7450200
2021-10-15,172.4001007080078,174.77418529423198,170.09439784381544,171.64781231932426,13943900
2021-10-18,167.2024688720703,169.3518490436783,165.89330271118507,168.39440072234493,20494800
2021-10-19,167.24154663085938,167.63235252323454,166.26455426150218,167.49557418783337,9669500
2021-10-20,166.6260528564453,167.0852404661911,165.97146975286998,167.03638786580356,9737600
2021-10-21,167.39788818359375,168.53120303986003,166.18642704761174,166.28411735111746,7509000
2021-10-22,165.5220489501953,166.8703032190722,164.72092294228756,166.64559914349968,7854300
2021-10-25,168.05245971679688,168.59958799096455,165.14102649808015,165.99100512754373,9798700
2021-10-26,168.08175659179688,169.13691011406024,166.78236989083302,168.97082320422064,5850200
2021-10-27,165.64906311035156,168.08176462644786,165.53181388601524,167.81798741406303,7054700
2021-10-28,165.7760772705078,166.43067535256105,164.72093850823128,165.58068175555744,7884500
2021-10-29,165.1801300048828,166.5381489907609,164.28128378133013,165.1312773980798,7598800
2021-11-01,166.27435302734375,167.30996267384117,165.1996553332112,165.31690456839434,8182900
2021-11-02,165.92262268066406,166.919159112434,165.09217316956892,166.11801818100378,6777200
2021-11-03,166.1668701171875,166.27433987810187,164.496206544377,165.79560823262494,6829300
2021-11-04,166.36227416992188,166.4990525174159,164.78931571987982,166.11802605598817,7505500
2021-11-05,171.58917236328125,172.91788256459049,168.36509460489796,169.50817387321453,16859200
2021-11-08,172.80064392089844,175.12589064243758,172.04837049381794,174.57877727448042,10584600
2021-11-09,171.08114624023438,173.04489567183444,169.22486657301368,172.8788087464702,7293300
2021-11-10,170.43630981445312,172.80062947560592,169.8696524713755,170.67079334157074,11045800
2021-11-11,158.38023376464844,160.18767561300854,154.6872037970889,159.14228662095624,62366500
2021-11-12,155.95729064941406,159.84571595466235,155.27338409118113,159.75779022267923,25638400
2021-11-15,154.78489685058594,157.02221776707472,154.03262344550419,156.4067077922617,21285300
2021-11-16,155.17572021484375,156.5532832145982,154.90216350807694,155.40042431517597,15516200
2021-11-17,153.710205078125,155.23431072779195,153.14354773776066,155.0779883771287,14695500
2021-11-18,152.00047302246094,153.68090107278314,150.17350208135727,153.47572611796878,14487700
2021-11-19,150.4568328857422,151.6390002749561,149.25513638166086,151.45336932966686,16776500
2021-11-22,150.6131591796875,152.23497021926258,149.05974476709625,149.70454845212925,12790400
2021-11-23,147.55516052246094,150.70107723333692,146.73449048685526,150.3005067727243,17382900
2021-11-24,147.85801696777344,147.92641358719118,145.37646298675867,147.22297791067737,14123700
2021-11-26,144.70233154296875,145.42531121871093,142.49433429048204,143.42247400287727,12027700
2021-11-29,144.40924072265625,145.86496472978988,140.93115024905862,145.3862330987329,21231300
2021-11-30,141.56619262695312,143.89143930663224,139.81738279244988,143.3443259485244,26011100
2021-12-01,138.8794708251953,144.95636505772248,138.77200105937035,143.32478945490493,16469000
2021-12-02,143.81326293945312,144.25290649095578,139.48519422538928,139.55357593407135,18177700
2021-12-03,142.85581970214844,144.90750955847955,140.99954023801638,144.40923392917978,14975600
2021-12-06,146.91033935546875,147.27183667318428,143.29547053235785,143.89143648024495,14333900
2021-12-07,147.34022521972656,149.2453574668122,146.27530705439682,148.3465262247954,14661100
2021-12-08,149.81201171875,150.1246564438764,147.0959740270286,147.43792733167047,12886300
2021-12-09,149.4212188720703,150.7401496571176,148.20974293877012,148.7666357581187,11862300
2021-12-10,149.19651794433594,151.1016501680869,147.9654979630498,150.0464965731507,10247900
2021-12-13,146.96896362304688,148.9913451024387,145.85519285268833,148.6200832097454,10195800
2021-12-14,145.66958618164062,148.13159652219693,145.1029287486713,145.82589365012828,10872000
2021-12-15,146.93966674804688,147.4477070246679,143.9598515348036,145.33739963660136,12231500
2021-12-16,145.32762145996094,148.5614639623388,145.16153453864752,147.86780769730754,11145600
2021-12-17,145.33738708496094,146.39254068786894,143.1977862068733,145.09313897987263,13785000
2021-12-20,143.10008239746094,144.33108749233278,141.74206351623354,143.59834316992115,11201900
2021-12-21,147.57470703125,147.94595401110578,143.99891122021637,144.16499814157416,10781400
2021-12-22,148.3856201171875,148.69824995347173,146.42185572473835,146.95920456117275,7820400
2021-12-23,150.09535217285156,150.64246554980667,148.4344531114531,148.81549447153412,6572400
2021-12-27,149.28445434570312,150.47638636727558,147.91665592522017,149.36261553324977,7762000
2021-12-28,151.6292266845703,152.8993198630602,148.90342428283094,149.10858435093635,12198700
2021-12-29,151.3068084716797,152.332653474947,150.632681329312,151.0039432124063,8737000
2021-12-30,152.3424072265625,153.45619279684482,151.93207223590477,152.12748262854933,7228400
2021-12-31,151.32635498046875,152.9677099942114,151.179812080903,152.28380337564792,6410200
2022-01-03,153.1533203125,153.9349171990162,151.78553694188713,152.24472455367587,10222800
2022-01-04,152.14703369140625,156.63144047367956,151.9711822019205,154.9412327613267,16582000
2022-01-05,151.6194610595703,155.71306181999404,151.53153531671543,152.9188628100722,12272100
2022-01-06,153.2900848388672,154.14007827119408,150.14416846216875,152.64528125522662,11095300
2022-01-07,154.19871520996094,155.63489525785914,152.69413853705748,153.29010450868682,9554600
2022-01-10,152.9970245361328,154.62860014833637,151.09187732121057,154.34526398783984,8672900
2022-01-11,154.25735473632812,154.5797640701265,152.36198678427172,153.01657001069017,8042600
2022-01-12,154.16940307617188,155.33202641269116,152.7332230613799,154.85329477185354,6995600
2022-01-13,151.86370849609375,154.88261158243608,151.59991636098255,154.0717060617029,9680600
2022-01-14,148.44422912597656,149.10857680891533,145.0052116694176,148.8447995918361,16832000
2022-01-18,148.7666473388672,149.60686145800818,146.38278333071264,147.63333249765898,10419500
2022-01-19,146.65634155273438,149.3430708687704,146.50979864403945,147.36954188791992,10413200
2022-01-20,144.22361755371094,149.14766774266542,143.76442991960585,147.4379309924465,11760400
2022-01-21,134.21920776367188,138.60589367650542,133.4864635341996,137.98061919699785,34491800
2022-01-24,134.29739379882812,134.51231843082587,126.28604348065751,131.71813422991008,31419500
2022-01-25,133.3692169189453,134.58069276872422,129.33424875394556,132.17728508982796,14694400
2022-01-26,130.52618408203125,135.02033995287172,129.2170030015697,134.5416232417297,14569900
2022-01-27,132.3043212890625,134.73703795745377,130.93653776530175,131.96238286198346,11913900
2022-01-28,135.44044494628906,135.49906209802688,130.48708691637626,132.09913312776172,10011700
2022-01-31,139.6806182861328,139.85646977963103,135.2841520560089,135.6651785329774,10185500
2022-02-01,141.1656494140625,141.36104492936528,138.9771808825935,139.72946926961757,8573300
2022-02-02,139.33865356445312,141.26332981610742,138.12719250985896,140.87253881289405,9529900
2022-02-03,136.80825805664062,138.77200760731404,136.04620510218692,136.77894947437105,9820600
2022-02-04,138.75245666503906,139.89553591691202,136.31974036527657,136.81800109320474,8061100
2022-02-07,139.23118591308594,140.77483574230573,138.3518986886657,140.09094402245427,10937500
2022-02-08,139.20188903808594,139.6024595461543,137.50193160689682,138.527761819074,9231700
2022-02-09,143.84259033203125,143.9598395600971,139.95416466081764,141.04839140462335,22877400
2022-02-10,148.65916442871094,153.87630017093934,147.6333194460272,152.43035561968532,42500300
2022-02-11,146.03106689453125,151.13096882284174,145.14200016160507,150.0074185283911,17975200
2022-02-14,147.3793182373047,150.19304637880586,145.77705120265756,145.93335866605295,14694700
2022-02-15,151.16026306152344,151.2872768420959,149.00110333039493,150.00740429473805,12726000
2022-02-16,152.7527618408203,153.12400880132256,150.2125757352179,151.41427216693796,10656400
2022-02-17,149.43096923828125,151.78552425810696,149.0987954342788,151.1309412063188,8110300
2022-02-18,147.87757873535156,150.14419348123909,146.59772100323673,149.3919200236845,10785500
2022-02-22,144.68280029296875,147.3206767796616,144.2138481172218,146.7344902869081,12227200
2022-02-23,142.51388549804688,146.29485645890207,142.1524030579924,146.0603729015111,9300700
2022-02-24,145.962646484375,146.12874829738567,136.7789246495636,136.7789246495636,12475500
2022-02-25,146.08966064453125,146.82240488567257,143.83281076705114,146.11896922155933,10149500
2022-02-28,145.04429626464844,146.04081776535702,143.09031149157488,144.42878629065962,10834700
2022-03-01,142.34780883789062,144.7414375581828,140.47198496660246,144.45811628348594,8944000
2022-03-02,143.95005798339844,145.05406417618636,142.56273055136,142.94375699461196,7851000
2022-03-03,142.22079467773438,145.2299182324839,141.1265530228314,143.92075195885997,8048400
2022-03-04,137.4823760986328,140.94092274537022,136.33929674315888,140.69667463759234,12913000
2022-03-07,130.428466796875,137.64843900677528,130.36984964647095,137.05247313146958,14549700
2022-03-08,128.71876525878906,132.37272267162524,126.31535708620981,129.9595499405694,16552000
2022-03-09,130.57504272460938,132.3824848274084,130.29172145670142,132.37272026910904,14673100
2022-03-10,130.56527709960938,131.11239051435666,128.59174807550878,129.31472789226626,8447200
2022-03-11,128.71876525878906,133.02730587490638,128.54291375987302,131.97215215824156,7058400
2022-03-14,126.06132507324219,130.00838262031075,125.42628599197786,127.9664572247557,9971500
2022-03-15,131.1123809814453,131.46409885217054,126.5302841045078,126.75500309672209,9834800
2022-03-16,134.96173095703125,135.78240100379674,131.8353582257429,132.5290144887038,10638700
2022-03-17,136.26113891601562,136.26113891601562,133.4180872936002,134.27784542462607,6816000
2022-03-18,137.07205200195312,137.4921516251399,135.11806698384325,136.33930762016192,11308800
2022-03-21,135.43067932128906,136.09504189354905,133.73072211630864,135.70423599583123,9090300
2022-03-22,136.8863983154297,138.9185441858333,135.70423101632733,135.86055336967843,8511600
2022-03-23,134.47325134277344,136.54447073759457,134.37554612660443,135.87035841383099,8761300
2022-03-24,135.7628631591797,136.0657284016498,134.24852203910902,135.39160129668335,5858800
2022-03-25,135.938720703125,137.15019663488437,134.94218429002814,136.07549904157196,5949400
2022-03-28,135.52838134765625,136.41744797295064,133.14451760444598,135.68470370308125,8456100
2022-03-29,139.1042022705078,141.13634853759217,137.716874656077,137.716874656077,11280700
2022-03-30,137.7168731689453,139.9737235211391,136.85711497469134,138.05881160877058,7922400
2022-03-31,134.0042724609375,137.63868514557228,133.95541986256532,136.9157054497359,12306500
2022-04-01,133.8479461669922,134.9226436686471,132.41176628192588,134.18011997378753,10341000
2022-04-04,135.3916015625,136.0559492043555,133.74048210685532,133.81864328373013,8174600
2022-04-05,132.4997100830078,135.99734481084795,132.02099332784135,134.57094419525757,8694100
2022-04-06,129.51988220214844,130.84857747860138,127.80036613573621,130.67272601238383,11679700
2022-04-07,128.83599853515625,130.14517983870826,127.0285713220936,129.94976940899534,9858700
2022-04-08,128.83599853515625,130.05723918224834,127.62453735418345,128.9630123329251,6702000
2022-04-11,127.64405822753906,129.38310360407033,127.04809223393757,127.04809223393757,9915300
2022-04-12,127.82969665527344,130.14517904529546,127.15556943695269,128.7773805842573,7885600
2022-04-13,129.30496215820312,129.83253154399125,127.74176820937801,128.03486893824802,7694500
2022-04-14,127.46818542480469,130.51639660286233,127.35095112033147,129.75434380834793,7283500
2022-04-18,124.830322265625,127.22395824444573,123.9021824181167,127.07741533978927,10571000
2022-04-19,128.8652801513672,130.1256085837512,124.84984860156105,125.14294182321284,12767200
2022-04-20,121.70394897460938,124.41998678799857,121.25453334289887,123.14990107764996,36465700
2022-04-21,118.86090087890625,123.54068799098718,118.48963899044763,122.6516287686554,18688600
2022-04-22,115.54888916015625,119.08560437108706,115.43165484131625,117.24886132194175,19472800
2022-04-25,117.19023132324219,117.5614931928025,114.06385873350395,114.95292536444026,16491000
2022-04-26,113.10641479492188,116.40865410881709,112.9794084574109,116.40865410881709,16116000
2022-04-27,112.55929565429688,114.21041522699348,110.78116975057002,112.77423517901012,15553000
2022-04-28,112.637451171875,113.33111485974295,110.09727250199764,112.56906200416577,23192100
2022-04-29,109.06165313720703,113.32134037131752,108.79786848291316,112.54951552183978,16907000
2022-05-02,110.88864135742188,111.04496372485377,108.45593228168367,109.13982400454638,14300700
2022-05-03,110.93748474121094,112.18803376129586,110.0972707207426,111.42598091804787,11149500
2022-05-04,113.51675415039062,113.76100226073824,109.25706650961945,110.76163576382402,11488300
2022-05-05,110.01911926269531,112.61791527704014,108.9151204889054,112.10011047646735,12720200
2022-05-06,107.75249481201172,109.51107669432031,105.80828198481287,109.19843941831918,12525200
2022-05-09,104.5186538696289,108.19214005471062,104.03015765262604,105.62265263666548,17941600
2022-05-10,105.20255279541016,108.15306686843884,103.69798344955589,107.3128527213532,15657700
2022-05-11,102.78936767578125,107.53755125138281,102.37903266402812,105.41747957013126,26933300
2022-05-12,101.91007995605469,102.58420713100821,97.18144008139285,100.53252447916022,36298800
2022-05-13,104.860595703125,105.21231356216664,102.88706688807355,102.93591948944173,16782600
2022-05-16,102.76006317138672,105.14392706461497,102.43765388342835,104.98760469935249,11993600
2022-05-17,106.14045715332031,106.28700750880569,103.8542984416472,105.25139791673435,11847600
2022-05-18,101.90030670166016,105.18300164599955,101.48996424322257,104.9094375224211,11794000
2022-05-19,100.7669906616211,102.87729772131541,100.5911317399799,101.05031933836858,11285000
2022-05-20,100.06356048583984,102.38880718380467,97.7480932528816,102.08593446916137,15650400
2022-05-23,103.39510345458984,103.5904989454367,99.22334189488167,101.37272956349807,14402400
2022-05-24,99.25264739990234,101.45088014623515,97.82623949007848,101.32387382650327,13970200
2022-05-25,100.88424682617188,101.42158822453598,98.83256408343559,99.09634877661634,11026600
2022-05-26,103.18016815185547,103.68820092109999,101.56812919809074,101.82214930964325,11297800
2022-05-27,106.8048095703125,106.85366217217708,104.07899986197233,104.43071772458788,13671300
2022-05-31,107.89903259277344,108.68062196477152,105.42724325274818,107.46915359316564,20274600
2022-06-01,106.67780303955078,110.25359136424663,105.77896436241815,109.43292132226613,11829700
2022-06-02,108.31914520263672,108.39729892618989,105.42724872308558,106.91227382463774,8829900
2022-06-03,106.16976928710938,107.32262069292666,105.43702493901857,106.6582655191699,6767600
2022-06-06,105.34908294677734,107.65478540279612,105.17322403220439,107.22490639964894,7575900
2022-06-07,105.31000518798828,105.43701150875638,103.56118800550755,104.33301284831369,7279100
2022-06-08,104.870361328125,106.84389016327138,104.49910689707217,104.958294520711,7019500
2022-06-09,100.9233169555664,104.59680297835442,100.87446435448012,104.0789982038256,8261200
2022-06-10,97.11305236816406,99.7704730616521,97.09350834473082,99.09634587656346,15369700
2022-06-13,93.50794219970703,95.36422926020981,92.64819156658997,95.36422926020981,15239700
2022-06-14,92.0522232055664,94.05505311158332,90.95798905694105,94.05505311158332,12443700
2022-06-15,93.67402648925781,95.06136133050745,91.92520923873451,92.43324944929363,11751600
2022-06-16,92.11084747314453,93.18553768296992,91.26086880768834,91.84706278996937,15298500
2022-06-17,92.1694564819336,93.76195881332688,91.31947789166624,91.84705466520816,15403800
2022-06-21,91.14363098144531,93.2539308999265,91.12408695733406,92.7165894986465,16649800
2022-06-22,91.34879302978516,92.43325523318559,89.89307638302255,90.04939129722634,11403500
2022-06-23,92.13038635253906,92.47233220195623,89.95169001963453,91.79820506034775,11348800
2022-06-24,95.53031921386719,96.30214413288687,93.20507989922643,93.25392504871735,11681200
2022-06-27,94.38723754882812,95.96996794014755,93.59587608009869,95.96019592894358,10793700
2022-06-28,93.7131118774414,98.09004123330075,93.57633353387024,97.4452226531561,16812400
2022-06-29,93.44933319091797,93.98667458828324,92.3550989183574,93.74242646570053,8653200
2022-06-30,92.22808837890625,93.24416141705238,90.41088183331847,92.24762494812447,10983500
2022-07-01,93.92804718017578,94.09413409649169,91.81774750722117,92.07176016022417,10543400
2022-07-05,94.94412231445312,94.99297491629795,90.18616661378226,92.09130627782302,10660600
2022-07-06,93.86943817138672,95.9308928764278,93.20508299458872,95.28607426930284,8640200
2022-07-07,95.18836975097656,95.2860675001232,93.72288115219555,94.67056497202495,7813100
2022-07-08,93.65448760986328,94.88550006244671,93.15621942245997,94.34815128643724,7717300
2022-07-11,91.4855728149414,93.14645700553636,91.2804052940228,92.81428314896172,7643700
2022-07-12,91.44648742675781,93.05852638242227,91.16315873543469,91.42695085839713,8665300
2022-07-13,90.80167388916016,91.10453914074664,88.91607830369593,90.00054043830211,12006400
2022-07-14,89.72698211669922,89.92238507702648,88.15403114576432,89.37527169583173,11146400
2022-07-15,93.00967407226562,93.1269158443787,90.56719305719709,90.7723680218601,14946700
2022-07-18,93.4981689453125,95.03204670280243,93.11714250869056,94.1429875019714,10430400
2022-07-19,97.3182144165039,97.55269050748586,94.45562636116475,94.45562636116475,13683400
2022-07-20,100.97216796875,101.86123467391975,97.6503921561358,97.9434928719603,15112700
2022-07-21,101.78307342529297,101.85146259842764,99.27220313469,100.34689333560388,8611300
2022-07-22,100.35665893554688,102.16409335622748,99.76069298465094,100.9037722856702,7803500
2022-07-25,100.32735443115234,101.01124614658093,99.46759632734422,100.41528017148146,6726700
2022-07-26,97.48429107666016,100.00493301446139,97.26935157677418,99.78999351457541,6346600
2022-07-27,101.11871337890625,101.26526372964777,98.49060143821913,98.64692380003956,9684800
2022-07-28,102.48650360107422,102.55489277048626,100.34688787340264,100.87446466052141,7970300
2022-07-29,103.65889739990234,103.89337350069842,100.99171218696225,102.72098554285719,10320000
2022-08-01,103.77613067626953,104.19623769329017,101.47042808804376,102.45719246827554,7769700
2022-08-02,102.3008804321289,103.91291949513754,102.21295468786019,103.30718148157389,9093000
2022-08-03,106.51170349121094,107.17605859219252,103.29740519575287,103.29740519575287,11243000
2022-08-04,105.6324234008789,106.93181765783031,105.18300778100584,106.41401286653876,7322400
2022-08-05,104.17669677734375,105.22207834567142,102.94569172191073,104.35255570724281,10100000
2022-08-08,106.59964752197266,108.6708742130833,105.4174875441048,105.72035282037564,13025900
2022-08-09,105.64218139648438,106.70710694683794,104.56749128929228,106.70710694683794,8776500
2022-08-10,109.84326171875,110.07773782023912,107.38124401846213,109.89211432291313,26398700
2022-08-11,114.98223876953125,120.43385073586899,114.63052090668874,119.39824116964412,50375000
2022-08-12,118.7729721069336,118.81205269948198,116.18394061802468,116.26210180312145,21964800
2022-08-15,121.40108489990234,123.06196909670818,118.20631538856072,118.21608740022032,24628300
2022-08-16,122.0849609375,123.56999345660863,120.60970042879418,121.86025687525512,14607300
2022-08-17,119.98443603515625,121.6160190322461,119.74995994276573,120.60971058410472,9140900
2022-08-18,119.84766387939453,120.29707951878162,118.90975200756138,120.17984519346557,7343900
2022-08-19,117.37586212158203,118.5971025776946,116.73105103676191,118.46032424291882,8702500
2022-08-22,113.27250671386719,115.49027628931758,113.02825860206661,114.99200805416339,11575800
2022-08-23,112.21734619140625,113.69260678317632,111.98287010555643,113.31158034847272,7180700
2022-08-24,113.73169708251953,114.4644414354832,111.47483940676597,112.03172481686391,7840500
2022-08-25,114.75753021240234,115.06039548120343,113.43859191946711,114.32765115692155,6920900
2022-08-26,111.44552612304688,115.64659655099395,111.26966718760117,114.7673018737654,7807400
2022-08-29,110.91795349121094,111.83632879464251,109.82372669957601,109.95073303678764,6882700
2022-08-30,109.84326171875,112.1098839101071,108.88580583572308,111.6506962648728,8060000
2022-08-31,109.50131225585938,111.13288780882948,109.2766007194923,110.2731371623576,7353000
2022-09-01,109.94095611572266,109.9995732758396,107.49847505937456,109.2179838101246,7718700
2022-09-02,108.64154052734375,111.26965219350429,108.28982270384793,110.44898224125383,8465100
2022-09-06,107.55709075927734,109.20821031618817,106.02321297486937,109.19843830501446,9537300
2022-09-07,110.09727478027344,110.36105944579326,107.34215653948023,107.34215653948023,8193900
2022-09-08,109.74555206298828,110.39036313562238,107.82087594791095,108.51453961941039,8443300
2022-09-09,112.52998352050781,112.8719293654522,110.58577075594361,110.66392448203062,9563100
2022-09-12,113.71214294433594,114.78683307565089,112.61790879118487,113.46789484840706,7923400
2022-09-13,109.18866729736328,111.20126915634049,108.61223793393596,110.44898832533816,10504600
2022-09-14,109.91165161132812,110.14612771435122,107.3519286859677,109.27660502235715,8610400
2022-09-15,108.22145080566406,111.77771019432306,108.1628336436835,109.80418126388732,9739800
2022-09-16,105.7594223022461,107.05882392176825,104.49910127134041,106.697334067461,15978800
2022-09-19,106.65825653076172,106.7071091313952,104.5772654409451,105.05598962093984,7979500
2022-09-20,105.09507751464844,105.91575504839295,104.40141376983416,105.78874125946272,6957400
2022-09-21,102.0859375,105.55426362762658,102.0859375,104.91921705376895,9776400
2022-09-22,99.80955505371094,102.25203624683587,99.67276924934376,101.81238515975674,10953400
2022-09-23,97.21073913574219,98.85208658714329,95.76478717342164,98.30497325462963,11976900
2022-09-26,95.86249542236328,98.34405697272739,95.80387081068547,96.67339343632615,9760500
2022-09-27,93.64472198486328,97.34752415186341,93.23438695730817,97.24005438933318,13360200
2022-09-28,97.11305236816406,97.57224001865278,93.25392766480424,93.58610897842073,12895500
2022-09-29,95.2079086303711,96.3314514074819,94.01598413567216,96.2630622360331,9435100
2022-09-30,92.15969848632812,95.23722615749692,92.11084588287277,94.27977028834145,12094900
2022-10-03,94.895263671875,95.5303101861302,92.32577649101725,93.52748035361464,9468400
2022-10-04,99.10610961914062,99.18426334476978,95.96996496726281,96.40960855763565,10229000
2022-10-05,98.4808349609375,98.89116997192517,96.42914499827855,97.73831866448818,7562800
2022-10-06,97.73832702636719,99.12565453679386,97.57224009635716,98.1193534911483,6728200
2022-10-07,94.92459106445312,96.52685810377645,94.23091985792205,96.24352939569525,7051000
2022-10-10,92.9706039428711,95.4912387670263,92.247624172244,95.34468841060942,9532300
2022-10-11,90.95799255371094,92.87289679702626,90.5183489474999,92.62864869271776,8900900
2022-10-12,91.2608642578125,91.90567537001586,90.0786968866954,91.01661615621748,6156200
2022-10-13,94.41654205322266,94.73895132429259,88.62297700018702,89.46319103480913,11025400
2022-10-14,92.27693176269531,95.83318360120946,92.15969744190825,95.2274530668478,8202100
2022-10-17,95.09066772460938,95.7159422356553,94.04528620265506,94.1625205148136,7083800
2022-10-18,96.21421813964844,98.0607332428248,95.3935406194252,97.57223702602977,8533500
2022-10-19,96.71247100830078,99.52621375750344,96.23374684205565,98.12911439352021,11731000
2022-10-20,96.3216781616211,98.43198534589736,95.85272597880007,95.9699677514356,8212400
2022-10-21,99.69231414794922,99.94633428134459,95.6377938410072,96.08720949002293,10193400
2022-10-24,99.3796615600586,100.8158414858667,97.8164753140246,99.77045998503209,8221500
2022-10-25,101.95892333984375,102.32041319662463,99.68252935091313,99.80954312825082,7687500
2022-10-26,102.22270965576172,104.95829129113002,101.14801953253142,101.14801953253142,9203700
2022-10-27,102.03709411621094,104.41118607375134,101.9100803269251,103.3755690055584,8673500
2022-10-28,103.51233673095703,103.64911506395214,101.14801702763002,101.68536580286802,7250900
2022-10-31,104.08877563476562,104.44049351009184,102.40834744239832,103.22902496944643,8814800
2022-11-01,103.56119537353516,106.3358502377655,103.20947750991998,105.22207948760425,7955800
2022-11-02,99.47737121582031,103.63936115056913,99.44806263486292,103.02385113502054,9583200
2022-11-03,96.96649932861328,98.38313538008147,96.29237216215121,97.8946391618013,8978400
2022-11-04,97.28890991210938,98.83255977127727,95.85272981869751,98.82278775970104,11035800
2022-11-07,98.11934661865234,99.22334534263253,96.71247518331727,98.55899021526434,11355200
2022-11-08,97.60154724121094,99.623921314462,95.79411269956758,98.42221732131937,27130300
2022-11-09,84.75409698486328,89.00401274923983,84.29490933019495,88.46667136171006,62029800
2022-11-10,88.37873840332031,88.41781899678774,85.59431134005004,87.68507464046077,36968100
2022-11-11,92.82405090332031,93.38093627851876,89.00400700474842,89.47296664095474,22373300
2022-11-14,92.11084747314453,94.39701369405974,92.04245829944276,93.64472532947934,20598000
2022-11-15,93.31254577636719,94.94412128783968,91.5441844719803,93.79126996305604,15801900
2022-11-16,91.78843688964844,93.02922146441095,91.5637328022844,93.02922146441095,11137700
2022-11-17,89.34595489501953,90.14708839083757,88.75976092678742,90.00054548917508,12306400
2022-11-18,89.68790435791016,91.01661460423922,88.81838172736751,90.72351390577884,10011700
2022-11-21,95.33493041992188,98.56877322600205,94.10391777662987,97.81649227690549,70273500
2022-11-22,93.9964370727539,95.42284506959236,92.50163990667869,94.76826195634615,25753700
2022-11-23,96.6050033569336,97.05441895497187,93.5763284851955,93.79126800031388,15503200
2022-11-25,96.59524536132812,97.51361318758761,95.82342043818504,96.53662074622078,6664300
2022-11-28,93.4884033203125,96.84925204222635,93.23438321417925,95.95042084065989,13660000
2022-11-29,92.51141357421875,94.2113782784445,91.7591252452832,93.79127124450739,13205300
2022-11-30,95.61824798583984,95.68663715505205,91.71027842203276,92.76542453932676,15368100
2022-12-01,96.3216781616211,96.56592626421637,94.35792878353465,95.61824988738955,13855700
2022-12-02,97.1423568725586,97.39637698950325,94.77803699890788,95.21768060751228,12608100
2022-12-05,93.72288513183594,96.8785739949058,93.46886501018015,95.9797352845532,10764500
2022-12-06,90.16663360595703,93.791274680934,89.86376833336864,93.52749000059262,11492400
2022-12-07,90.02985382080078,90.6551283790358,89.16033115532205,90.52812204665892,10353400
2022-12-08,90.42064666748047,91.28039726819262,89.5608886129081,90.3717940675215,9351200
2022-12-09,91.23155212402344,92.72635683092238,89.78560747493673,90.24479511818076,10111900
2022-12-12,92.48210144042969,92.48210144042969,90.47926409782197,91.57349823701226,14140700
2022-12-13,92.52118682861328,95.1492990405577,91.4171879862855,94.27000429921372,22882100
2022-12-14,91.98383331298828,93.27346294585166,90.48903617647166,92.3648597417529,11505400
2022-12-15,88.40805053710938,90.9775456203403,88.04656807726845,90.34249899523579,15957700
2022-12-16,88.0074691772461,88.98446148839528,86.76668476792513,88.11493892778128,26383900
2022-12-19,83.80640411376953,87.40173632527792,83.44492170816916,87.38219975762125,19225300
2022-12-20,85.01787567138672,85.8190091440883,83.78687060977778,84.09950788073789,14918400
2022-12-21,84.92017364501953,86.07302492122336,84.49030207776158,85.18396575483658,11004800
2022-12-22,84.67593383789062,84.73455845350584,82.74149296138813,84.05065926630792,15487400
2022-12-23,85.985107421875,86.0437245835102,83.79663897192353,84.07996767626173,11171600
2022-12-27,84.3828353881836,85.9167131419746,83.9822649305232,85.40867292513022,11561400
2022-12-28,82.23344421386719,84.6954691071335,82.1357464697541,84.09950317802556,12399500
2022-12-29,85.17420196533203,86.20981157559103,83.01504954843422,83.28860624141879,13045100
2022-12-30,84.88109588623047,85.1155794258542,83.26906441101451,83.75756060444004,23231000
2023-01-03,86.92301940917969,87.900011858506,85.80924861325656,86.93279142075399,14997100
2023-01-04,89.86376953125,90.61605044391578,87.30404660890525,87.92932118547084,14957200
2023-01-05,89.80513763427734,90.35225843481047,88.42758225673033,89.55112498267086,11622600
2023-01-06,91.75912475585938,92.51141308078238,89.21894599730818,90.52811969412072,9828100
2023-01-09,92.58956146240234,93.4981646434327,91.29993186228121,92.25738764221451,11675800
2023-01-10,93.36139678955078,93.43955797502389,91.66143200174561,92.11084763742464,6914600
2023-01-11,94.11367797851562,94.32861749524528,92.86312892175432,93.71310752390846,8757300
2023-01-12,97.51361083984375,98.31474432432198,95.3251499109526,96.2337531577026,19764300
2023-01-13,97.11305236816406,97.30844787933073,95.75503344013114,97.09350834473082,12230200
2023-01-17,97.61131286621094,98.66645897819055,96.72224621706974,98.01187586847625,14914200
2023-01-18,96.76132202148438,98.80323242945018,96.44868477157085,97.97279043316676,11384500
2023-01-19,96.80040740966797,97.16188982207657,94.88550322725744,95.86249561341754,10973600
2023-01-20,101.09918212890625,101.20664444098522,97.01535338477494,98.03141897461565,14549900
2023-01-23,103.25833129882812,103.5123439613562,100.55205812011842,100.91354799906155,11479100
2023-01-24,103.56119537353516,105.94505923718022,99.65322573679799,102.29110226005136,8606700
2023-01-25,105.6324234008789,105.67150399224099,101.78307087111051,102.54512376801964,10008000
2023-01-26,107.17606353759766,107.23468815035359,105.09507240434411,105.68126635488,9204400
2023-01-27,107.01974487304688,108.03581783011488,106.64849045663865,106.74618820265553,10249700
2023-01-30,105.11461639404297,106.46287077471216,105.00715407976772,105.76920701465325,8548500
2023-01-31,105.99390411376953,106.21861564700485,104.97783111635775,105.10484489969704,8251700
2023-02-01,106.87319946289062,107.41054827159053,104.44049044157588,106.00367681162028,9975500
2023-02-02,110.60531616210938,110.91795345302042,107.1663059620879,108.1237544044388,13093200
2023-02-03,108.16282653808594,110.5369183425279,107.83065270353656,108.90534284112509,12472500
2023-02-06,107.3421630859375,107.88927647229961,106.03298932789278,107.6352563484054,11956500
2023-02-07,109.06165313720703,109.54038475456493,106.35538761261404,106.78526663102191,10844000
2023-02-08,109.20821380615234,110.72255507046722,107.75249715689263,109.61854884223456,27719900
2023-02-09,107.82088470458984,115.46096517597834,107.28353588887056,115.324186832679,46137200
2023-02-10,105.57380676269531,107.21515445459882,104.74336463163023,106.45310150011883,15566000
2023-02-13,105.1830062866211,105.79850882064282,104.09854411677767,105.6128778777754,12341500
2023-02-14,105.1830062866211,105.94505917270338,103.38533637880856,104.36232878739827,10768100
2023-02-15,106.72665405273438,106.7559626338643,104.24509231430245,104.62611877671317,8156000
2023-02-16,103.39510345458984,105.53471165864565,103.26808967706522,105.0755315097695,9479900
2023-02-17,102.79914855957031,103.36580597929748,101.48997477791998,102.61351760562427,9492200
2023-02-21,99.74114990234375,101.34342428568164,99.48713724674249,101.16756535664823,10648200
2023-02-22,99.34059143066406,100.20034209303155,98.76416201602369,98.99864556800999,9885100
2023-02-23,99.38944244384766,99.70207972096628,97.31821582427385,99.1158783042408,10974800
2023-02-24,97.99234008789062,98.11934641570551,96.68316640408158,97.24005177043979,8523000
2023-02-27,98.13888549804688,99.13542193949785,97.75785905098051,98.41244963658482,6641200
2023-02-28,97.3182144165039,98.43198516599391,97.27913382569682,98.13888446187104,8233700
2023-03-01,96.27284240722656,97.33776066059816,95.84296331947812,96.90788902671098,7898300
2023-03-02,96.64408111572266,97.00557096727564,95.17859259614144,95.49122984883103,7776600
2023-03-03,98.8130111694336,98.85209176006681,96.60500624874994,97.37683114256991,7434300
2023-03-06,98.34406280517578,100.3371208277745,98.17796842507524,99.27220264367872,6773300
2023-03-07,96.78086853027344,98.61761908432152,96.61478160472761,98.09004227329882,6951300
2023-03-08,97.0153579711914,97.32799527219795,96.03836547381329,96.72225724043348,5668700
2023-03-09,93.92804718017578,97.74809097860349,93.71310766312682,97.16188958524799,8275600
2023-03-10,91.41718292236328,93.69357711167255,90.69421059902236,93.40047639617337,13978800
2023-03-13,90.46949768066406,91.8568251446904,88.37873447322698,89.7758339486509,11915300
2023-03-14,91.2120132446289,92.13038850785726,90.21547679860227,91.83728779929397,10323600
2023-03-15,90.95799255371094,91.21201266927274,89.30688043721074,89.52181250775931,9543800
2023-03-16,92.12060546875,92.38439011179068,89.77582244252054,90.53787524892667,9931700
2023-03-17,91.05570220947266,92.10108393443396,90.77238093083014,91.88615183578472,12943200
2023-03-20,92.0522232055664,92.73611488979456,90.86029130974565,91.28039833116017,6657200
2023-03-21,94.31885528564453,94.62172057040345,92.98037289937574,92.98037289937574,7285800
2023-03-22,92.7165756225586,95.67686125416978,92.63841444553373,95.20790164588064,8811100
2023-03-23,93.62519073486328,94.78780671231587,92.57980908402313,93.08784189168612,9527000
2023-03-24,91.91545867919922,92.81429001462462,90.87984153251553,92.62865904935971,9534600
2023-03-27,93.4200210571289,93.810812075315,92.20854504839721,92.59934352044418,7487900
2023-03-28,92.63842010498047,93.79127144801677,92.41370857077095,93.31254725374846,5426100
2023-03-29,94.64125061035156,94.6803311983946,93.15621808015628,93.86942576768665,5889100
2023-03-30,95.84294891357422,96.64408234968653,95.42284190110922,96.45845887012769,7669500
2023-03-31,97.82624816894531,97.89463734007745,96.23375321037662,96.61477965723576,8920000
2023-04-03,97.46477508544922,98.11935827957087,96.98604338778293,97.90441873431031,7313200
2023-04-04,97.27912902832031,98.10957104390063,96.4877676016198,97.9923367311214,6794200
2023-04-05,97.61131286621094,97.87509753074075,96.36075635084853,97.4061379057473,7747200
2023-04-06,97.669921875,98.01186769080836,96.28259459151478,97.15211714622451,7042500
2023-04-10,98.49060821533203,98.49060821533203,96.62455647932622,97.01535495690753,8016600
2023-04-11,98.10957336425781,99.56529738248364,97.9825670377898,98.83255309484285,7504600
2023-04-12,95.68663787841797,99.86816415068513,95.45215433603741,98.92048033168001,9289200
2023-04-13,98.51990509033203,98.7446166107453,96.24351857758948,96.24351857758948,8745000
2023-04-14,97.60154724121094,98.5394590987038,96.65386337213748,98.18774122041137,7337300
2023-04-17,97.99234008789062,98.25612475454014,96.86879734415446,97.27913236065831,6705300
2023-04-18,98.60784149169922,98.82278100852751,97.30843983368113,98.29520422736543,8180100
2023-04-19,96.47799682617188,97.53315037785546,96.09697039704062,97.48429777766519,11523300
2023-04-20,95.81365203857422,96.31192028953552,95.14929685524616,95.50101474370578,7762700
2023-04-21,97.27912902832031,97.42567937315452,95.47169465232547,95.90157367614312,9468000
2023-04-24,97.38660430908203,98.422213884637,96.39983988200271,97.84579193714451,8540600
2023-04-25,95.75503540039062,97.41591964089113,95.75503540039062,97.09351033239103,6511400
2023-04-26,94.38723754882812,96.21421604322312,94.24068719621067,95.58893404179796,8634500
2023-04-27,97.63084411621094,97.76762244649603,94.48492761193376,94.89526260278905,8166500
2023-04-28,100.1417236328125,100.20034079311824,96.80041132589302,97.08374002380525,11329700
2023-05-01,99.85839080810547,100.24918925300167,99.27219686769135,100.05379375748375,6909500
2023-05-02,98.28543853759766,99.36012873699653,97.32799011506188,98.99864630259174,6955900
2023-05-03,98.5394515991211,100.21987967776727,98.3245120838719,98.73484709269658,7772100
2023-05-04,95.2079086303711,97.24982667024629,94.38723857298554,97.24982667024629,13260700
2023-05-05,98.207275390625,98.52968468016046,95.85272751976147,96.32167971012154,9300100
2023-05-08,100.60090637207031,101.51928159277891,99.35035732063922,99.36012187764142,10810100
2023-05-09,99.82908630371094,100.6106832254044,99.74115310943661,100.54229405379577,6829900
2023-05-10,98.8130111694336,100.8744657387078,97.73832101553181,100.63021763764554,19525200
2023-05-11,90.18616485595703,92.92174652101693,89.76605783140555,92.61888126629157,57127200
2023-05-12,89.87352752685547,90.74305015433622,89.14078323714514,90.21547337128155,21837500
2023-05-15,90.72352600097656,90.73329801325748,88.613218579982,89.43389617276702,16792000
2023-05-16,88.88677215576172,90.29363614826573,88.69136920273303,89.92238171830199,17013300
2023-05-17,90.63558959960938,90.90915375679113,88.75976581638695,88.9258527499943,12461600
2023-05-18,91.6028060913086,92.07175825163952,90.3327130371803,90.71373946264676,15014800
2023-05-19,89.24826049804688,90.86029956168773,89.21895191661247,90.86029956168773,16429000
2023-05-22,89.70745086669922,89.8246926498473,87.82185504743644,89.2287266297684,14150600
2023-05-23,87.75345611572266,89.91260840178343,87.74368410474797,89.00400518150805,14778700
2023-05-24,87.02071380615234,87.4310488301124,86.37590269048091,87.382203681847,15350800
2023-05-25,86.11210632324219,87.49943369049639,85.77016048678661,87.49943369049639,13605800
2023-05-26,86.25865173339844,87.18679144408455,86.0730208097173,86.45404721337664,12892700
2023-05-30,85.79946899414062,86.92301170201742,85.00810756558907,86.92301170201742,14800700
2023-05-31,85.93624877929688,86.14141628446404,85.14488733738636,85.5649943585935,11440600
2023-06-01,86.55175018310547,87.01093778804561,85.10580565463464,86.36612670206813,11993200
2023-06-02,88.68160247802734,89.23848788309978,87.53852308664617,87.56783166788246,14350200
2023-06-05,88.90630340576172,89.64881967513242,87.38219773261244,89.10169889324135,18506700
2023-06-06,90.03962707519531,90.38157293928502,88.92584883323616,89.00401001755975,12109100
2023-06-07,90.3913345336914,90.93845535215985,89.74652341881219,90.6453546474853,11082400
2023-06-08,90.40110778808594,90.54765814243859,89.19941128088763,90.39133577676625,9030200
2023-06-09,89.81490325927734,90.7821235580501,89.44364886526856,90.64534523110687,9625400
2023-06-12,90.9970703125,91.08500350332157,89.65858805916108,90.12754768453526,12341600
2023-06-13,91.69073486328125,92.26716425286237,91.29017185697475,91.95452698433274,12964400
2023-06-14,90.32293701171875,92.34531081617176,89.80513227468323,92.0912981797248,15877400
2023-06-15,90.80167388916016,91.36832380279613,89.50227223903055,89.94191582706644,13354600
2023-06-16,89.21894073486328,90.8309795964684,88.76952515018513,90.7430464093248,22683400
2023-06-20,87.68507385253906,88.69137490023456,87.67530184079475,88.2126506788171,14939200
2023-06-21,86.6006088256836,87.60690984092523,86.08280402784942,87.48967551921831,17873000
2023-06-22,86.45405578613281,87.13795494159127,86.09257336694269,86.40521063822467,10915300
2023-06-23,86.07302856445312,86.36612926468706,85.5943043776741,85.99486738387601,13538000
2023-06-26,86.65922546386719,87.43105037717912,85.75062220681498,86.014414336786,13132700
2023-06-27,87.01094055175781,87.59714195345157,86.4540551832371,86.85462564413714,10032700
2023-06-28,86.78624725341797,87.34313269110456,86.4931465161676,87.33336067883317,12118300
2023-06-29,86.9034652709961,87.06955963298344,85.33050701435464,85.77993004813219,13402600
2023-06-30,87.22587585449219,87.53851310847797,86.57129276862511,87.1281781102204,12837500
2023-07-03,88.41781616210938,88.85745978026615,86.86440175435203,87.06956927308258,7979500
2023-07-05,87.72415161132812,88.3103455814104,87.19657480209585,88.03678889229606,11028800
2023-07-06,86.69830322265625,86.78623641439364,85.76039141599998,86.6299140530207,12084600
2023-07-07,86.6006088256836,87.66553445563942,86.05349544742269,86.27819953326811,9705100
2023-07-10,86.07302856445312,86.6396859428465,85.83855247658224,86.21957891457009,13642600
2023-07-11,87.4310531616211,87.52875091685259,86.1218868430249,86.17073199371018,13735500
2023-07-12,88.07587432861328,88.62298773693502,87.5092168963594,88.03679373461014,14912100
2023-07-13,88.38850402832031,88.72067786799947,87.03048518236513,88.46666520960736,15325500
2023-07-14,86.5810775756836,88.40804877055422,86.38567460439984,88.32989503590191,17770000
2023-07-17,83.59146881103516,86.45405689092254,83.33745614940163,86.38566771988881,34503400
2023-07-18,83.97250366210938,85.29144952012496,83.34722904897164,83.54263202424053,21885100
2023-07-19,85.03742218017578,85.86786425664693,84.20698010370464,84.21674466124543,17177000
2023-07-20,84.22651672363281,85.17420057591359,84.05065778760276,84.84201927280762,15277500
2023-07-21,85.17420196533203,85.87763772092714,83.90410880063409,84.31445129397181,19901000
2023-07-24,84.60753631591797,85.93624651288611,84.55869117056274,85.47705891415828,13911900
2023-07-25,83.65985107421875,84.32420616105905,83.20067093739883,83.75755627093702,15335400
2023-07-26,83.88457489013672,84.28513793074286,83.4840043956695,83.69894393378742,14983700
2023-07-27,83.39607238769531,84.88109756538782,83.22998546757151,84.60754088427555,16691400
2023-07-28,84.14836120605469,84.58801230266319,83.48400600897045,83.88457651117857,13638300
2023-07-31,86.8448486328125,87.30403622589908,84.88109193947076,84.99833370383118,20837800
2023-08-01,86.98163604736328,87.66553523009183,86.4247506527536,87.06956924328102,13717500
2023-08-02,84.31444549560547,86.29773883721197,84.27536490588659,86.229349668669,15162700
2023-08-03,83.52307891845703,84.47076274735231,83.48399832765242,83.84548820219965,14145400
2023-08-04,84.31444549560547,85.10580693929704,83.48399600833469,83.96272764199581,11533900
2023-08-07,84.8322525024414,85.22305095607665,84.01157500442135,84.6661655821511,10818400
2023-08-08,86.10234069824219,86.29774365775172,84.11904724585011,84.50984571100844,16767900
2023-08-09,85.47706604003906,87.49944008207368,85.0374224258901,87.1477222092102,32517900
2023-08-10,89.6488265991211,90.40110748326582,85.73108490553095,87.90000927182705,56716800
2023-08-11,86.97186279296875,89.24825694259309,86.81554788025888,89.21894836232627,21998900
2023-08-14,86.76669311523438,87.24542476053247,85.96555964117412,86.94255204631396,13676400
2023-08-15,85.05695343017578,86.20004016912785,84.89086651603976,85.96555663331908,13677900
2023-08-16,84.36329650878906,85.05696025334936,84.099511827169,84.54892745939705,12182700
2023-08-17,83.94318389892578,84.95925687340957,83.82594958324019,84.92017628356093,14206000
2023-08-18,83.98226928710938,84.72478562893673,83.40584732509369,83.40584732509369,12364400
2023-08-21,83.90409851074219,84.26558835577393,83.44491837746611,83.8357093458832,11215000
2023-08-22,83.8161849975586,84.10927826659795,83.40584994858689,83.73802381093702,9835300
2023-08-23,83.85526275634766,84.34375897542853,83.66963180786149,83.8357187334224,7576000
2023-08-24,80.57256317138672,83.97249249651092,80.5627911604573,83.54262091580095,27531000
2023-08-25,81.44207763671875,81.7254062943983,80.56278308768904,81.1587489790392,16050900
2023-08-28,82.22368621826172,82.74149101185381,81.60817621889998,81.90127692848755,12166400
2023-08-29,82.4581527709961,82.60470310883007,81.80356970971215,81.8621868633018,11210700
2023-08-30,82.34091186523438,82.73171028556428,81.90126830102568,82.45815362749131,11816600
2023-08-31,81.75473022460938,82.66333352027341,81.71564963132843,82.51678315893514,10448000
2023-09-01,79.76165771484375,80.33808709799935,78.67719557118829,80.22084532840998,27701900
2023-09-05,79.322021484375,80.49440947362707,79.31224947253727,79.54672557961548,12741700
2023-09-06,79.11685180664062,80.20130656757352,78.67720073223566,78.93122085607892,15518500
2023-09-07,78.71627044677734,78.98982710210045,77.91513704739116,78.96051852529581,14768000
2023-09-08,79.70304107666016,79.7909668140302,78.32547822697944,78.68696809517505,16220900
2023-09-11,80.62140655517578,81.92080818753877,79.30246835524157,80.05475664928758,26579100
2023-09-12,81.75473022460938,82.72195068326431,80.67026798611163,81.1196836280509,16594600
2023-09-13,81.55933380126953,82.11621920504724,81.20761591952983,81.43232001105963,9772700
2023-09-14,82.53632354736328,82.7903362117104,81.1294520666563,82.0673639025074,22371900
2023-09-15,83.61101531982422,84.2069813082089,82.66333145456134,83.25929744294602,21631200
2023-09-18,83.06388092041016,83.94317546905197,83.02480778834573,83.27882041606256,11894200
2023-09-19,80.05475616455078,82.83918289285428,79.83004464261113,81.98919685837842,21478900
2023-09-20,80.66049194335938,81.28576649688459,79.76166070439945,80.14268715252074,12715200
2023-09-21,80.82659149169922,81.74495935815501,80.03522251092909,80.17200086239828,14378000
2023-09-22,79.3806381225586,81.43232081710791,79.33178551755415,81.00244919928507,11495300
2023-09-25,79.14615631103516,79.88866516731703,78.70650525927462,79.68349765803964,11034400
2023-09-26,78.208251953125,78.88237170386718,77.95423181816615,78.64789559290735,14867900
2023-09-27,78.06169891357422,78.7065100600828,77.39734374373636,78.27663844703072,14662500
2023-09-28,78.2863998413086,79.05822474668553,77.81744765440907,78.43295019491242,12229800
2023-09-29,79.18524169921875,79.45879839482986,78.5599671224331,78.80421523692314,11261400
2023-10-02,79.79096984863281,79.88866760071308,78.9312191949215,79.05822552723977,9128100
2023-10-03,77.70997619628906,80.00590683978012,77.63181501555785,79.38063230165133,12586200
2023-10-04,77.49504089355469,77.95422853801438,76.91861892547864,77.77836959872897,12010500
2023-10-05,78.95075225830078,79.07776603884021,77.06515665681727,77.28009617416674,15466600
2023-10-06,81.03175354003906,81.60817548884782,78.6381176434489,79.18523846619384,15391100
2023-10-09,82.75125122070312,82.927110146442,81.21737348937079,82.36046023360365,13604400
2023-10-10,83.03458404541016,83.32768475421348,81.99897446099689,82.83918854211504,9450600
2023-10-11,82.8978042602539,83.74779033790878,82.32138231785822,83.40584448616045,9499200
2023-10-12,82.40930938720703,83.11274512436705,81.58863932976077,82.87826902993393,9554900
2023-10-13,82.40930938720703,82.63402092419007,81.46162554430313,82.00874636979464,10808000
2023-10-16,83.7380142211914,83.95295373285516,82.37022342739853,82.37022342739853,10275100
2023-10-17,84.21674346923828,84.30467666288583,83.34722081332907,83.38630140452125,9985700
2023-10-18,82.73172760009766,84.275377583841,82.65356640890171,83.71849214082745,10047000
2023-10-19,81.33462524414062,83.30814680520042,81.25646405557993,83.29838224702624,14316800
2023-10-20,80.7484130859375,81.52023787828547,80.70933250044222,80.9926611548884,10437000
2023-10-23,81.18806457519531,82.09666777878112,79.04845635038504,80.19153563603358,10772500
2023-10-24,80.66049194335938,82.26275891850032,79.8593584557889,81.49094146482125,11499500
2023-10-25,78.7358169555664,80.65072869234945,78.66742778309992,80.24038620368978,9372500
2023-10-26,77.94445037841797,78.75535583748682,77.59273252758956,78.23755107206173,11651000
2023-10-27,77.50480651855469,79.1656905663862,77.40710877230464,77.91514152512103,10300600
2023-10-30,78.82374572753906,79.06799382319284,77.70020299675966,77.88583393469183,10291200
2023-10-31,79.71280670166016,79.79096788294311,78.48180163882596,78.83351950073873,8672200
2023-11-01,79.20478057861328,79.70304883378557,78.33525786197875,79.65419622791846,9093000
2023-11-02,81.37369537353516,81.38346738431383,79.93751539733923,79.96682397581502,11518500
2023-11-03,83.11273956298828,83.95295358683421,82.22368039357838,82.23344495037507,11331800
2023-11-06,82.08689880371094,83.82595155041521,81.6667917703046,83.12251582435246,14160900
2023-11-07,82.64378356933594,82.73171676137657,82.0185090294088,82.22368399288345,10540200
2023-11-08,82.55584716796875,82.96618213419687,82.01849843562752,82.20412935295622,26942600
2023-11-09,88.26148986816406,89.1114759398429,85.58453277833458,85.8190088673334,51062700
2023-11-10,86.23912048339844,88.08564307576695,84.93972618679516,88.05632704095531,25175700
2023-11-13,87.38219451904297,87.83161008680645,85.39890132400815,86.38565818950936,12834400
2023-11-14,88.97470092773438,89.43388856568171,87.91954730698656,87.9586278989247,13152000
2023-11-15,91.7688980102539,92.3941725607112,90.60627464900021,90.85052275320574,20593100
2023-11-16,92.33555603027344,92.43325378184942,91.47579792713931,91.72981804432537,12923900
2023-11-17,91.98383331298828,93.18552975636585,91.75912178773363,92.57002724540614,12189300
2023-11-20,92.84358215332031,93.39069548600284,91.71027489935506,91.81774465454058,14105300
2023-11-21,92.27693176269531,92.77519998762239,91.79820756047322,92.55049590354005,7654800
2023-11-22,92.8826675415039,93.50794208369703,92.57980228152738,92.72635263288588,7328200
2023-11-24,93.84989166259766,94.28954273413883,92.71658430504826,92.71658430504826,5440500
2023-11-27,92.9803695678711,93.53725496555963,92.34532298534818,93.53725496555963,11049500
2023-11-28,90.37178802490234,92.95104710843943,90.32293542820985,92.81426878233214,18660300
2023-11-29,90.37178802490234,91.09476024202084,89.33617856898722,90.46948576442759,13857000
2023-11-30,90.55741882324219,91.70049802722197,90.07868722866489,91.39763279895205,13396700
2023-12-01,90.44996643066406,90.70397911105245,89.65859744585995,90.60628135291374,11898200
2023-12-04,89.89307403564453,90.28387249174025,89.50227557954881,89.7856042738717,12602800
2023-12-05,88.70113372802734,89.66835403884534,87.86091973556408,89.50226713318304,12357000
2023-12-06,89.39481353759766,90.42065864170475,88.53506282303047,89.01378705981188,10462000
2023-12-07,90.2252426147461,91.24131555977496,89.54135094687095,89.68790129108994,10264700
2023-12-08,90.97998809814453,91.68571641860984,90.2350518178585,90.2350518178585,9498200
2023-12-11,90.37227630615234,91.23483646941285,90.14683988395743,90.89177616727684,10811000
2023-12-12,89.26467895507812,90.37227577493633,89.05884277500644,90.29386733359021,13218400
2023-12-13,90.98979187011719,91.02899982990019,88.98042693062251,89.36269519081458,10173200
2023-12-14,92.0777816772461,92.95013815332821,91.36224955060692,91.36224955060692,12439300
2023-12-15,91.6072998046875,92.08758422208216,91.08780742776928,91.20543130633993,17551600
2023-12-18,91.01919555664062,91.85234413331906,90.86236371822162,90.86236371822162,9083600
2023-12-19,92.06797790527344,92.12678610160084,90.77414523899859,90.80354933716228,8804000
2023-12-20,89.46070861816406,92.40123820867194,89.4411083779482,91.39165757910213,13060600
2023-12-21,90.19583892822266,90.25465460381588,89.25487037841711,90.10762663206273,13037200
2023-12-22,89.21566772460938,90.41148433133476,88.95102334224323,89.80377964658521,9419800
2023-12-26,89.14704895019531,89.46070512848827,88.80398867364882,89.03922893783025,8086900
2023-12-27,88.58834838867188,89.13725230768691,88.25509197190662,89.10784820951976,11123500
2023-12-28,88.60795593261719,89.17646008991213,88.18647974402309,88.30409613646127,8479600
2023-12-29,88.50013732910156,88.80398965193962,88.07866113380042,88.3335091183938,9211000
2024-01-02,88.91181945800781,89.66655963600282,87.95125056730117,88.31391112723662,10587600
2024-01-03,89.83317565917969,90.25465184363398,88.21588297566194,88.44132685587599,11929800
2024-01-04,88.76477813720703,90.11742644278873,88.21588171068284,90.11742644278873,12087400
2024-01-05,89.09805297851562,89.50972534902616,88.56875672579329,88.61776854625334,9092100
2024-01-08,89.73516845703125,90.11743672313341,89.19606834937242,89.73516845703125,11103700
2024-01-09,87.89242553710938,89.294078240435,87.82381348078518,89.2450739020053,11255100
2024-01-10,87.51995849609375,88.03945083220567,87.11808255116004,88.03945083220567,15091600
2024-01-11,87.67678833007812,88.00024838236479,86.9318595454921,87.6179801308091,9642200
2024-01-12,88.55894470214844,89.02943270946925,87.87282414788181,87.87282414788181,11919400
2024-01-16,91.20542907714844,91.24462955756023,87.68659144698974,88.50013976137349,16780900
2024-01-17,88.54914093017578,91.90135022501052,88.31390066536125,90.74474166228872,15735200
2024-01-18,90.382080078125,90.67613603861598,88.61776674964031,88.86281089066487,12203200
2024-01-19,91.21522521972656,91.72492120158901,89.81357248683499,90.48989668354908,19790100
2024-01-22,93.19518280029297,93.3422107699542,91.0289936469537,91.0289936469537,15119400
2024-01-23,91.91114807128906,93.98912496505329,91.33284751978326,93.5382446677386,11559400
2024-01-24,91.6465072631836,93.36181622265494,91.41126698548196,92.54826789283452,10454900
2024-01-25,92.97954559326172,93.05796150987813,91.89154905420763,92.05817726840245,8661600
2024-01-26,93.46963500976562,93.63626322601924,92.82271490691723,93.11677085878532,7812800
2024-01-29,95.55741119384766,95.5672150533772,93.11677364175215,93.52844600414826,13422200
2024-01-30,95.018310546875,95.60641494037498,94.10674611959645,94.60663074108723,9139600
2024-01-31,94.14595794677734,95.63582297010547,93.91071019718339,94.50861847396627,9592300
2024-02-01,95.13593292236328,95.9886892073728,93.99893202050414,94.45961619246951,8484800
2024-02-02,95.20453643798828,95.47899212719807,93.92050767419228,94.37138794637903,9321300
2024-02-05,94.73406219482422,95.43979048603563,94.5772303620424,94.7830665339535,11679300
2024-02-06,97.32173156738281,97.35113566768656,94.87129016668777,94.99871042738857,16455500
2024-02-07,97.17469787597656,97.31192198809744,94.72425661931355,95.45938899631246,28886300
2024-02-08,108.34870910644531,110.534498471296,104.68285116141095,104.95729937958475,60558400
2024-02-09,106.24132537841797,107.96643803341287,105.555204851055,107.42733799180418,21509100
2024-02-12,107.12349700927734,108.8584062279762,105.69244013079914,105.74144447184723,13424000
2024-02-13,108.27029418945312,108.45653011556459,106.06489708692396,106.13350914209875,14594500
2024-02-14,109.34849548339844,109.46611936364036,107.49596236897227,108.38792663496089,11405500
2024-02-15,110.2208480834961,110.68153225025532,108.87801102004862,108.87801102004862,9961900
2024-02-16,109.38770294189453,110.32867154505394,108.95643033929254,109.79937530362295,8782200
2024-02-20,107.27051544189453,108.92700859370787,107.18229567081345,108.65256037817207,9770900
2024-02-21,105.53560638427734,107.05488301422645,105.114130172483,106.3295544677037,10427500
2024-02-22,105.5062026977539,106.33935126531165,105.28076628018655,105.84926299284786,9266200
2024-02-23,105.60420989990234,105.85905787385184,103.73207674651356,105.43758169615391,11724000
2024-02-26,105.54541015625,106.60400261450697,105.25135420290522,105.38857832029184,8694200
2024-02-27,107.25091552734375,107.40774736371851,105.64342659527027,105.64342659527027,7595000
2024-02-28,108.60356140136719,108.83880167227147,106.5059842469333,106.62360064330875,10773000
2024-02-29,109.36809539794922,110.51490010539476,108.77018713615557,108.9368153459923,11658300
2024-03-01,109.73076629638672,109.92680610134543,108.82900562803837,109.2308816195883,7242400
2024-03-04,111.43627166748047,111.86754425390592,109.58373863103532,110.43648742289372,11558900
2024-03-05,110.63253021240234,112.90653951589,110.04441829816898,111.3578587676289,14929600
2024-03-06,107.87822723388672,111.05400459699736,107.08428663218581,110.83836456242341,14743900
2024-03-07,107.995849609375,108.87800997575559,107.03527332639317,108.50553811097633,8609300
2024-03-08,108.13307189941406,109.10344454697925,107.17249563264365,107.99584778675447,10009200
2024-03-11,110.08363342285156,110.67174537536431,107.84883193339626,107.90764013738588,8794300
2024-03-12,110.23064422607422,110.71092859947302,109.42689982485149,110.28945242089567,8085000
2024-03-13,110.26985931396484,111.86754436122305,110.21105111533983,110.50509958661834,7267900
2024-03-14,109.83857727050781,110.12282935566436,107.33913165797121,109.5249210865684,10520500
2024-03-15,109.73076629638672,110.72074674650496,109.19167365859656,109.38770598540135,15364200
2024-03-18,111.59309387207031,112.16159804112017,110.06402091353247,110.06402091353247,11820800
2024-03-19,112.2400131225586,112.88692572399773,110.99518477964111,111.16182046805787,10999700
2024-03-20,114.15135955810547,114.20037137662754,112.09299030878928,112.33803444509249,11699600
2024-03-21,114.3865966796875,115.0335167711962,113.56325199393466,114.67084876733648,10353500
2024-03-22,113.57305145263672,115.32756824956887,113.5436398765822,114.6022322699524,7144800
2024-03-25,116.99386596679688,117.04287778235795,114.55322861054842,114.65124476351744,12103600
2024-03-26,117.55257415771484,118.01325833357019,115.84706905144824,117.25851820091036,11870000
2024-03-27,118.58175659179688,119.61093743278127,117.64078056839222,118.56214887397627,10782800
2024-03-28,119.93439483642578,121.28703568833022,118.79738652873412,118.84639834405476,15367400
2024-04-01,119.12085723876953,119.97361354596855,118.3857248119905,119.64034962385544,8419700
2024-04-02,120.38528442382812,121.08120888187469,117.77801867101665,117.83682687142368,15517100
2024-04-03,116.62140655517578,121.23803710322646,116.03329465603787,119.84618075050727,22480400
2024-04-04,114.76886749267578,117.8074207495584,114.64144723459597,116.85664830914125,13815400
2024-04-05,116.03329467773438,116.50378270150199,113.99453318315051,114.28858165462101,9653900
2024-04-08,115.02371215820312,116.17051688219354,114.50421980348028,115.68042862631866,6266000
2024-04-09,115.63142395019531,116.16072016237402,114.57283152583788,115.0531159213108,7451100
2024-04-10,114.86688995361328,115.22955048372633,114.06314549807011,114.28858191222362,6746300
2024-04-11,114.82768249511719,115.93527928680113,114.06314599482619,115.25895508508826,6559400
2024-04-12,111.74993133544922,114.38660118811556,111.47548309604785,114.08274884851457,12155200
2024-04-15,110.71092987060547,113.25939468837228,110.53449780596243,112.602670766663,9637100
2024-04-16,111.62250518798828,112.23021735400559,110.2894644534788,110.58352041597351,9291400
2024-04-17,110.70114135742188,111.94596227887071,110.6521295389228,111.74012610185099,7379000
2024-04-18,110.20124816894531,111.98516916416295,109.96600789434339,110.9363805704606,8235600
2024-04-19,110.377685546875,110.48550556919577,108.87801657224568,109.50532898675527,9436000
2024-04-22,109.76996612548828,111.3872588753556,109.53472585511861,110.85796265840884,6901700
2024-04-23,111.45587158203125,111.97536394294546,110.56391483434825,110.59331893354666,6839300
2024-04-24,111.66171264648438,111.91656064762446,110.89717612121784,110.89717612121784,6157200
2024-04-25,110.53450775146484,110.65213163119459,108.20169022297759,109.01523856526254,8045900
2024-04-26,110.49530792236328,110.77955254662012,109.11325537045184,109.6327477555577,6304800
2024-04-29,109.85819244384766,111.6225057939322,108.15267981716597,110.79916105952351,7151200
2024-04-30,108.8976058959961,109.81897418412775,108.60355743763604,109.77976622738247,8156600
2024-05-01,108.28990173339844,109.76996284667476,108.02524989375348,109.083842296027,6338400
2024-05-02,110.38748168945312,110.63252581793235,108.3683129856401,109.22106924488298,6799800
2024-05-03,111.40686798095703,111.84794442816256,110.56391556696798,111.28924410523061,7411100
2024-05-06,114.1611557006836,114.6218398422981,111.88714656862832,112.52426277558132,16303200
2024-05-07,103.30079650878906,105.74143380001425,102.14418798700132,105.12392532242318,55084600
2024-05-08,103.34982299804688,104.36920755844925,102.36964639898544,102.82052673717521,15238100
2024-05-09,103.70268249511719,104.02613507482317,102.32062996325526,102.54607386125994,15096000
2024-05-10,103.69287109375,104.89848398076957,103.33020310269572,104.80046782804365,15884600
2024-05-13,103.7320785522461,104.5260191071117,103.49683081305008,103.49683081305008,9666400
2024-05-14,103.2615966796875,103.88890906512961,102.86952456924782,103.21259233972849,11278400
2024-05-15,100.73273468017578,103.78108416515035,99.38009381485858,103.52624366178468,20745600
2024-05-16,101.32084655761719,101.96775915297889,100.80134673578564,100.99738652085976,9476700
2024-05-17,101.20321655273438,101.76191681956526,100.99738039949698,101.57568090457073,7356000
2024-05-20,100.86016845703125,101.61490110989224,100.48769658213702,101.28164467251699,7667400
2024-05-21,100.96798706054688,101.64430378519764,100.6837349677473,100.94837934206221,7333300
2024-05-22,100.97777557373047,101.77172359112,100.7131312200359,100.93857509612255,7190300
2024-05-23,98.6645736694336,100.96798703261287,98.28229794062348,100.93858293304751,10504000
2024-05-24,99.74275970458984,100.0662122563698,98.6939711805688,98.8507955271662,6451600
2024-05-28,100.40928649902344,100.82095884839512,98.9488180796303,99.3506940479361,7813100
2024-05-29,98.88019561767578,100.05641182117895,98.7723756120675,99.74275566254198,7376300
2024-05-30,99.68395233154297,100.04662034786153,98.96842763646094,99.135055855518,7300600
2024-05-31,101.85015106201172,102.01677928429191,99.3997096349956,99.50752217788285,14735800
2024-06-03,100.73273468017578,102.15399507888354,100.44849007858738,102.1049832630769,6908600
2024-06-04,101.28164672851562,101.43847109100702,99.61534207335288,100.08583011713456,7269100
2024-06-05,99.4879150390625,101.03659570831897,99.02723088621946,100.95817979333435,10796900
2024-06-06,99.20367431640625,99.90940267577945,98.81160217473736,99.04684994663116,10294700
2024-06-07,99.5271224975586,100.24264715328434,98.55674985848721,98.8606021798376,6047800
2024-06-10,100.70333862304688,100.8111586439083,98.64496932341237,99.24287762886077,7621900
2024-06-11,98.87040710449219,100.84055650230606,98.74297937236913,100.60531623414907,9134200
2024-06-12,98.80179595947266,99.67415246183258,98.26269588356334,99.19386058396668,9041800
2024-06-13,98.10586547851562,99.06644177006879,97.63538493101677,98.61556146281843,10164600
2024-06-14,97.98825073242188,98.39011922859471,97.28252242112426,97.83141889517636,7087600
2024-06-17,99.50751495361328,99.89958704910208,98.62536208645501,98.97822622457961,10389000
2024-06-18,99.4879150390625,99.74276302368587,98.61555854978012,99.11545066011546,7044700
2024-06-20,99.82117462158203,99.91919825749358,98.39011777948481,98.57635371393253,7886900
2024-06-21,100.2426528930664,100.50730475042796,99.57613253718121,99.78197619430847,14137300
2024-06-24,99.9583969116211,101.03658950290324,99.88978485976185,100.2230412607488,7393600
2024-06-25,100.17403411865234,101.6246986118056,99.75255792953344,100.62492188407056,10296100
2024-06-26,100.15443420410156,100.3406701305021,99.41930183545084,99.87998598297646,10122300
2024-06-27,100.1446304321289,100.25245044454341,99.79176629661836,100.01721018025411,8365200
2024-06-28,97.32173156738281,100.54651334807593,96.42976730801604,99.99760938917574,21439400
2024-07-01,96.09650421142578,97.76280125722981,95.93967238312965,97.42954483933026,15299000
2024-07-02,96.04750061035156,96.04750061035156,95.02811607369966,95.99849626843262,13340300
2024-07-03,96.65521240234375,97.11589658787506,95.89067587237851,95.90047225383177,5030000
2024-07-05,96.04750061035156,96.36115681561724,95.64563210273951,96.36115681561724,8550800
2024-07-08,95.8801040649414,96.78602496141718,95.40744543788874,96.19520731209185,8167600
2024-07-09,95.56500244140625,96.0376535638351,94.67877219603452,95.97857405169502,9044400
2024-07-10,95.48622131347656,95.79147546541938,94.7772371426962,95.46652313503607,7761100
2024-07-11,95.12187194824219,96.08687976707832,94.82646691095594,95.52560193231591,7422600
2024-07-12,95.64376068115234,96.33305412491224,95.49606191923891,95.61422092876965,6465700
2024-07-15,95.38774871826172,95.99825699500394,95.12187590971294,95.84070913775398,7417700
2024-07-16,96.96327209472656,97.20944674409364,95.06280350110661,95.5354546208051,10755500
2024-07-17,95.82101440429688,97.10112553648665,95.05295073004454,96.79587138714375,9456100
2024-07-18,95.3089828491211,96.5595468239897,95.2006653970473,95.87026077684236,7529400
2024-07-19,94.27503967285156,95.3385159392111,93.97963460729876,95.3385159392111,9301000
2024-07-22,92.6896743774414,93.7039202226979,92.05946788897664,93.65468228877093,13377000
2024-07-23,89.5484848022461,90.28700868391145,88.4554688563691,89.31215175100272,22534700
2024-07-24,88.42593383789062,89.36139446636126,88.2092989523112,88.8395054307311,11768500
2024-07-25,87.84495544433594,89.11521745656115,87.84495544433594,88.70164587471675,10765300
2024-07-26,88.55394744873047,89.16446329942077,87.97297135469942,88.62287605182016,11301900
2024-07-29,90.7301254272461,91.13385544607864,88.8099662252846,89.00690293376387,13024800
2024-07-30,92.35487365722656,92.60104828340128,90.2673101227097,90.2673101227097,9896100
2024-07-31,92.25641632080078,93.38881372624213,92.20717838462755,92.35488468049294,10241800
2024-08-01,91.62620544433594,92.5124281520564,91.18308657782178,92.42380888634592,9263600
2024-08-02,88.19944763183594,90.78920207880525,87.63816976642231,90.74982074847239,15433600
2024-08-05,86.43682861328125,88.18959064970795,85.09763812221642,85.5604475950679,19103200
2024-08-06,88.59333038330078,90.5036479881022,86.6140841800093,86.8799569975094,21717500
2024-08-07,84.64468383789062,87.87449377994776,84.43789805030626,86.65346971926473,30581900
2024-08-08,84.64468383789062,85.00902499467462,82.62605638043168,83.8470804411147,21890500
2024-08-09,84.89086151123047,84.93025035494252,83.4138136789706,84.81208382380636,16008400
2024-08-12,84.63484191894531,85.05826261872225,84.1720398861858,84.54622265075332,11754600
2024-08-13,84.29019927978516,85.13704068304973,84.00463578215835,85.13704068304973,14615200
2024-08-14,84.9794921875,85.21581774796363,84.25080981436813,84.69392869197331,9475100
2024-08-15,87.43138885498047,87.5692460568005,85.87556327712122,85.91495212230609,12401000
2024-08-16,87.93357849121094,88.29791212577659,86.98826132613758,87.59877709677801,10277700
2024-08-19,89.4303207397461,89.55832884487184,88.04189971055462,88.04189971055462,9723600
2024-08-20,88.3668441772461,89.28261411271026,87.94342350788838,89.00689972571521,8863400
2024-08-21,89.33185577392578,89.39093528427594,88.0615937128201,88.83950648726407,7637600
2024-08-22,88.5440902709961,89.98174922744127,88.32745539174412,89.59771740064136,7613000
2024-08-23,89.17430114746094,89.36139628201802,88.30776910019074,88.77057863557678,7369200
2024-08-26,90.3756332397461,90.39533141816409,89.52879187146507,89.52879187146507,8043800
2024-08-27,89.50910186767578,90.31655439774629,89.36139557906391,90.03099090980437,7237400
2024-08-28,88.12068176269531,89.23339606647927,87.40185594159604,88.94783255102386,8569700
2024-08-29,88.43577575683594,89.31215687905254,88.25852971455315,89.0659822376961,6181800
2024-08-30,88.99705505371094,89.06598365388058,88.03205465133598,88.60318163140099,8403600
2024-09-03,87.76617431640625,89.10536487308448,87.18520580936006,88.23883290044405,8465500
2024-09-04,87.88434600830078,88.64256058986356,87.46092532926724,87.58893343682482,6317200
2024-09-05,87.29352569580078,88.29791488518117,86.98826404461416,88.29791488518117,6234100
2024-09-06,86.59439086914062,87.72678816507708,86.37775599117427,87.0965817088042,7791500
2024-09-09,86.98826599121094,87.52985319684416,86.46637696359369,86.87010697373003,8750200
2024-09-10,87.04735565185547,87.52985585072378,86.63378405282549,86.97842705201714,6858300
2024-09-11,86.96858215332031,87.07689960295042,85.26505022858214,86.70271683046278,10779000
2024-09-12,87.93357849121094,87.96311824399699,86.83071347372756,86.87010231499339,7173300
2024-09-13,89.16445922851562,89.33185618371155,88.02220527214679,88.08128478276795,7084200
2024-09-16,90.44456481933594,90.95661229792329,89.5583345776687,89.70604087005559,9028600
2024-09-17,91.4391098022461,91.82314164349613,90.75966538496348,90.95660960653649,8193100
2024-09-18,92.14808654785156,92.63058670467368,91.27170549228245,92.08899952981488,10289800
2024-09-19,92.02008056640625,93.83192988520146,91.89207245379434,93.36912034418708,10912400
2024-09-20,92.31549072265625,92.5715144538035,91.39972075418135,91.77390350535512,19251500
2024-09-23,91.54742431640625,92.26625004234698,90.74982090435722,92.26625004234698,7338700
2024-09-24,92.25641632080078,92.35488468049294,91.0452337098897,91.91176579289677,7860300
2024-09-25,92.4828872680664,92.99493472810158,91.92160938745533,92.20717287234922,8408200
2024-09-26,93.74330139160156,94.32427745778277,92.73891215006219,93.01462654920422,10061600
2024-09-27,94.5409164428711,95.41729761211187,93.82208314597202,94.02886895428851,10155400
2024-09-30,94.7181625366211,96.07704392586896,93.97963857259751,95.36805971838163,7982300
2024-10-01,92.61090850830078,94.3833615223013,91.89207520786458,93.73346433763074,10099200
2024-10-02,92.70936584472656,93.13278650282318,92.1579295727486,92.1579295727486,6144200
2024-10-03,92.19731903076172,92.65027944504214,91.70496977445862,92.17762836607712,6180300
2024-10-04,93.6940689086914,93.881156525333,92.45334662720025,92.85707664038415,6308900
2024-10-07,90.9762954711914,93.68421639551829,90.35593810944633,93.63497846456004,11043600
2024-10-08,91.09446716308594,92.30564220173791,90.28701463309999,91.10430873971283,10209100
2024-10-09,92.16778564453125,92.57151566866386,90.06053128299321,90.45441221777641,8654500
2024-10-10,91.56712341308594,92.44350459194025,91.27171833195945,92.28595671787032,6698000
2024-10-11,92.6896743774414,93.16233300011696,91.38003097923884,91.42926140051188,8089100
2024-10-14,93.5168228149414,93.73345769870593,92.36472731054319,92.73891005626591,6262000
2024-10-15,92.7782974243164,94.18641663373656,92.24655931243883,93.79253571612499,6535800
2024-10-16,95.26958465576172,95.30897349925671,92.19732247703608,92.29579834210041,9936300
2024-10-17,95.06280517578125,95.8407179830038,94.14703516349691,95.44683703454686,9542500
2024-10-18,95.79147338867188,96.04749711427064,94.58029838372508,95.5256080867201,8609700
2024-10-21,95.1415786743164,95.95887277897084,94.48182492185387,95.71269813611801,8189900
2024-10-22,95.25973510742188,95.77178255773413,94.72799699178393,94.72799699178393,5344300
2024-10-23,94.76738739013672,95.65361759740888,94.52121274993078,95.44683180115435,5388500
2024-10-24,93.94024658203125,95.31882610459664,93.7925402916396,95.12188187985645,5015300
2024-10-25,93.57589721679688,95.36804818559786,93.55620655237196,94.34396084447539,6638100
2024-10-28,94.72799682617188,95.21050452132519,93.75314737220013,93.7629964611726,8146400
2024-10-29,94.65907287597656,95.14158059481868,94.21596151495851,94.78708850094262,6834400
2024-10-30,93.6251449584961,95.23020097652578,93.48728775511461,94.2356532841415,7718200
2024-10-31,94.72799682617188,95.15141750014403,93.54636157970029,93.81222688072761,8147700
2024-11-01,94.34396362304688,94.91509057268341,93.37896327208513,94.23564618388637,7944900
2024-11-04,94.32427978515625,94.55075625604506,93.5759067456953,94.36366863067042,6088000
2024-11-05,95.15142059326172,95.19080943777836,93.79253926438044,94.1371822630836,6561700
2024-11-06,97.37684631347656,98.02675101130473,96.70725094873889,96.70725094873889,11325100
2024-11-07,97.41622924804688,97.99719779479877,96.62846739169622,97.2685229608994,7805100
2024-11-08,97.50484466552734,97.74117772069992,96.11642365149272,97.2192887043375,7982100
2024-11-11,99.31669616699219,99.35608501043647,97.4851562664288,97.4851562664288,9137900
2024-11-12,99.44470977783203,99.74012236368795,97.97751096343036,99.01144750127193,9366200
2024-11-13,101.14823150634766,101.62088258105767,98.81449334792518,99.2477630936205,17701300
2024-11-14,107.45030975341797,113.05323946068607,106.7413255869947,108.64179411151392,47436100
2024-11-15,113.3191146850586,113.42743213015348,108.56301872821416,108.56301872821416,32048000
2024-11-18,111.80267333984375,113.67360207183387,111.16261778512954,111.59588754757984,14226200
2024-11-19,110.6998062133789,110.77858389829899,109.12429007824491,110.3354725677672,12166800
2024-11-20,112.51165771484375,112.61997515567087,109.76434787620357,110.54226062730129,9319300
2024-11-21,112.96461486816406,114.47120239442746,112.08823379062976,112.4033370149943,10261000
2024-11-22,113.8803939819336,114.55983090368584,111.86175885769535,112.10793350637543,10098000
2024-11-25,114.22502899169922,114.79615593969457,113.17140186960951,113.9099257639524,10397800
2024-11-26,113.6834487915039,114.6386076223087,113.67360721475109,114.22503601906972,6808100
2024-11-27,115.80054473876953,116.39136234971484,113.68344141294975,113.68344141294975,8142400
2024-11-29,115.67254638671875,115.93841170462812,114.94387152221327,115.4657605810883,5095200
2024-12-02,115.3672866821289,116.81478725202038,114.76661996062843,115.97779498010041,8390500
2024-12-03,114.66813659667969,115.43620773246396,113.68343810289058,115.20972377332501,9194000
2024-12-04,115.19988250732422,115.49529508058183,114.06747766004179,114.1954932810252,7996200
2024-12-05,114.7173843383789,115.47559893788029,114.28411456000444,114.76662227234108,9823600
2024-12-06,114.9438705444336,115.46575959886914,114.44167215637215,114.76662449645038,6677900
2024-12-09,112.85629272460938,115.38696750269713,112.1670067977579,114.60905480659153,8666100
2024-12-10,112.97447204589844,113.19109942412878,111.97992437077218,112.89569435600342,7526400
2024-12-11,112.85629272460938,113.28956245728924,112.23593539044305,112.8858324768097,6426800
2024-12-12,113.14186096191406,113.25017839965855,112.4131861638039,112.94491675117249,5285100
2024-12-13,111.60572814941406,113.20094247779052,111.56634681922031,112.57073601754013,6864500
2024-12-16,110.88372039794922,111.8332188323924,110.5078796257559,111.7639848073583,10528500
2024-12-17,111.78376007080078,112.79260732129272,109.58804923784723,109.81552922358578,12238600
2024-12-18,110.13203430175781,114.84986350115642,110.02323689575454,112.10026524918818,12292800
2024-12-19,110.15181732177734,111.67497342610584,110.03312718714842,110.43864615434012,9468500
2024-12-20,110.8045883178711,111.73430879160782,109.22209100316995,109.40012242269523,17955300
2024-12-23,110.18148803710938,110.62656283684323,109.10340673157249,110.38919011338137,6037200
2024-12-24,111.32878875732422,111.50682017510864,109.9737789820216,110.03312027263563,2475000
2024-12-26,111.31890869140625,112.0804829577595,110.63645363419558,110.89361181525133,4781400
2024-12-27,110.32984924316406,110.89361417976767,109.64739417140181,110.59689261484246,4523800
2024-12-30,109.58805084228516,110.3199544639852,108.6286596855734,109.22209525846377,5716300
