Date,Close,High,Low,Open,Volume
2019-01-02,52.270511627197266,52.57332655771862,50.81343053702723,50.908587439587016,31868000
2019-01-03,50.822837829589844,52.844413130736584,50.669201388757,52.07176536650582,41960000
2019-01-04,53.42972183227539,53.52537405136797,51.387331238986945,51.66982611745576,46022000
2019-01-07,53.323177337646484,53.65919471164255,52.66501191794435,53.573456702107286,47446000
2019-01-08,53.79151916503906,54.18701051028504,52.947997134787144,53.82274027539516,35414000
2019-01-09,53.60715103149414,54.10226102894677,53.246348142659265,53.92136614202723,26998000
2019-01-10,53.46739196777344,53.51596107886595,52.7661099648934,53.27460152267623,26598000
2019-01-11,52.75570297241211,53.196791439584736,52.357235840144156,53.024816319452164,30864000
2019-01-14,52.113399505615234,52.457349745213584,51.96670149930838,52.2040946206828,28490000
2019-01-15,53.8480224609375,53.93525025101272,52.25861559013519,52.43554783604918,37518000
2019-01-16,53.99669647216797,54.63355115915483,53.922358694920945,54.02098291892573,38280000
2019-01-17,54.47297286987305,54.55127708823581,53.68693978196592,53.92136466631834,24896000
2019-01-18,54.87838363647461,55.40868122487252,54.48090716644396,54.94231563947383,44892000
2019-01-22,53.457481384277344,54.46554479169045,53.07388180032208,54.31834766794679,39632000
2019-01-23,53.74394226074219,54.167187396746016,52.90934376478967,53.86536315507689,25194000
2019-01-24,53.7236213684082,53.92186426712231,53.03076377971732,53.64977514185636,29114000
2019-01-25,54.591426849365234,54.68311263158913,54.11019370892404,54.23062393672968,23260000
2019-01-28,53.51844024658203,54.18800205710422,53.258246677265326,54.024455162568955,29334000
2019-01-29,53.032745361328125,53.759799844010175,52.83252112922512,53.57691983324791,19704000
2019-01-30,54.41697311401367,54.492800671374724,53.358854642668284,53.39453753180842,29452000
2019-01-31,55.799713134765625,55.88793158900815,54.77678591933822,55.123212843141104,40232000
2019-02-01,55.43940734863281,56.2214740701124,55.22282955760962,55.62129291519569,33116000
2019-02-04,56.56938552856445,56.6149826428997,55.38439370064637,55.45873526005803,78408000
2019-02-05,57.08729553222656,57.13190198293184,55.686221170580836,55.98506964374711,82296000
2019-02-06,55.651031494140625,57.19285981317814,55.42652081207824,56.95843868754115,48256000
2019-02-07,54.80949020385742,55.1108153073411,54.198903324088725,55.10239086379588,38298000
2019-02-08,54.63454818725586,54.769354430542876,54.231127686055984,54.26284413306292,21766000
2019-02-11,54.62166213989258,55.18219400313777,54.516594791795235,54.70244681949454,18498000
2019-02-12,55.88347244262695,56.14515201996512,55.06225170507033,55.06225170507033,35036000
2019-02-13,55.935508728027344,56.64026189800341,55.8051642728651,56.154071635364986,28042000
2019-02-14,55.96375274658203,56.30720763222761,55.363575420183565,55.75559941624185,21106000
2019-02-15,55.489463806152344,56.464321008850604,55.34524245929537,56.464321008850604,27826000
2019-02-19,55.830440521240234,55.98556297395831,55.341278267413735,55.341278267413735,21980000
2019-02-20,55.53703689575195,56.04949489564427,55.09892423297482,55.94789489522291,24090000
2019-02-21,54.72523880004883,55.465674848432876,54.41647611332852,55.44733617946482,33272000
2019-02-22,55.33731460571289,55.371511498655586,54.541374738250376,54.997330790040316,29436000
2019-02-25,55.3754768371582,55.775429986057915,55.21589260034126,55.60345485849227,26208000
2019-02-26,55.6074104309082,55.82696397975012,54.84863956722688,55.22876799867742,35026000
2019-02-27,55.651031494140625,55.791781723679335,54.940829672376765,55.21093368851873,22092000
2019-02-28,55.83242416381836,56.201156204526654,55.42900367850027,55.458243458549056,27422000
2019-03-01,56.921268463134766,56.99461936094752,56.05296837179371,56.05296837179371,34086000
2019-03-04,57.16411209106445,57.76379409393072,56.412275862107286,57.22061031288976,35490000
2019-03-05,57.9456787109375,58.30747226410255,57.144286498752884,57.29197516228845,40094000
2019-03-06,57.73505401611328,58.22074516470668,57.64138311830009,58.07305648761124,23602000
2019-03-07,57.0367431640625,57.66765009649561,56.583759132984696,57.51500430906147,30086000
2019-03-08,56.99312973022461,57.16560018173033,56.01331546458372,56.19669080684739,23694000
2019-03-11,58.44476318359375,58.47697496314685,57.07242945202631,57.093740121067434,30032000
2019-03-12,59.33634567260742,59.7556281024795,58.59541814550061,58.59541814550061,42220000
2019-03-13,59.42605209350586,59.825509870315194,59.36905853902243,59.76653498347926,25888000
2019-03-14,59.1024284362793,59.70558161435647,59.0380010971497,59.42407736112218,27302000
2019-03-15,58.99190902709961,59.5578895360771,58.82885367389795,59.37352729524492,51886000
2019-03-18,58.905174255371094,59.22236136997121,58.55478091755831,58.96167247755781,24442000
2019-03-19,59.594566345214844,59.6416494618808,58.950277830825264,59.06228361960449,29788000
2019-03-20,60.782527923583984,60.95896482575789,59.45232405589569,59.5420285063516,41508000
2019-03-21,61.26326370239258,61.278626591033266,60.29435433428484,60.46385278594522,28150000
2019-03-22,59.85177993774414,61.13936242847157,59.77000460105238,60.902464643554005,34422000
2019-03-25,59.34279251098633,59.94049319456507,58.977036279224706,59.45083562608239,27576000
2019-03-26,58.9691047668457,59.85177697646782,58.56865632835753,59.729856977123,30752000
2019-03-27,58.38280487060547,59.07219131168147,57.69985775966232,59.07219131168147,29428000
2019-03-28,58.098323822021484,58.34513581703844,57.660211167264166,58.25840715432888,22402000
2019-03-29,58.32729721069336,58.67818587535877,57.80641476822833,58.49034876294825,30890000
2019-04-01,59.42209243774414,59.48255332690599,58.79663796251399,58.855117519223015,27706000
2019-04-02,59.74721145629883,59.760593013316004,59.038495611031834,59.47512231772895,18288000
2019-04-03,60.008392333984375,60.49358812897417,59.724411434921,60.10205944667609,22180000
2019-04-04,60.43659591674805,60.49111280924098,59.920670551711964,60.0321810022952,21022000
2019-04-05,60.04010772705078,60.48318129422552,59.96973261519408,60.429159736999175,20012000
2019-04-08,59.88300704956055,60.164012178438526,59.70557948026321,60.02326194743682,21750000
2019-04-09,59.605960845947266,59.82700041744997,59.39235505250016,59.56631529004036,19668000
2019-04-10,59.79230499267578,59.915710995430445,59.50535210028214,59.72490566065685,15510000
2019-04-11,59.94792938232422,60.104046282843015,59.697650033306594,59.91373249101701,16998000
2019-04-12,60.599151611328125,60.61500983235936,60.131300060389435,60.246773167702955,24312000
2019-04-15,60.787479400634766,60.92476228635258,60.19424052689347,60.666550068797186,23796000
2019-04-16,61.05411911010742,61.255829336431965,60.713636210736404,60.95945755130198,22622000
2019-04-17,61.46200180053711,61.70782314293728,61.10318401138425,61.30638023853066,30366000
2019-04-18,61.527915954589844,61.74945083948574,61.4258206222395,61.702863061629785,24750000
2019-04-22,62.137020111083984,62.16576455775873,61.126480011043846,61.290030694609925,19084000
2019-04-23,62.97111892700195,63.1614327114639,62.04830201170659,62.279751130770016,31868000
2019-04-24,62.44874954223633,63.140121109397725,62.43685776676012,62.97111799439468,23396000
2019-04-25,62.8100471496582,63.08064648305482,62.34715270413668,62.9567451492081,31344000
2019-04-26,63.30961227416992,63.38345849426624,62.69407207879356,63.10938806051091,27228000
2019-04-29,64.24037170410156,64.27853882657666,63.026635278611465,63.4627666841639,72368000
2019-04-30,59.42110824584961,59.52121848198865,58.630121676573225,59.00826884743714,133178000
2019-05-01,58.150367736816406,59.43547356873407,58.06908773280634,59.34874111934893,74340000
2019-05-02,57.812862396240234,58.45070777675976,57.40745681106529,58.11468664076694,45098000
2019-05-03,58.95473861694336,59.046424401851816,58.161770768787754,58.35307144991088,41588000
2019-05-06,59.148521423339844,59.24615498979071,58.04331973589587,58.08495040731154,31774000
2019-05-07,58.42493438720703,59.213440429540135,57.738024570214755,58.7693799619371,36604000
2019-05-08,58.02449035644531,58.69306155571075,57.868373445785245,58.347126174016815,25520000
2019-05-09,57.88522720336914,58.18754682467873,57.22458506019194,57.61908959241941,29556000
2019-05-10,57.86886215209961,58.297064381319565,56.81471013362452,57.9283361543902,31650000
2019-05-13,56.33000946044922,57.09225152322604,55.78038630759309,56.75871083102753,45626000
2019-05-14,55.74866485595703,56.74037091442283,55.68274773950584,56.61399290816184,40392000
2019-05-15,58.025474548339844,58.39717855611781,55.57718294046831,55.63417649626703,59302000
2019-05-16,58.70446014404297,59.18321667093368,57.909015567038495,58.07702426072124,35308000
2019-05-17,57.92536544799805,58.793170206037956,57.80840254673382,58.27476815236626,25362000
2019-05-20,56.72996520996094,57.14329990146067,56.40683030134103,57.14329990146067,30602000
2019-05-21,57.21467208862305,57.39110900918514,56.66306377174077,57.21665342132148,20562000
2019-05-22,57.284542083740234,57.677556750658695,57.04417319422699,57.056564083812255,18826000
2019-05-23,56.763668060302734,56.99709854002608,56.16002330553748,56.799850068247544,25214000
2019-05-24,56.430118560791016,57.210695443784736,56.33595233803128,57.093732555548826,18554000
2019-05-28,56.477203369140625,57.316263612047834,56.43309225495322,56.57236026093217,20948000
2019-05-29,55.50482940673828,56.2512094600293,55.108838931642744,56.137218561285856,36230000
2019-05-30,55.577674865722656,55.8448068555838,55.304595097862816,55.51522886848909,18088000
2019-05-31,54.83872985839844,55.180694960773586,54.68261297136005,54.796108526517585,31582000
2019-06-03,51.48051071166992,52.88108965458806,50.900158023010114,52.87762232282599,96890000
2019-06-04,52.26109313964844,52.45685939218316,51.34620522878491,51.76548773438265,60512000
2019-06-05,51.772918701171875,52.37607186834259,51.19603709595773,52.28636741585876,46988000
2019-06-06,51.92754364013672,52.03855874814319,51.32042787764209,51.850725420305,29020000
2019-06-07,52.94899368286133,53.199772165623784,52.09556111451574,52.250687360822646,43828000
2019-06-10,53.66217041015625,54.260861820040674,53.29145702898412,53.37669970523659,28510000
2019-06-11,53.57691955566406,54.71532738750787,53.50406777654028,54.367410703409845,33508000
2019-06-12,53.480777740478516,53.65027241899154,53.00995036632593,53.522903743541775,23670000
2019-06-13,54.0710334777832,54.34758057312921,53.65274550333002,53.75880349612939,20814000
2019-06-14,53.837608337402344,54.256890800358164,53.59872921830184,54.00809745670591,24582000
2019-06-17,54.21377944946289,54.580031056140875,53.921869409538594,53.97638630641335,19770000
2019-06-18,54.77628707885742,55.447334881797815,54.555742847957134,55.08653575767853,34526000
2019-06-19,54.740108489990234,54.98394851690062,54.31983533605366,54.87541006056048,26714000
2019-06-20,55.17078399658203,55.642601984797146,54.86350733737669,55.59204776177893,24018000
2019-06-21,55.773948669433594,55.833418900150136,54.99832497370475,55.005263419366294,50774000
2019-06-24,55.34424591064453,55.6847287967048,55.176237247653916,55.507796575893245,24236000
2019-06-25,53.90105056762695,55.29469111706797,53.75335811004404,55.263965338513984,31644000
2019-06-26,53.541236877441406,54.2747344708787,53.21265330808006,54.070543792942544,34698000
2019-06-27,53.35835647583008,53.94465690292035,53.319697808966254,53.85990957306717,24078000
2019-06-28,53.664146423339844,53.664146423339844,53.21810085434756,53.38809463801861,33672000
2019-07-01,54.51658630371094,54.94231185694754,54.28513719286579,54.568127412824175,29196000
2019-07-02,55.14105224609375,55.15542446848692,54.50023489215925,54.75596667777286,20630000
2019-07-03,55.655982971191406,55.90378562832317,55.25255876316285,55.43345364414187,20154000
2019-07-05,56.13573455810547,56.2338634568147,55.38390203252941,55.47657848549502,29794000
2019-07-08,55.34871292114258,55.86513362949331,55.099424235047145,55.798721178484186,29888000
2019-07-09,55.720420837402344,55.89735308727769,54.870950929670514,55.028058509486314,29472000
2019-07-10,56.54411315917969,56.61498360685667,56.03611690591419,56.11838757766129,30710000
2019-07-11,56.70121383666992,57.15518850576028,56.475716282568364,56.8042998372647,26004000
2019-07-12,56.763668060302734,56.870720522308524,56.42765067938276,56.64422848804225,21878000
2019-07-15,57.019893646240234,57.02831809039802,56.49901117144503,56.763662740337104,21164000
2019-07-16,57.16609191894531,57.419842358557766,56.832547479613865,56.832547479613865,25352000
2019-07-17,56.83305358886719,57.41291098065989,56.82710581002027,57.040216276384555,19538000
2019-07-18,56.85783004760742,56.90392249654442,56.1451515514553,56.59813180495845,25450000
2019-07-19,56.08022689819336,57.07292367051012,56.065359341587055,56.96091788165153,23184000
2019-07-22,56.45985794067383,56.50000261071285,55.76601345050147,56.27450126082239,28914000
2019-07-23,56.89796829223633,56.93811295795406,56.14464987778048,56.66999030126721,20648000
2019-07-24,56.485626220703125,56.76960710760005,55.92955622217144,56.13325155608208,27192000
2019-07-25,56.29780197143555,56.67693980860666,55.69167676512891,56.44697665929907,54762000
2019-07-26,61.713775634765625,62.86209020191099,60.8603430969985,60.8603430969985,121216000
2019-07-29,61.54625701904297,61.900616828766026,60.96937163592329,61.57896791155889,41382000
2019-07-30,60.8603401184082,61.301923922317876,60.72751521911687,60.81077655714907,28616000
2019-07-31,60.37464904785156,61.202804482900184,59.87805298671278,60.70521775546008,39960000
2019-08-01,60.05646896362305,61.27169128892185,59.81956738563338,60.346397654914995,35426000
2019-08-02,59.290260314941406,59.9434647695918,58.97703586246428,59.62132432132842,34910000
2019-08-05,57.23002624511719,58.32680338022532,56.63530134579319,58.13301848461888,47840000
2019-08-06,58.03935241699219,58.55081599085133,57.56604839828649,57.763795962239634,36014000
2019-08-07,58.27872848510742,58.474986261280904,57.036244038146585,57.38118492688738,30686000
2019-08-08,59.77942657470703,59.783884572900526,58.18407198963662,58.80010759750834,30116000
2019-08-09,58.92251968383789,59.693681486456704,58.72378145475183,59.47214659102437,20418000
2019-08-12,58.20884323120117,58.75946077111604,57.922385685885516,58.48142766924557,22064000
2019-08-13,59.31058120727539,59.74175925120991,58.13401753831253,58.2014168756371,28434000
2019-08-14,57.70085906982422,58.61970961809742,57.54325616248997,58.28666424783276,35430000
2019-08-15,57.952117919921875,58.30399722537801,57.638897279416504,57.90801059141535,28506000
2019-08-16,58.44227981567383,58.67174761330674,58.13451157225545,58.520587823797115,24916000
2019-08-19,59.49444580078125,59.938014690087954,58.99685913675256,59.06772957995668,24450000
2019-08-20,58.656375885009766,59.373519880954184,58.632588553448954,59.24218477136379,20206000
2019-08-21,59.05534362792969,59.50039855370916,58.87395339234102,59.26548209084223,14152000
2019-08-22,59.052371978759766,59.41218045329354,58.42741281307858,59.165368431532706,17352000
2019-08-23,57.17204666137695,59.25804953847052,56.99461908714988,58.737662373468076,36254000
2019-08-26,58.04430389404297,58.07800545014868,57.23498255791972,57.46296055884889,21166000
2019-08-27,58.02646255493164,58.72923053710072,57.716213896237164,58.63011098537049,23460000
2019-08-28,58.17167663574219,58.40708841541455,57.50261018466387,57.731578852937695,16810000
2019-08-29,59.18717575073242,59.43249798171872,58.74311150706316,58.79960973109826,19636000
2019-08-30,59.00331115722656,59.48999678564757,58.76492356522396,59.48999678564757,18064000
2019-09-03,57.963523864746094,58.93143877153899,57.67409052559713,58.573116319883106,25908000
2019-09-04,58.593936920166016,58.723290712947666,58.06165797355199,58.45417735019245,21312000
2019-09-05,60.0767822265625,60.166486668581044,59.1103495828278,59.15842335941791,26394000
2019-09-06,59.785865783691406,60.11444934410257,59.63420688812718,59.92562534134293,18972000
2019-09-09,59.73383331298828,60.49111831707012,59.134151222132736,59.82353777097587,31854000
2019-09-10,59.75513458251953,59.96824502600746,59.27489213974957,59.2788585856114,27922000
2019-09-11,60.4638557434082,60.58627108775235,59.58564144603767,59.665435454120896,23522000
2019-09-12,61.205772399902344,61.57499595167409,60.59072373372645,60.63582551282621,31644000
2019-09-13,61.45655059814453,61.50710482527738,60.814742564855344,61.06403124403574,23676000
2019-09-16,61.04024124145508,61.40649279974879,60.721069014089025,60.981262572769054,28218000
2019-09-17,60.95351028442383,61.20726073791632,60.629880051304234,61.04024273315963,20806000
2019-09-18,61.09079360961914,61.26871650630097,60.288906022946065,60.97135405037176,17440000
2019-09-19,61.39311218261719,61.67015463306158,61.0739437315395,61.07443906464093,16554000
2019-09-20,60.95153045654297,61.59383382640864,60.64128177196339,61.13985913301072,37692000
2019-09-23,61.19189453125,61.43920185978645,60.65118742964138,60.78946098208002,20798000
2019-09-24,60.38108825683594,61.807439674243646,59.99996912431239,61.45506498727683,35804000
2019-09-25,61.74945068359375,61.85253668184716,59.92859493650378,60.26610204152155,26798000
2019-09-26,61.56856155395508,61.686518906396664,61.04966415075393,61.56112777542898,23166000
2019-09-27,60.75874328613281,61.702375614305154,60.22596522411003,61.59532315628802,34122000
2019-09-30,60.520355224609375,60.83109925665571,60.13775007542011,60.49359211031642,24470000
2019-10-01,59.7700080871582,61.10120643713175,59.74770675253301,60.58726238746662,24504000
2019-10-02,58.37834548950195,59.41118686082133,58.11617059122782,59.29918107982884,33030000
2019-10-03,58.948787689208984,59.02659657988289,57.64584230969986,58.64696345554862,28368000
2019-10-04,60.015830993652344,60.090172558823994,59.02511554096325,59.189656894404564,24282000
2019-10-07,59.88151550292969,60.409831749067685,59.68872505009201,59.81956483355725,17040000
2019-10-08,58.98348617553711,59.813127625197026,58.95127061430992,59.41168845801766,20086000
2019-10-09,59.59157943725586,59.891917636614735,59.37945967588316,59.538552332788925,15948000
2019-10-10,59.941978454589844,60.24677468043726,59.36658289240566,59.40325644739945,12842000
2019-10-11,60.251243591308594,60.897513455663706,60.14865291063316,60.66358764663134,22330000
2019-10-14,60.35333251953125,60.755266973504796,60.06142251302873,60.16103740300825,13296000
2019-10-15,61.566078186035156,61.808428414409434,60.50944949117995,60.53819393584094,27584000
2019-10-16,61.60374450683594,62.158324727681624,61.38220583718285,61.54476583864599,22986000
2019-10-17,62.089439392089844,62.632127870614525,61.94422738344138,62.020054943628764,20958000
2019-10-18,61.67362594604492,62.352602851732314,61.46200149482025,62.18310818244635,31624000
2019-10-21,61.66718292236328,62.124624934248146,61.45456780462975,61.88624115161413,18094000
2019-10-22,61.5145378112793,61.88772782557242,61.44763002985822,61.67709403795767,22862000
2019-10-23,62.328819274902344,62.34913927685717,61.46547631131117,61.46547631131117,21282000
2019-10-24,62.40216064453125,62.589993964777044,62.067130220576445,62.40216064453125,20224000
2019-10-25,62.65938949584961,62.84276485103948,61.90854763384837,62.04979320353552,27104000
2019-10-28,63.88253402709961,64.39102558509144,63.05636380509645,63.189680248818014,65428000
2019-10-29,62.47898483276367,63.47713397488909,62.22870171169887,63.23924174377669,52654000
2019-10-30,62.48097229003906,62.84375656011006,61.98289022694415,62.20591114327462,29204000
2019-10-31,62.386802673339844,62.769411592307705,61.924898861304875,62.44627667901686,31904000
2019-11-01,63.05339431762695,63.090566990184044,62.43190625413657,62.733730508182425,28812000
2019-11-04,63.91376495361328,64.0569956350215,63.24469844402674,63.24469844402674,30632000
2019-11-05,64.00445556640625,64.29190757525862,63.9023640108169,63.99256000959573,25148000
2019-11-06,63.9831428527832,64.08127174040926,63.549987302116946,63.937549521749176,24626000
2019-11-07,64.77264404296875,65.55123960400215,64.11894048238668,64.14520447981734,45140000
2019-11-08,64.87474060058594,65.27667885889721,64.50402723538035,64.50402723538035,30392000
2019-11-11,64.34345245361328,64.67154446385774,64.22401289593664,64.62693423524343,17234000
2019-11-12,64.29042053222656,64.8920876877892,64.14322718981167,64.35782364879786,28852000
2019-11-13,64.2393798828125,64.55359504237842,64.03965096393655,64.09069674798155,20538000
2019-11-14,64.88217163085938,65.20779076149725,64.12835782292629,64.18089338195229,28948000
2019-11-15,66.0909652709961,66.0909652709961,65.01797533171812,65.1745913589685,39286000
2019-11-18,65.4119873046875,66.10980214625374,65.22960637232171,66.03149412474825,27984000
2019-11-19,65.05266571044922,65.74849152659021,65.0120257076676,65.74849152659021,21864000
2019-11-20,64.52088165283203,65.08339101361491,63.893941175344125,64.99170523205015,28892000
2019-11-21,64.43563842773438,64.97980911504798,63.970259735627984,64.39152731265196,25546000
2019-11-22,64.11498260498047,64.7706675468929,63.90137680975466,64.57738175349998,27776000
2019-11-25,64.70821380615234,64.94462003558138,64.21112624424359,64.24334180156318,23590000
2019-11-26,65.0729751586914,65.12303026378767,64.62891476116123,64.91983028283337,21910000
2019-11-27,65.0298843383789,65.30296799504868,64.89805762898102,65.19294351162566,18808000
2019-11-29,64.63139343261719,64.92181742842484,64.5887721004546,64.75579387869145,12802000
2019-12-02,63.876590728759766,64.69830674310012,63.456313830417564,64.55556762557949,26538000
2019-12-03,64.16801452636719,64.29142432717063,63.291289945415805,63.37108017816764,25270000
2019-12-04,65.36737823486328,65.63153827654885,64.57985900377882,64.7310225855043,35506000
2019-12-05,65.76485443115234,65.8154086629345,65.13841301033878,65.7668357637966,24408000
2019-12-06,66.3808822631836,66.5335280445516,65.97647114352957,66.05179958683928,32968000
2019-12-09,66.55928802490234,67.28089369128685,66.2163285235745,66.35460583789568,30842000
2019-12-10,66.5543441772461,66.80759928466084,66.11374729265123,66.40814151393428,17606000
2019-12-11,66.62175750732422,66.90127665439235,66.4656405961161,66.82247708963801,20480000
2019-12-12,66.8318862915039,67.1337067474379,66.32191249314344,66.57020672354811,29114000
2019-12-13,66.75160217285156,66.9736324221348,66.49339369766332,66.80264795563977,33170000
2019-12-16,67.43702697753906,67.57727809571605,66.93695982340492,67.15452828398682,28128000
2019-12-17,67.1490707397461,67.61692229902084,66.94488007036423,67.52176540880079,32948000
2019-12-18,67.00138092041016,67.3740756040836,66.9295235885865,67.25364537789,23330000
2019-12-19,67.22589874267578,67.27992408819243,66.84477957442238,67.00138804031042,28922000
2019-12-20,66.9671859741211,67.60056957774427,66.9429033073999,67.55596690931648,50090000
2019-12-23,66.93795013427734,67.49401639740252,66.8076056794049,67.33938927575151,19936000
2019-12-24,66.63065338134766,67.00632754604007,66.61777472316638,66.9171146684332,13468000
2019-12-26,67.52474212646484,67.56092791296443,66.68419583939209,66.73574073401721,23662000
2019-12-27,67.13667297363281,67.75171776843943,67.05539298525728,67.60055423218726,23212000
2019-12-30,66.39673614501953,67.25363966980721,66.30405970566383,67.24422456030106,19994000
2019-12-31,66.3808822631836,66.4438235977551,66.02107380979206,66.20246403579617,19514000
2020-01-02,67.83250427246094,67.83250427246094,66.73275901654908,66.82791589956109,27278000
2020-01-03,67.4776611328125,68.08379009099887,66.77390239021686,66.80760773096915,23408000
2020-01-06,69.2762222290039,69.30149556378939,66.95629344220531,66.98751077493854,46768000
2020-01-07,69.14238739013672,69.5582024487993,68.96644963729894,69.40753802370638,34330000
2020-01-08,69.63453674316406,69.97204388362319,69.01949180178964,69.12802647532469,35314000
2020-01-09,70.36557006835938,70.80615951418059,69.89077616220537,70.47162431370698,33200000
2020-01-10,70.82001495361328,71.11639050055818,70.35613364348731,70.84529584599768,26258000
2020-01-13,71.36866760253906,71.44052494087894,70.64210838991625,71.13176223123057,30730000
2020-01-14,70.90080261230469,71.49750880179123,70.76103550256398,71.36716436377095,26076000
2020-01-15,71.32752990722656,71.40583792168397,70.95384451597616,71.02124763841545,21550000
2020-01-16,71.87071990966797,71.89748302625469,71.36718158869391,71.63728563930937,26080000
2020-01-17,73.32579803466797,73.37684381090587,72.18739403885324,72.48426114877846,52424000
2020-01-21,73.46110534667969,73.83925246721381,72.86439154992613,73.30002755955512,48930000
2020-01-22,73.5413818359375,74.36954091002987,73.48142006681404,73.83181338382326,28458000
2020-01-23,73.58203887939453,74.01867318733109,73.36546106331161,73.72378735471344,26650000
2020-01-24,72.66417694091797,74.0533557502206,72.51598536486014,73.98496196506716,29786000
2020-01-27,70.95730590820312,71.19767480231553,70.35117700362538,70.94789079814586,34132000
2020-01-28,71.88755798339844,72.10066465532061,70.88940505128319,71.45340418513541,29724000
2020-01-29,72.19481658935547,72.5635485325451,71.6342886794074,72.28204057329175,21566000
2020-01-30,72.07341003417969,72.12296603211958,71.11936821637062,71.27300466595811,27110000
2020-01-31,71.00935363769531,72.83763974165787,70.72586425069801,72.74793528121658,43822000
2020-02-03,73.47844696044922,73.66182608356632,72.19036913116597,72.44015314026151,71636000
2020-02-04,71.63528442382812,72.72214343718149,70.47656052595002,72.08529638672556,95880000
2020-02-05,71.6670150756836,72.58537028746804,70.85571232176258,72.53729650429216,36376000
2020-02-06,73.14986419677734,73.42691043576079,71.88656813376596,71.96090591264428,37822000
2020-02-07,73.30549621582031,73.60979717870607,72.62651916242098,72.72464807453126,28360000
2020-02-10,74.77000427246094,74.78090916442083,73.11171202305549,73.21232137301007,38302000
2020-02-11,74.83938598632812,75.82168077098233,74.61091262722508,74.99847489323436,34852000
2020-02-12,75.26412963867188,75.34689187241607,74.77050554826452,75.12684294355199,31042000
2020-02-13,75.00442504882812,75.62690377435739,74.5390463323393,74.8364125860934,22914000
2020-02-14,75.26907348632812,75.33449526939701,74.6158614465477,75.06092014232502,23198000
2020-02-18,75.30426788330078,75.85538085243427,74.8864713768279,75.0515118488402,25642000
2020-02-19,75.57337951660156,75.8643026659883,75.38059282964247,75.68885642045224,22746000
2020-02-20,75.18283081054688,75.6823987740962,74.55192018289029,75.2829410240114,25962000
2020-02-21,73.52107238769531,74.8834956332235,73.27475947782071,74.56779071017739,42520000
2020-02-24,70.36901092529297,71.1877548802108,69.72125896753626,70.52710913822696,49560000
2020-02-25,68.70677185058594,71.21106293016649,68.4143664703446,70.92113799695146,51580000
2020-02-26,68.91242980957031,70.06223775405306,68.22254806781541,69.13594979993545,49776000
2020-02-27,65.16962432861328,67.86819914105875,65.13443677157909,67.3597075582135,62290000
2020-02-28,66.37394714355469,66.53253692106605,62.85316484722115,63.15548440926263,80198000
2020-03-02,68.70677185058594,68.76376163348303,65.67763179244827,66.97562400936349,55430000
2020-03-03,66.29813385009766,69.79066400531799,65.87785685894856,69.26978521815887,56602000
2020-03-04,68.47283935546875,68.53131891334556,66.26243609006487,67.35078505307477,47598000
2020-03-05,65.16021728515625,67.08663985146644,64.50998472744404,66.68618377455482,54380000
2020-03-06,64.21756744384766,64.56498121361302,62.307997902917315,62.93940012057122,64640000
2020-03-09,60.25519943237305,62.08596557665804,59.375499246974364,59.718458788506304,69252000
2020-03-10,63.19810485839844,63.231806414527796,60.19176194894064,62.16823929817354,54872000
2020-03-11,60.01285171508789,62.29412541390752,59.03353654424814,61.864932499631436,54732000
2020-03-12,55.08900833129883,58.91508197832732,54.936362559355885,55.63764453569827,94326000
2020-03-13,60.179866790771484,60.186309901779715,55.125681039184315,58.23312844235687,79400000
2020-03-16,53.17845916748047,56.77010841763743,52.88505935869878,54.00165747110648,96520000
2020-03-17,55.411651611328125,55.80516162378033,51.99395905552296,54.05270334557388,83194000
2020-03-18,54.07996368408203,54.763897729434355,51.394275053932354,52.53119691195089,93044000
2020-03-19,55.0949592590332,57.12396841730102,52.313622306797946,53.932764120819286,74064000
2020-03-20,52.941062927246094,56.4236822135708,52.638248003789414,56.048011724837686,82878000
2020-03-23,52.243247985839844,52.8766315654061,50.00013767795823,52.35426310073486,83672000
2020-03-24,56.003902435302734,56.168443781993375,53.8440533745928,54.713843223428654,72468000
2020-03-25,54.59688186645508,56.80480098996258,53.67456021178784,55.734790654308775,90324000
2020-03-26,57.634944915771484,58.05918454310993,54.12159966635136,55.246126963181155,76562000
2020-03-27,55.02507400512695,57.04664918456973,54.714825362484184,55.878011051161046,62794000
2020-03-30,56.811737060546875,57.04417685436686,54.44175335047493,56.134246128630494,58736000
2020-03-31,57.58686447143555,58.154330943122716,56.33645085139658,56.93167488332719,65228000
2020-04-01,54.620662689208984,55.97465756314441,54.19394647198858,55.70603956639152,51970000
2020-04-02,55.36060333251953,55.645079550192946,54.17610690265564,54.516586008080246,56410000
2020-04-03,54.1547966003418,55.44783157309285,53.28154321364978,55.24562600577843,51374000
2020-04-06,58.6395263671875,59.01420235812891,55.75559886997343,56.152084641071774,63320000
2020-04-07,58.60830307006836,60.502509752587144,58.34513751348153,60.31566330394941,61620000
2020-04-08,59.8195686340332,60.21109734308198,58.67719806698127,59.62628283580481,40334000
2020-04-09,59.798255920410156,60.56247930945825,59.09697386880248,60.373655297137006,54028000
2020-04-13,59.98856735229492,60.192262693866695,58.59690819494701,59.54698356017191,38702000
2020-04-14,62.70547866821289,63.22685269710416,60.887099444718835,61.453579036793315,63358000
2020-04-15,62.312469482421875,63.19514183500943,61.157707976694326,61.77771006857329,42236000
2020-04-16,62.31890869140625,63.10840925264231,61.365861219878205,62.800141873376745,57896000
2020-04-17,63.3879280090332,63.9330931634959,62.743639511197074,63.5217397961262,51050000
2020-04-20,62.50326919555664,63.27988346361511,62.26983873721597,62.93642855436658,35292000
2020-04-21,60.0753059387207,61.950675080803,59.720450777894094,61.58938058894229,49648000
2020-04-22,62.36747360229492,63.43153606448749,61.31629358182884,61.51007469601736,46296000
2020-04-23,62.99986267089844,63.84140335500564,62.472540885834604,62.73074933312013,34202000
2020-04-24,63.268985748291016,63.323997976696404,61.65331112209811,62.198476293536736,37402000
2020-04-27,62.984500885009766,64.1362902612002,62.697048874068805,64.03220981010499,44186000
2020-04-28,61.08782196044922,63.67339274554905,60.97829284393305,63.59608296834432,80700000
2020-04-29,66.51915740966797,67.40975873675693,65.75344808139765,66.65891696341713,108358000
2020-04-30,66.74317932128906,66.90673001324649,65.49425157692038,65.98292232013938,55842000
2020-05-01,65.2870864868164,66.97760179374693,64.90745711448741,65.62261230338001,48872000
2020-05-04,65.56363677978516,65.64145324251461,64.23095612274317,64.83163266643618,30806000
2020-05-05,66.858154296875,67.94799308300591,66.16480889484865,66.28722046090816,39666000
2020-05-06,66.68023681640625,67.83301697062188,66.66536925942738,67.30321467823855,31732000
2020-05-07,67.86224365234375,68.1952965450196,67.03260232501718,67.46724765565328,30652000
2020-05-08,68.60862731933594,69.21821972421975,67.99754513410797,68.48373532754027,33326000
2020-05-11,69.56267547607422,70.15442844759716,68.17052461949073,68.2344566274301,32718000
2020-05-12,68.1546630859375,70.09495481486462,68.12145686010034,69.79214367959435,33918000
2020-05-13,66.8239517211914,68.65769754561923,65.81688281069327,68.20322375431489,40368000
2020-05-14,67.24671936035156,67.27199269584207,65.58346617829078,66.08997649082319,36660000
2020-05-15,68.04959106445312,68.1249195115489,66.3615562640386,66.82049185975197,41544000
2020-05-18,68.6502685546875,69.02593525404038,67.11487952102308,67.48063955767863,47094000
2020-05-19,68.11600494384766,69.01255036140522,68.0842884983356,68.66513655434181,31586000
2020-05-20,69.8387222290039,69.9809622319671,68.76127821697874,68.84751154962743,38262000
2020-05-21,69.71929168701172,70.20052108564059,69.10671959654051,69.92942638175046,30894000
2020-05-22,70.04093933105469,70.22728290602076,69.18403566778795,69.57804104903495,28544000
2020-05-26,70.44384765625,71.6204186984946,70.34621788850302,71.46430181814073,44590000
2020-05-27,70.38983154296875,70.64110531286433,69.11712048333816,70.37595465466231,31684000
2020-05-28,70.28873443603516,71.5882086759432,69.339154421006,69.38474775293726,35170000
2020-05-29,71.0460205078125,71.20510940143461,70.17672981418404,70.39727026219002,37044000
2020-06-01,71.11293029785156,71.44548411572828,70.48896178135337,70.6584640274907,25162000
2020-06-02,71.48165130615234,71.5158481937541,70.45574467809989,71.1193624308014,23442000
2020-06-03,71.32999420166016,71.81370394521399,70.95184711636607,71.50097863487548,27732000
2020-06-04,70.09346771240234,71.43259900133093,69.68261343947218,71.20758919005584,26982000
2020-06-05,71.3681640625,71.67940719980339,69.76239993864283,70.1598764140095,42642000
2020-06-08,71.76564025878906,71.81321492577551,70.59799261823765,70.6872055170517,33878000
2020-06-09,71.96585083007812,72.74494544839004,71.4841224171889,71.62686152321996,33624000
2020-06-10,72.59131622314453,72.99126556620439,72.07886198518231,72.43321799548916,31762000
2020-06-11,69.4789047241211,71.94206354627978,69.305938967106,71.4182053825884,47144000
2020-06-12,70.02507019042969,71.09508037664003,68.68098578681742,70.66637905468488,36676000
2020-06-15,70.41262817382812,70.62375348540785,68.7503661032029,68.86386165002531,30468000
2020-06-16,71.68782806396484,72.21812185182957,70.82150937457023,71.81321161861592,30648000
2020-06-17,71.98866271972656,72.46741921038576,71.12581508481102,72.00849116981989,30610000
2020-06-18,71.07576751708984,72.00998103439683,70.68522565709645,71.85535389400442,34862000
2020-06-19,70.6059341430664,71.59020277508219,70.32640741745521,71.36718184428655,52784000
2020-06-22,71.89549255371094,71.90986855922523,70.33582829633444,70.62427101191889,29442000
2020-06-23,72.5556411743164,73.11171506401635,71.61498454974334,71.9619068378626,37752000
2020-06-24,71.00537109375,73.14092954173177,70.87155554973336,72.52093138540484,31592000
2020-06-25,71.42168426513672,71.48214515083893,70.35315627186846,70.93202293315196,23958000
2020-06-26,67.52821350097656,71.21948135641514,67.15452813817328,71.00191289630564,97640000
2020-06-29,69.2445068359375,69.28564596171277,66.98850977687822,67.41919256217751,45074000
2020-06-30,70.27932739257812,70.57421324109254,68.73700347010752,69.23013603654792,40286000
2020-07-01,71.46629333496094,71.78745069882932,70.08752033557674,70.33483147032733,42182000
2020-07-02,72.85050964355469,73.77184427310539,71.91579724002281,71.9539643543716,57218000
2020-07-06,74.32345581054688,74.83640917181805,73.19991930923392,73.75351267291511,44712000
2020-07-07,73.84122467041016,75.39742496007142,73.83031978119341,74.14899664082868,42364000
2020-07-08,74.51922607421875,74.89440122654209,73.95918956859587,74.380457171251,31766000
2020-07-09,75.26560974121094,75.78500626699903,74.12225223661837,74.83294567449893,41836000
2020-07-10,76.27415466308594,76.38963154936391,74.37648449858449,74.99747336522512,35918000
2020-07-13,74.94692993164062,78.12524419545197,74.66592103825721,76.8158557336052,42954000
2020-07-14,75.3746337890625,75.4707813470095,73.643486194084,73.98347375977394,38108000
2020-07-15,75.17739868164062,76.14134731648993,74.23327093668394,75.49210540917994,31026000
2020-07-16,75.08024597167969,75.12931041610598,73.75945351224223,74.41513840582077,26484000
2020-07-17,75.17589569091797,75.50200636800437,74.24663566725596,75.1788676895288,34264000
2020-07-20,77.50474548339844,77.76097259277284,74.47461527343725,75.08420771365807,30166000
2020-07-21,77.11222839355469,78.65505117777408,76.94867771392333,78.55494094995885,27486000
2020-07-22,77.55480194091797,77.6603646078769,76.48330192524752,77.10181793412379,24482000
2020-07-23,75.17094421386719,77.827389236186,74.7665255226966,77.60833100238632,33910000
2020-07-24,74.74769592285156,75.10552305492557,73.72575942026643,74.30066345548695,29902000
2020-07-27,75.79936981201172,76.20229873811029,74.95188885196664,74.99798130151846,27124000
2020-07-28,74.52171325683594,75.6298832481758,74.3665870026742,75.57982812818864,30910000
2020-07-29,75.50596618652344,75.99264795596048,74.4899737531513,74.58860175422343,22676000
2020-07-30,76.24244689941406,76.36733890949552,74.10142804829563,74.24019694838614,36042000
2020-07-31,73.74360656738281,74.58960537091131,72.0610240717086,74.19460930846472,91468000
2020-08-03,73.48638153076172,74.22829979718547,72.93923127224508,73.89476289216728,45482000
2020-08-04,73.01752471923828,73.99932014227736,72.55809766985357,73.68213307465254,37212000
2020-08-05,73.30449676513672,73.84520394570967,72.91445404831978,73.19199942222478,29134000
2020-08-06,74.58612823486328,74.65155001959869,72.94815610602834,73.15878990214848,33306000
2020-08-07,74.260009765625,75.3364629621504,73.66032406035278,74.78882125520961,27718000
2020-08-10,74.1832046508789,74.6951597832656,73.22519259615039,73.88484774464752,20546000
2020-08-11,73.37635040283203,74.85821303070131,73.25988285024638,74.0434317145087,31098000
2020-08-12,74.69963073730469,74.91918811247346,73.59740476873101,73.70247590056702,22512000
2020-08-13,75.1659927368164,76.1730693636547,74.74770466605213,74.74770466605213,22388000
2020-08-14,74.57026672363281,75.32160764285088,74.29123915630834,75.01531784878155,21942000
2020-08-17,75.14566040039062,75.51935329930157,74.58860350836233,75.13228262566284,19990000
2020-08-18,77.10529327392578,77.18409283335072,75.4147856047771,75.6353260607761,28378000
2020-08-19,76.55169677734375,77.75354125629191,76.32322343836007,76.94223100784141,30472000
2020-08-20,78.11979675292969,78.31407321175054,76.048661480078,76.32173749907452,26382000
2020-08-21,78.08609771728516,78.89442843243806,77.42892300821778,77.89924747722306,34838000
2020-08-24,78.56088256835938,79.73200128949749,78.0598247678244,78.92366302638288,25638000
2020-08-25,79.58679962158203,79.73696497826347,78.20058515280574,78.31060961643863,25150000
2020-08-26,81.48395538330078,81.9131558254161,79.3454247617791,79.60908564477356,52188000
2020-08-27,80.7103271484375,81.67526631440305,80.22909022649999,81.60687253223567,31350000
2020-08-28,81.25101470947266,81.34617159068387,80.5660938852416,80.75739831375627,22418000
2020-08-31,80.7603759765625,81.50229418365015,80.55222264754329,81.45620173894997,26422000
2020-09-01,82.02664184570312,82.23182317096844,80.7603739027677,80.89071834189023,22652000
2020-09-02,85.11476135253906,85.54643467567958,82.27989831423639,82.66746052539978,49522000
2020-09-03,80.75938415527344,84.25290404476684,79.67896062981355,84.22911293255147,63726000
2020-09-04,78.36560821533203,81.03096897134081,76.2226083165763,79.74289125622084,55850000
2020-09-08,75.51043701171875,77.09389228963359,75.15855385977208,75.57982146335551,54032000
2020-09-09,76.6815414428711,77.25098539159461,75.58823174833185,76.76430365502023,39242000
2020-09-10,75.6318588256836,77.99143688650432,75.3320196805938,76.82775941751073,33024000
2020-09-11,75.12187194824219,76.25878610515645,73.99486445257723,75.73592613662498,30706000
2020-09-14,74.77842712402344,77.16575899280991,74.5940648803164,75.90939749332158,42660000
2020-09-15,76.08136749267578,76.86789598953742,75.43609590207801,75.7230488068471,23042000
2020-09-16,74.93999481201172,77.03541281613771,74.91521303018398,76.44614030970467,22128000
2020-09-17,73.69850158691406,74.27439632270638,72.48030722418932,73.63754157922925,40008000
2020-09-18,71.91679382324219,74.10291435499147,70.9518546797174,73.76094545210748,63056000
2020-09-21,70.87850189208984,71.37013697756234,69.51756861538587,70.9518489978719,56908000
2020-09-22,72.3494644165039,72.55514489120695,70.84679000199299,71.87864080173308,33950000
2020-09-23,69.85011291503906,72.0154140991599,69.5175667204066,71.96634965856373,37726000
2020-09-24,70.51770782470703,71.26755903816468,69.49130946306941,69.5175810262179,34552000
2020-09-25,71.3205795288086,71.66155016887853,69.76536984836896,70.62623601637378,30326000
2020-09-28,72.29197692871094,73.00217881108502,71.67842173057377,72.95262280781392,30784000
2020-09-29,72.65673065185547,72.95309862826339,72.06100757603167,72.55215865956741,31816000
2020-09-30,72.63591766357422,73.65686345741786,72.14824521381277,72.40496388039755,40924000
2020-10-01,73.7411117553711,74.09646597038588,73.19098955125851,73.5309770975159,32884000
2020-10-02,72.14032745361328,73.30153216216262,71.73145447344945,72.34005638769705,31222000
2020-10-05,73.48985290527344,73.58252935432779,72.36284527360293,72.48971861393626,21602000
2020-10-06,71.91332244873047,73.57359566004143,71.61546469303617,73.12656325055715,26096000
2020-10-07,72.31576538085938,72.80294632471846,71.03165012534033,72.3241898254817,36108000
2020-10-08,73.51958465576172,73.74755887897275,72.62848419076307,72.62848419076307,26076000
2020-10-09,74.85871124267578,74.92809569109109,73.69651605996611,73.98694007707145,32966000
2020-10-12,77.54190826416016,78.72293349802754,75.79291373880893,76.2240954855972,55344000
2020-10-13,77.66482543945312,78.5613783321132,77.2465374414875,78.15745877492236,39072000
2020-10-14,77.48491668701172,78.4964473454377,76.61562602854337,78.03801846578263,33174000
2020-10-15,77.08992767333984,77.87942818375831,76.37923428577766,76.5462485174522,31210000
2020-10-16,77.69605255126953,78.1921494513825,77.19846587067573,77.40512942894904,34194000
2020-10-19,75.82514190673828,78.50042480212294,75.4767374385808,78.10393898976746,29734000
2020-10-20,76.87235260009766,78.00035081850514,75.35679216195857,75.48614593995441,41670000
2020-10-21,78.60249328613281,80.04718676460415,77.66828015124365,77.80258723244033,60322000
2020-10-22,79.62694549560547,79.9619722392147,78.1807691539647,78.55346390827138,30512000
2020-10-23,80.9313735961914,80.98787182595748,79.88712810599611,80.04275346677193,30548000
2020-10-26,78.51826477050781,80.76285741115254,77.70001980831707,80.04026846122382,35826000
2020-10-27,79.24134063720703,79.39596773671335,78.15646293187241,78.74821578247979,25902000
2020-10-28,74.87606811523438,77.00766449579079,74.76109031919373,76.81933957769026,45174000
2020-10-29,77.15979766845703,78.73879084927967,75.16101918675622,75.18431118327405,55406000
2020-10-30,80.09526824951172,83.32711619302741,79.37466071000843,82.63921576146262,99878000
2020-11-02,80.50216674804688,82.18325914696204,80.00259120096713,80.46350808110766,44228000
2020-11-03,81.5597915649414,82.22092895585259,79.89703764384542,80.82134439367809,31432000
2020-11-04,86.5252685546875,87.72364199998071,84.40159768740916,84.52946169743666,71342000
2020-11-05,87.3504409790039,88.80355922055054,86.28637474344528,87.74444631593936,39758000
2020-11-06,87.21316528320312,87.64781063793222,86.0707909999368,86.79735014914868,28622000
2020-11-09,87.29691314697266,90.04603445916274,87.10511715128658,89.00972958301574,53440000
2020-11-10,86.1223373413086,87.19581874690427,85.05182793444769,85.72833198232598,43022000
2020-11-11,86.5936508178711,87.37025744779257,86.38697971158325,86.65163125520539,31838000
2020-11-12,86.37509155273438,87.473354716202,86.1347226524478,86.33445155052767,26474000
2020-11-13,87.83415985107422,88.07551943409571,86.03610809341275,86.63182371544983,29744000
2020-11-16,87.921875,88.92845236010726,87.29245409409869,87.43172210004694,25468000
2020-11-17,87.30882263183594,88.07602186164671,87.20127861757139,87.6160955653566,21314000
2020-11-18,86.26704406738281,87.47434095308526,86.16445340083658,87.06001562220402,20108000
2020-11-19,87.15567016601562,87.39951018398297,85.7407189638763,85.89980786283361,20106000
2020-11-20,86.05592346191406,87.64086843006233,85.9875296804616,87.32566263564391,27694000
2020-11-23,85.6187973022461,86.53219912341163,84.7574394883768,86.24623688977317,22530000
2020-11-24,87.4198226928711,87.54768668835644,85.2802938462471,85.61581961817127,27984000
2020-11-25,87.43121337890625,87.74096668564188,86.64964589230644,87.61360181278931,19600000
2020-11-27,88.56566619873047,89.06078000238365,87.45154481486274,87.45154481486274,14790000
2020-11-30,86.94900512695312,88.23460252032878,86.62388510850603,88.00216651160646,32418000
2020-12-01,88.97899627685547,90.28541271304861,87.37670339819209,87.55661139988837,37350000
2020-12-02,90.44649505615234,90.83158444204322,88.47398769607074,88.97900820349736,29424000
2020-12-03,90.29136657714844,91.3811977041033,90.05148923543042,90.22693546266429,24728000
2020-12-04,90.38652038574219,90.67099282129256,89.88248305416691,90.211074164492,20544000
2020-12-07,90.05297088623047,90.66058195291019,89.35961804606805,89.9796162202592,22288000
2020-12-08,89.77049255371094,90.00045570240857,88.77680884902743,89.63123209189808,19936000
2020-12-09,88.1116943359375,90.61500208868797,87.32566494275066,89.72241179325566,31728000
2020-12-10,87.60568237304688,87.96945350590143,85.91467559079892,87.35539924282726,28688000
2020-12-11,87.96003723144531,88.08443768580932,86.86673495252047,87.22654341563204,18628000
2020-12-14,86.84294891357422,88.70345045595626,86.687822672267,87.75784057609782,33050000
2020-12-15,87.28005981445312,87.42477269145496,86.31809276182877,87.21959136940156,21352000
2020-12-16,87.08727264404297,87.67803488029331,86.6843513067573,87.67803488029331,24676000
2020-12-17,86.26060485839844,87.55909602721862,85.79672351081625,87.42131779941667,34880000
2020-12-18,85.55238342285156,86.64965590183743,84.99631718680045,86.54112123455688,85256000
2020-12-21,85.96571350097656,86.0866428328885,83.95553843795113,84.70538953138244,33974000
2020-12-22,85.25502014160156,85.86907434812254,84.53936593674798,85.70651435079037,20370000
2020-12-23,85.6520004272461,86.43902043412434,85.30358842239465,85.43889376166366,22974000
2020-12-24,85.9458999633789,86.35477287610888,85.45970970994662,85.69016438918781,9312000
2020-12-28,87.91841125488281,88.56468110271734,86.32554086570106,86.47867821131298,27650000
2020-12-29,87.11553192138672,88.63753562271515,86.98419679793523,88.57608406440532,19726000
2020-12-30,86.04947662353516,87.61112952417417,85.64060373303981,87.4743419671934,21026000
2020-12-31,86.86177062988281,87.10263105359851,86.04153690500131,86.10002401699556,21070000
2021-01-04,85.54792785644531,87.34994209759138,84.60677228691033,87.22653987680384,37324000
2021-01-05,86.2378158569336,86.5738332163736,85.09048820170439,85.4963891255804,20360000
2021-01-06,85.38684844970703,86.43208444826773,84.05962045926168,84.26579245837004,46588000
2021-01-07,87.93724060058594,88.10970726571644,85.57914501224703,85.57914501224703,41936000
2021-01-08,89.10142517089844,89.1772527342026,87.2870085349712,88.07700817599742,35484000
2021-01-11,87.04267120361328,88.43482947963955,86.83699831013621,88.07006012945878,34796000
2021-01-12,86.10795593261719,87.61806393795727,85.06470881881626,86.500970600687,29528000
2021-01-13,86.59465026855469,87.04763429733303,85.6069030910112,85.6069030910112,23432000
2021-01-14,85.78531646728516,87.60072359261585,85.54494757680975,86.6749271380058,29212000
2021-01-15,85.62177276611328,86.61298351886033,84.8332704806772,85.69115721631205,31444000
2021-01-19,88.43929290771484,89.39927873716123,85.87998609845495,86.38401590342727,41660000
2021-01-20,93.17727661132812,94.15113930596509,90.17589074243995,90.51587074805265,64152000
2021-01-21,93.37948608398438,95.75492235156246,93.1445696134799,93.85031725362155,58634000
2021-01-22,93.79627227783203,94.38257266508485,93.00032879786008,93.74175539393433,32744000
2021-01-25,93.88153076171875,95.2464344214254,92.14096797256826,94.79642238688461,50586000
2021-01-26,94.55902862548828,94.94560022121779,92.98201646312953,93.47067962234644,31462000
2021-01-27,90.14763641357422,93.19709601317666,89.07415506455348,92.92153956485564,82512000
2021-01-28,91.8455810546875,93.56978632762217,90.74533664502225,90.74533664502225,55278000
2021-01-29,90.56493377685547,91.56506801621617,89.28627865285289,90.89500711521993,44530000
2021-02-01,93.82156372070312,94.9351859580172,91.41886545698281,91.41886545698281,40252000
2021-02-02,95.11260986328125,96.61181293798191,94.48070854008223,94.81574275927689,66332000
2021-02-03,102.03919219970703,104.40521311475487,99.79261084029514,102.37273664955377,97882000
2021-02-04,101.77900695800781,102.55561366138531,100.86064423524446,102.1254300837505,48596000
2021-02-05,103.52352905273438,103.87590372687838,101.59909567696245,102.07289124062606,29866000
2021-02-08,103.30992889404297,104.82053612407776,102.26073770644324,104.07712806646019,28828000
2021-02-09,102.8574447631836,104.00328263700314,102.5903127397753,102.82820120258684,21892000
2021-02-10,103.40705871582031,104.02161204925905,101.7101080573944,103.24152671661228,25102000
2021-02-11,103.51957702636719,103.77976683417323,102.53381868080754,103.63109126533446,20480000
2021-02-12,103.83081817626953,104.05234930696858,102.7672433912403,103.07452387303502,18990000
2021-02-16,104.60743713378906,106.31430228054721,103.66826276783938,103.66826276783938,31004000
2021-02-17,104.99993896484375,105.18926208138022,103.49974516060348,103.77876516091223,20294000
2021-02-18,104.36506652832031,105.16696166739435,103.74655051019732,104.32492564110814,22546000
2021-02-19,103.52253723144531,104.99795680679689,103.2559043418766,104.46320124720552,37938000
2021-02-22,101.81022644042969,103.10227454350802,101.49998153147995,101.77751932937039,29466000
2021-02-23,102.10066223144531,102.71422501863167,98.63687667942327,99.81443868602885,34658000
2021-02-24,103.27474212646484,103.49826214728957,100.48547967083988,100.60987256668675,22608000
2021-02-25,99.91156005859375,103.23459480191558,99.44271782605095,101.89299077097074,41548000
2021-02-26,100.20693969726562,101.92222910849493,99.17112631812763,100.60540682700322,40042000
2021-03-01,102.57344818115234,102.89905971367365,100.82693407602981,101.49996692019756,26060000
2021-03-02,102.31673431396484,103.81643661615159,101.92967118650496,102.33457386845907,25564000
2021-03-03,99.68655395507812,102.88716945584571,98.82369885225702,101.69573836758674,33892000
2021-03-04,100.80265808105469,102.81778652007944,99.39017985813133,99.85803141312911,49216000
2021-03-05,103.9319076538086,104.3843925386932,100.49785788710042,102.15169566185985,53100000
2021-03-08,99.4927749633789,104.75808274317625,99.37828873496463,103.28713246318019,36868000
2021-03-09,101.12133026123047,102.28897784929946,100.88542314472488,101.58670894507843,33920000
2021-03-10,100.91466522216797,102.16408434665642,100.07907232110979,102.16408434665642,27100000
2021-03-11,104.1038818359375,104.63566538410922,101.91875964200801,102.00648275291233,27702000
2021-03-12,101.5990982055664,102.96746538300351,100.72782616573727,102.9079951600995,33818000
2021-03-15,101.81915283203125,101.84640749828267,100.49836780849861,101.35031056133477,26168000
2021-03-16,103.2787094116211,104.75511215690847,102.05951689510228,102.39157157977236,31900000
2021-03-17,103.1959457397461,104.02756850004303,101.30769041084375,102.51448832742192,26382000
2021-03-18,100.17868041992188,102.52834375476992,100.07162798395954,101.50888029141808,31700000
2021-03-19,100.45722198486328,100.95679000162345,99.26628238475064,100.59450866025328,46072000
2021-03-22,100.64208221435547,101.51682534830367,99.8149137452383,100.49042709934655,33536000
2021-03-23,101.16940307617188,102.29839198447732,100.50876484586558,101.10100929699755,28510000
2021-03-24,100.73329162597656,102.47137415101128,100.55833692294446,101.68633534543278,25218000
2021-03-25,100.72979736328125,101.3830017702902,98.92727656545988,100.56079425955063,35616000
2021-03-26,100.34671783447266,101.07326949778158,99.31188744563899,100.69661210830016,27978000
2021-03-29,101.39046478271484,101.55996704955191,99.39119409081465,100.21935339944295,26492000
2021-03-30,101.42415618896484,102.22703448790296,100.91269258418674,101.74679577665506,27312000
2021-03-31,102.21959686279297,103.39616804886353,101.45041637085228,101.81716706219301,42570000
2021-04-01,105.55303955078125,105.84891601894121,103.65239718036233,103.69303718393783,39880000
2021-04-05,109.97284698486328,110.4699421342313,106.31775738977792,106.4139049523274,48510000
2021-04-06,109.49209594726562,110.42086434967698,109.12188174590547,109.57436661004975,35240000
2021-04-07,110.96752166748047,111.23861633474729,109.68241587965444,109.68241587965444,24134000
2021-04-08,111.53251647949219,112.59113031315094,111.1647751250388,112.20505028993573,28664000
2021-04-09,112.5356216430664,112.69917231745536,110.87980246049328,111.28521181469488,26146000
2021-04-12,111.24458312988281,111.85268587954289,110.41196211759205,111.71540675186817,25024000
2021-04-13,111.73075103759766,112.17878171242072,111.16675191989482,111.56026570494154,25682000
2021-04-14,111.1102523803711,112.3750381583166,110.81834616308481,112.3750381583166,21002000
2021-04-15,113.25821685791016,113.79099869324847,111.56919891951989,112.1034629731022,29174000
2021-04-16,113.13431549072266,113.70376710281464,112.54801498961537,113.45596441194692,26282000
2021-04-19,113.48172760009766,114.19192938868903,112.51133603226087,112.51133603226087,30290000
2021-04-20,112.94895935058594,113.93967097136371,111.86408150000248,113.8648340768763,22288000
2021-04-21,112.91625213623047,112.99802369437015,111.25448135103781,112.60401833502164,23204000
2021-04-22,111.63610076904297,113.43812268908319,111.03146160989212,112.77004307784593,24146000
2021-04-23,113.98576354980469,114.29254490612311,112.06876386145632,112.35373543564587,29066000
2021-04-26,114.48137664794922,115.2049638616611,113.85641745009418,114.21325394420712,32038000
2021-04-27,113.54218292236328,114.90360767306468,113.30329627508311,114.86296767678486,44386000
2021-04-28,116.915283203125,120.50048895349634,116.62684053810642,118.57357518868605,81106000
2021-04-29,118.58646392822266,119.15145371385512,117.64927102297919,118.41151681600597,41234000
2021-04-30,116.64071655273438,118.04575341768243,116.29676633533462,117.36033342946197,44856000
2021-05-03,116.12429809570312,118.03089194443908,115.748631417019,117.20620391311888,28242000
2021-05-04,114.32772827148438,115.22774474351102,111.84226774409919,114.66077361466583,44818000
2021-05-05,114.72124481201172,115.7238519784705,114.39959590373067,115.40815462993878,26636000
2021-05-06,115.84031677246094,115.84031677246094,113.64428958784119,114.30294649647725,25190000
2021-05-07,116.56290435791016,117.52041727105686,116.2769421311953,117.15565548855925,28898000
2021-05-10,113.58035278320312,115.52560521194692,113.22301722709163,115.38385676397111,30914000
2021-05-11,112.50537872314453,113.01188892902981,110.71426189771958,111.16774499673892,34186000
2021-05-12,109.04556274414062,111.41109213197748,108.71697918414294,110.33116766435154,46376000
2021-05-13,110.47241973876953,110.98784598165807,109.36622368361735,110.32769928437514,33204000
2021-05-14,112.91773986816406,113.23195501720761,111.51121303818194,111.93446197829431,31996000
2021-05-17,113.44010162353516,113.48272295866457,111.78428241583579,112.18374021644,21598000
2021-05-18,112.12922668457031,114.36986421874587,112.11534979452306,114.10570419354653,22204000
2021-05-19,112.5767593383789,112.74972513246455,110.29400712295823,110.44219113551104,23684000
2021-05-20,114.33367156982422,114.58394711106348,113.17246716937612,113.54318048882286,32352000
2021-05-21,113.69831848144531,114.9254439817574,113.45894022703361,114.8520893009021,40632000
2021-05-24,117.014404296875,117.23791673774083,114.58197094605173,114.727182946644,31832000
2021-05-25,117.1051025390625,118.15231234760691,116.7150598583625,117.55758744041395,22440000
2021-05-26,117.96943664550781,118.3996202017259,117.28301841520451,117.28599041375585,21572000
2021-05-27,117.09568786621094,118.40259591136595,116.77751007748608,118.40259591136595,35224000
2021-05-28,116.80673217773438,117.75928409815336,116.60849308562686,117.67751255230158,21482000
2021-06-01,118.01256561279297,118.23707631258098,116.67938586720457,117.67852956724136,23354000
2021-06-02,117.48771667480469,118.63008342686042,116.5842214876714,118.40755407398083,21158000
2021-06-03,116.34732818603516,116.81517979607065,115.45226497101265,116.25564239868717,18696000
2021-06-04,118.62660217285156,118.89720528416072,117.08229729733962,117.42228485227457,24458000
2021-06-07,119.05928039550781,119.16881330030914,118.00364606009472,118.42193410416897,24120000
2021-06-08,118.86797332763672,119.91271031100788,118.68658309033567,119.54051472569788,24240000
2021-06-09,119.33879852294922,119.58362163847241,118.79164827724793,119.51176430716637,17942000
2021-06-10,120.68634796142578,120.7294684105752,119.1326278842615,119.2882456679508,25904000
2021-06-11,120.4420166015625,121.01295040637044,119.88495212398634,120.92770773649222,21958000
2021-06-14,121.36930847167969,121.36980002367956,119.83739044524599,120.54412122364742,22098000
2021-06-15,120.3523178100586,121.69639482901378,119.99201021626274,121.37375524077353,21562000
2021-06-16,119.71099090576172,120.8147064780467,118.41994111291582,120.5034633601868,26472000
2021-06-17,120.6734619140625,121.44561439859767,119.44089162710867,119.6366578615454,25842000
2021-06-18,119.05531311035156,120.53419632623287,118.96015621393956,120.30027053137374,46116000
2021-06-21,120.74185180664062,120.92770381044767,118.84467309980958,119.44138689425938,27414000
2021-06-22,121.25529479980469,121.32418769238659,119.99993168735884,120.67989924350617,22390000
2021-06-23,121.0536117553711,122.01359775169043,120.76368680380314,121.02040552493823,19148000
2021-06-24,121.4233169555664,121.97393077663716,121.22507783037003,121.62155608076279,21362000
2021-06-25,121.43174743652344,121.55515723452831,120.49654331371744,120.92771759173975,34594000
2021-06-28,121.45899963378906,121.70581164707463,120.33843513053769,121.6002414137362,28526000
2021-06-29,121.19781494140625,121.93974078212915,120.62142867598224,121.59231941946096,23108000
2021-06-30,121.01641845703125,121.18244957571629,120.28787799190353,120.92225223112071,24474000
2021-07-01,121.3683090209961,121.5095508061829,120.4633316053769,120.65512761950698,18110000
2021-07-02,124.15657806396484,124.30179007333106,121.97789880918043,122.06760325950343,25982000
2021-07-06,125.08089447021484,125.31680161439682,123.48751734657333,124.54414994495568,26404000
2021-07-07,125.36237335205078,126.1652515494569,125.04419558400707,126.04432978040667,24060000
2021-07-08,123.9449462890625,124.49159740298323,122.93193339631354,122.93589606105768,23790000
2021-07-09,124.41527557373047,124.62937290029038,123.45677202918988,123.92611335864795,18632000
2021-07-12,125.85948181152344,125.95265737591463,124.50697281548125,125.06899063825736,17668000
2021-07-13,126.2222671508789,126.93196989649446,125.56112974067463,125.92192889241436,19240000
2021-07-14,127.1098861694336,128.18981821391048,126.79021860093354,126.83333904936362,23742000
2021-07-15,125.88871002197266,127.56881182649684,125.41788646020213,127.51826516357463,24218000
2021-07-16,125.85403442382812,126.6881376328754,125.04471299684245,126.54094428345613,20424000
2021-07-19,123.4830551147461,125.09575390814824,122.41948035880777,124.98126767561185,27968000
2021-07-20,125.10021209716797,125.92638235763302,123.25755022531956,124.42419961251387,26312000
2021-07-21,126.42794036865234,126.474524368803,124.91584338583961,125.02487717060785,20746000
2021-07-22,127.29275512695312,127.35372269021474,126.37837023776311,126.72033913018305,14302000
2021-07-23,131.8458709716797,132.22649848559698,128.65963179106353,129.28408415405738,41506000
2021-07-26,132.85693359375,133.05715404694908,131.13866459340358,132.1566459971667,30572000
2021-07-27,130.7406768798828,133.21772036685556,128.9604724988499,133.0705270393317,54710000
2021-07-28,134.8978271484375,137.08146728842348,134.08850576613955,135.11391338631623,95130000
2021-07-29,134.5841064453125,135.45984024693942,134.35167044138507,134.95333000907334,31716000
2021-07-30,133.54234313964844,134.11526579950234,133.07499070592388,133.84813380324206,25576000
2021-08-02,133.6692352294922,134.14699347911008,132.61805515773415,133.92942502207725,21634000
2021-08-03,134.43792724609375,134.53902058511594,132.1477335764231,133.94726760946617,20762000
2021-08-04,133.9378204345703,134.45721680325104,133.30492852555645,134.15985062274868,19676000
2021-08-05,135.05392456054688,135.1515694510379,133.66077578297282,134.48794416292228,17870000
2021-08-06,134.54547119140625,135.27302867961484,134.02162798493478,134.8463161522818,20488000
2021-08-09,135.70962524414062,135.9782545970757,134.14995363195558,134.74766566385927,17760000
2021-08-10,135.6045684814453,136.56158228756237,135.16595290851137,136.13485470912244,19414000
2021-08-11,135.08120727539062,136.47235972924676,135.07376593544024,135.97577128495558,15352000
2021-08-12,135.98814392089844,136.09321502482874,134.2351943102001,134.78034802692147,16506000
2021-08-13,136.51695251464844,136.64483162994733,135.82856812035942,136.04365610364334,15948000
2021-08-16,137.09385681152344,137.14639993489493,134.10981879520125,136.31625185991177,22384000
2021-08-17,135.46035766601562,137.05026370678758,134.88595268488515,136.5392916207769,21716000
2021-08-18,134.25848388671875,135.89943526363484,134.13210212068796,135.3002411007768,19258000
2021-08-19,134.4874725341797,135.15406239448427,133.0700483663603,133.2539190566179,21782000
2021-08-20,136.2216033935547,136.34500562415587,134.06125518787377,134.80466325730745,31194000
2021-08-23,138.8106231689453,139.63629421824447,136.39801088067517,136.7568286340333,28454000
2021-08-24,140.01992797851562,140.83123074253442,139.10503630618481,139.3756318907388,19268000
2021-08-25,140.83021545410156,140.9397483469501,140.13340657445173,140.38021101321203,15848000
2021-08-26,140.1973419189453,141.1657446019955,140.1145645733413,140.50411569948363,20610000
2021-08-27,142.73831176757812,143.2423415908645,140.25334264721428,140.40747821898057,28780000
2021-08-30,143.3196563720703,144.68753203308154,142.89590833586342,143.13082479723923,24434000
2021-08-31,143.4257049560547,143.89553786032653,143.01287695186656,143.8712627569478,22448000
2021-09-01,143.9391632080078,144.96853350536102,143.61008051608152,143.72555741436526,21936000
2021-09-02,142.02761840820312,144.2404946102544,141.9265099500036,143.9396648071746,32342000
2021-09-03,142.47613525390625,142.88798016222196,141.14889962263817,141.82293077721366,19850000
2021-09-07,143.01239013671875,143.29438972638894,142.3567051696293,142.57031097305716,20124000
2021-09-08,142.4280548095703,143.13082285164162,141.74313388446112,142.8334717334425,18344000
2021-09-09,142.27938842773438,143.04212585693128,141.91908838731538,142.5762555754694,15314000
2021-09-10,139.63780212402344,143.4465279342337,139.5010145668301,142.9449634747417,36840000
2021-09-13,141.08148193359375,141.6935471974466,140.00849226240882,140.70183751855052,22094000
2021-09-14,141.29164123535156,142.1029591253105,140.5041295860025,141.73868129488542,19674000
2021-09-15,143.1600799560547,143.1808915102632,140.10516764345076,141.51664778400357,27408000
2021-09-16,142.34779357910156,143.03173149903006,141.14991911518433,142.68530075918127,26190000
2021-09-17,139.56246948242188,142.18917178562248,139.23536813670114,141.7733642211635,53384000
2021-09-20,137.500244140625,137.77828102826925,135.1238250653687,136.9471499261735,46518000
2021-09-21,137.81101989746094,138.78092005656075,137.0626508817225,138.5212142285647,25332000
2021-09-22,139.0504913330078,139.64868731901853,137.33371982330885,138.07960825207437,25056000
2021-09-23,139.9748077392578,140.45108373468472,139.1674677468827,139.7483157407974,20952000
2021-09-24,140.9650115966797,141.07950537458137,139.00836284376217,139.30324860172112,22984000
2021-09-27,139.83209228515625,140.69097726660868,138.83641973309338,139.5669415885207,21882000
2021-09-28,134.6361541748047,137.87393879510293,134.17028392552325,137.4363214393238,45772000
2021-09-29,133.17262268066406,135.94553512593572,132.68842135183831,135.7760328990303,30848000
2021-09-30,132.50108337402344,134.3511790892162,132.3821429237052,133.081447432977,37996000
2021-10-01,135.34288024902344,135.70715804170354,132.8945886396275,133.26579353336834,35360000
2021-10-04,132.4847412109375,134.76551219994235,129.89817950948486,134.76551219994235,51202000
2021-10-05,134.8274383544922,136.0183854264284,132.8628642127643,132.8628642127643,32404000
2021-10-06,136.3558807373047,136.53925226777113,133.3673815558137,133.56562063943494,24364000
2021-10-07,138.00131225585938,138.81113270818318,137.4323522466048,137.67123135730094,25110000
2021-10-08,138.556884765625,139.097576749606,137.99386876227683,138.3502060903865,26526000
2021-10-11,137.69305419921875,139.47525527556462,137.63852974209917,138.0677377987258,17954000
2021-10-12,135.24972534179688,138.28084658816041,134.56677058487705,138.25407591116456,36332000
2021-10-13,136.37278747558594,136.7871129322512,135.31912671269674,136.19486075177014,19654000
2021-10-14,139.91038513183594,140.09523891303556,137.6048250070832,138.24812282051505,31894000
2021-10-15,140.12547302246094,140.47240282360914,139.51786944318084,140.3698121513104,30274000
2021-10-18,141.5230712890625,141.5409184042978,139.8295917986677,139.83653402400074,20396000
2021-10-19,141.97804260253906,142.39980927751645,141.346647938062,142.1272172677941,20164000
2021-10-20,140.52294921875,142.28433864697428,140.1338971977449,142.0781590742051,23288000
2021-10-21,140.63893127441406,140.90656241415812,139.26511158996246,140.52295525974566,26292000
2021-10-22,136.3573760986328,139.34735778624022,134.86015436540723,137.92695427249757,50588000
2021-10-25,136.2389373779297,136.7870707005219,134.23370805453146,136.3410289296942,34412000
2021-10-26,138.08407592773438,138.85175904468622,137.08890257767035,138.03947326185792,49236000
2021-10-27,144.93234252929688,147.34345760422508,138.17971995180935,138.17971995180935,85782000
2021-10-28,144.5670928955078,145.86459342888665,143.3558332615814,145.84130142868378,36206000
2021-10-29,146.7447967529297,146.93907321937613,143.37814969215017,143.8028808506359,43320000
2021-11-01,142.2357635498047,146.74479239872048,141.96665019325252,146.74479239872048,46924000
2021-11-02,144.1542510986328,145.3204089612238,143.0668927959046,143.3087514833836,33482000
2021-11-03,145.30950927734375,145.3798843880956,143.3201457071093,144.61813015361963,27494000
2021-11-04,146.96434020996094,148.41745854274853,145.02205961897133,145.83138101023934,38412000
2021-11-05,147.543701171875,149.00622700469464,146.89445936853247,147.85840028668068,38354000
2021-11-08,147.72113037109375,149.29120778593392,147.1258987759427,148.50814284863625,23052000
2021-11-09,147.609619140625,148.5175685400609,145.9508203469495,147.92135382889896,19530000
2021-11-10,144.61117553710938,146.768558932235,143.26710632236433,146.20356163758896,29970000
2021-11-11,144.4853057861328,146.2387698135398,144.32076445094071,145.20195824365715,16518000
2021-11-12,147.37123107910156,147.5417315550425,144.1329471350042,145.32685883285086,22360000
2021-11-15,147.14720153808594,148.2350588729297,146.27791087379003,147.59176109433906,23508000
2021-11-16,146.57627868652344,147.45497691847146,146.01772444610071,146.84737335766715,18904000
2021-11-17,146.7457733154297,147.25376579403348,145.9458745981903,146.72644398004232,19594000
2021-11-18,148.52151489257812,149.25699753565374,146.58469452521086,146.9385513960959,35608000
2021-11-19,147.61753845214844,149.6396167460154,147.5902837878737,148.6573144815026,33682000
2021-11-22,145.01611328125,148.51260548030166,144.86297594328792,148.0199796793374,30594000
2021-11-23,144.5006866455078,145.37097563328547,142.84834603035105,144.86842802033317,27218000
2021-11-24,144.83570861816406,144.96407174008007,143.1040693827115,144.19489123717437,18040000
2021-11-26,140.93331909179688,143.28694554808493,140.59581194677827,143.0797828608647,30470000
2021-11-29,144.25140380859375,145.0116607886392,142.62878315864714,142.73435339938078,32596000
2021-11-30,140.6503448486328,144.71678060777072,140.3569412412241,143.7339942267299,42068000
2021-12-01,139.81175231933594,144.66769552061407,139.67348254273247,142.73433859612626,34020000
2021-12-02,141.7094268798828,142.60002820764856,138.98210021683846,140.00850599610223,29194000
2021-12-03,140.75341796875,143.1308356569036,139.0678634936082,142.41816088869103,41230000
2021-12-06,141.8967742919922,142.5881383480877,138.91818113605103,141.7832787246902,30618000
2021-12-07,145.97512817382812,146.23433489507894,143.9510682210104,144.31682829453172,32240000
2021-12-08,146.88404846191406,147.0887458286458,145.11921050310966,146.2992377347049,24270000
2021-12-09,146.34085083007812,147.78950718555691,145.8219535305744,146.29376772137593,23270000
2021-12-10,146.70066833496094,147.66808793780228,145.41457182465953,147.39303059375538,24458000
2021-12-13,144.5447998046875,146.66945372410888,144.23851000057718,146.48260348264037,27070000
2021-12-14,142.6421356201172,143.2100973344862,139.97379546422343,142.70260406211887,38446000
2021-12-15,145.15386962890625,145.43140739427682,140.432732932182,142.14852130912658,36370000
2021-12-16,143.17543029785156,146.37901781040114,142.3447831853687,145.87696937173112,33650000
2021-12-17,140.4793701171875,142.5703265958565,140.05810246195654,141.24755251079608,50416000
2021-12-20,140.3623809814453,140.52841967849685,138.09647759296158,138.7695105661895,27192000
2021-12-21,142.21148681640625,142.60450151263055,139.26758970259098,140.80495248159482,28756000
2021-12-22,145.1280975341797,145.2123570924687,141.81003144963466,141.81003144963466,26322000
2021-12-23,145.6251983642578,146.94053073802044,145.16477304721343,145.21235527070144,26384000
2021-12-27,146.60650634765625,147.0401610488901,145.87598451208166,145.96172629853862,15976000
2021-12-28,145.39772033691406,146.9955515001699,144.77078743444807,146.93310171719043,18200000
2021-12-29,145.3660125732422,146.12132376201117,144.3673755989165,145.35560679623677,17788000
2021-12-30,144.9154815673828,146.00532013112664,144.71129848162374,145.40464374216947,15688000
2021-12-31,143.578857421875,145.40912459334086,143.578857421875,144.76632590571236,18136000
2022-01-03,143.71714782714844,144.56909064299023,142.44988137611608,143.78008160886833,28646000
2022-01-04,143.13034057617188,145.19750561007717,142.45334497286012,144.11807263912576,28400000
2022-01-05,136.5640411376953,143.22943968889484,136.4778153700128,143.1506401362504,54618000
2022-01-06,136.5367889404297,138.71002316784708,135.35824405520043,135.79437916865325,37348000
2022-01-07,135.81271362304688,137.23163499485634,134.57320114440378,136.93128920152486,29760000
2022-01-10,137.45069885253906,137.59938954533916,131.9940937569273,133.89077354018556,44408000
2022-01-11,138.5078125,138.9836045313537,135.49107504085617,136.7940204323314,28730000
2022-01-12,140.18743896484375,141.35459515725228,139.45791529880384,139.90940202922133,26108000
2022-01-13,137.36891174316406,141.59444309970127,137.19246729901857,140.29594448293275,31436000
2022-01-14,138.2545623779297,139.50497974939202,135.79438276109653,135.87416542111617,29662000
2022-01-18,134.8026580810547,135.92619443094736,134.24808168822284,134.97810429036687,34872000
2022-01-19,133.92893981933594,136.74695452608606,133.82882958181867,135.32357116715727,28648000
2022-01-20,132.1358184814453,136.41637384209355,131.79583090485298,135.05246087078947,29908000
2022-01-21,129.20584106445312,133.6801598591147,128.94317075658307,131.42814046423211,55652000
2022-01-24,129.65431213378906,130.0498072200361,123.4057196661227,124.87072578658847,76622000
2022-01-25,125.81932830810547,128.26167595997225,125.38865318603597,127.60847149388137,46960000
2022-01-26,128.0971221923828,131.8310108586025,126.0244974232128,129.96654697196033,49130000
2022-01-27,127.87113952636719,131.48657203766555,127.79926707176217,130.1499289030449,31950000
2022-01-28,132.17893981933594,132.18439982716436,127.3557110756648,128.51938847818633,34362000
2022-01-31,134.11427307128906,134.28229308420728,131.04747300112987,132.9828112703711,39986000
2022-02-01,136.43418884277344,136.5818812789118,133.1874810681943,136.38512440213515,68644000
2022-02-02,146.69918823242188,150.21451067811546,144.24347030048295,149.92062310914736,123200000
2022-02-03,141.8323516845703,148.35948154682154,141.41158317819725,144.42487252128518,71518000
2022-02-04,142.03355407714844,143.6016501301799,139.27997087416557,142.18372697506842,57998000
2022-02-07,137.97752380371094,142.9821426046324,137.67915934204296,142.9821426046324,54974000
2022-02-08,138.1737823486328,138.76949792204235,135.80975027534387,137.80455878303823,54284000
2022-02-09,140.3475341796875,141.2718486626082,138.95488402410078,139.72456379307548,40144000
2022-02-10,137.40164184570312,140.24096723376755,136.74447462445005,138.4756300439531,39330000
2022-02-11,133.10223388671875,137.93338716203198,132.22748330338067,137.3817903404271,39958000
2022-02-14,134.3348388671875,135.10203810058192,132.08528518005716,132.08528518005716,34302000
2022-02-15,135.40782165527344,136.8946378100411,134.62773623845976,136.36135685706915,26680000
2022-02-16,136.52737426757812,136.87230757588372,133.73809706927898,135.44546098409901,25022000
2022-02-17,131.37408447265625,135.90837156390384,131.31411513265346,135.04552392763165,38950000
2022-02-18,129.2568359375,132.89161259379068,129.05215373124426,132.29390062238596,45620000
2022-02-22,128.67251586914062,131.01870043792354,127.09647962293029,128.69679096846758,44990000
2022-02-23,126.46658325195312,130.89035389025435,126.40661391799688,130.49139522919555,32786000
2022-02-24,131.52471923828125,131.83100899869677,123.85523180480044,123.85523180480044,54456000
2022-02-25,133.2777099609375,134.0825696110589,130.5935034058996,132.37818496175834,36406000
2022-02-28,133.8699493408203,134.5583337933557,131.427102602085,131.88058572904305,38864000
2022-03-01,132.88316345214844,135.0578795970025,132.04758580106554,133.69298378614425,26496000
2022-03-02,133.3887176513672,134.07363858013736,131.90190155372292,133.4447243246417,23520000
2022-03-03,132.72262573242188,135.24029431326773,131.8562994539406,134.81456495195397,24604000
2022-03-04,130.74713134765625,132.6750434625872,129.19192148220066,131.75916874799498,30430000
2022-03-07,125.2677230834961,130.57714191731998,125.18495329978524,130.3323188037654,45112000
2022-03-08,125.98735046386719,130.0964149357728,124.56991874531153,125.14036103345764,40428000
2022-03-09,132.24732971191406,132.56006261647792,128.75876292905036,130.0964043089668,37026000
2022-03-10,131.2655487060547,132.10064255507427,129.76188368845354,130.11227705245972,27102000
2022-03-11,128.72903442382812,132.61953964393146,128.49213662745805,132.31523116771578,31526000
2022-03-14,124.84397888183594,129.26279649048794,124.17392551133625,129.10519737260148,38812000
2022-03-15,128.06243896484375,128.71317811067638,124.61550282436785,125.85996865327388,30920000
2022-03-16,132.1090545654297,132.16108344524727,127.6030057057171,129.58394480607387,35576000
2022-03-17,132.6626739501953,132.9020522183908,131.02320430101446,131.97873604106536,28264000
2022-03-18,134.92909240722656,135.04655066517805,131.0960752302845,132.2518275843102,44566000
2022-03-21,134.90528869628906,135.84545378656605,132.91394338144454,134.96674026176896,26832000
2022-03-22,138.63865661621094,139.81027445788428,134.90526665885673,134.90526665885673,35496000
2022-03-23,137.06016540527344,138.36162868482575,136.62354624695533,137.48341434965386,25154000
2022-03-24,140.32769775390625,140.37428175630868,136.53978312219112,137.97653660408002,26396000
2022-03-25,140.42782592773438,140.78664378948878,138.50933614210646,140.6686864254767,24126000
2022-03-28,140.21221923828125,140.75440862104264,138.5826564041628,139.66208940065627,35050000
2022-03-29,141.2529754638672,142.52966445696305,140.79008476675781,141.39374081978931,34318000
2022-03-30,140.69097900390625,141.4661035387116,140.35545318525374,141.20789506521558,19884000
2022-03-31,137.84519958496094,140.85897258818176,137.80257825062185,140.80444813456486,37524000
2022-04-01,138.91867065429688,139.23634932313234,137.0918670617453,138.27389064424523,25942000
2022-04-04,141.7148895263672,142.4488900673313,139.07728210128434,139.12486433293225,25942000
2022-04-05,139.35528564453125,141.73368579741756,139.1486221170371,141.6132631535425,21418000
2022-04-06,135.3478546142578,138.13563495181108,134.32591048530927,137.53049665262756,32468000
2022-04-07,134.6941680908203,135.9589541832873,133.04775611720527,134.81459077890295,26234000
2022-04-08,132.11599731445312,134.4775488545769,131.7968213100517,134.39180707525873,25142000
2022-04-11,127.69124603271484,130.93151135411028,127.53760956872993,130.66487843192186,36884000
2022-04-12,126.59198760986328,130.44334266181815,125.67462307577014,130.44334266181815,32710000
2022-04-13,128.7523193359375,129.18845446203287,126.61824282890016,126.87496906105243,27928000
2022-04-14,125.61613464355469,129.33268319605867,125.48826307957773,129.33268319605867,31598000
2022-04-18,126.55431365966797,127.0855981275949,125.07295002814799,125.88376118192888,20808000
2022-04-19,128.86630249023438,129.187444684176,125.8832479970726,126.5691670682094,26490000
2022-04-20,126.91461181640625,130.24409728114765,126.37936469139383,129.74154970357304,31696000
2022-04-21,123.71746063232422,128.95501432098166,123.43198996855905,128.11397656104157,36446000
2022-04-22,118.58399200439453,124.2998111661898,117.87974172587664,123.9013440203295,56884000
2022-04-25,121.99226379394531,122.19397402288331,117.46937340165847,118.05418408752932,46128000
2022-04-26,117.6071548461914,121.43322887611035,117.46937661496328,121.21962308439458,73054000
2022-04-27,113.28993225097656,116.2115203098223,111.74562732959535,113.46338958402451,91820000
2022-04-28,117.48078155517578,118.59787504178948,113.11201872859588,115.39180660167489,48884000
2022-04-29,113.10655975341797,116.88356939125211,112.81415439821426,115.70848796251151,42676000
2022-05-02,115.55831909179688,115.71938932068893,111.61032511577044,112.4082500446914,35534000
2022-05-03,116.30271911621094,117.40098229604361,115.01464126005,115.40715683615127,24968000
2022-05-04,121.18640899658203,121.77469077330238,114.10420454212863,116.00287299219873,49916000
2022-05-05,115.48150634765625,119.97516100768799,113.99469020299561,119.14750092797412,45840000
2022-05-06,114.72917175292969,116.5381358862753,113.01339074570949,114.17211482737774,39710000
2022-05-09,111.52210998535156,114.06555854767906,111.0160988528587,112.25461312851758,40802000
2022-05-10,113.38954162597656,115.22824075207245,111.90817806145773,114.4922665247754,39900000
2022-05-11,112.60401153564453,115.34173644656327,112.24123109079025,112.24123109079025,37534000
2022-05-12,111.85218048095703,113.29042361789074,108.85921908657511,110.3985706744424,53836000
2022-05-13,115.0304946899414,116.83895961506994,112.60649331317624,113.52633065893913,35038000
2022-05-16,113.4391098022461,115.14894677053942,112.88849600182488,113.94512093552153,25990000
2022-05-17,115.44927978515625,115.87252867662438,113.8603722292567,115.81355000837539,23054000
2022-05-18,110.91598510742188,114.38572183997256,110.57500685562273,113.9892360282762,35126000
2022-05-19,109.4137954711914,112.01671400842774,109.03316793210402,110.45208919807725,34144000
2022-05-20,107.9507827758789,111.19749876704485,104.86663436993842,110.96703650906717,48962000
2022-05-23,110.50811004638672,111.16181369829215,107.78525231071643,108.62431643799094,37184000
2022-05-24,105.03860473632812,105.5228136697581,100.98901060230938,104.8423469431348,76780000
2022-05-25,104.87505340576172,105.56394457254443,102.94367769195411,104.0627524475445,40258000
2022-05-26,106.84508514404297,107.69454740943145,104.3001467738534,104.74817746889774,37948000
2022-05-27,111.32931518554688,111.33080496604357,108.17924616749293,108.52072351941294,37914000
2022-05-31,112.76211547851562,114.71777381462744,111.0934100457265,111.75553808376368,50012000
2022-06-01,112.89096069335938,116.07225439334378,112.25460515544829,113.84550156256307,36606000
2022-06-02,116.58866882324219,116.86323458869028,111.95377304234565,112.99801076939922,37992000
2022-06-03,113.53427124023438,115.29912428517936,112.5207591526129,115.04239803816901,26136000
2022-06-06,115.79373168945312,118.29802241385896,115.14300011660191,115.6787463489471,33542000
2022-06-07,116.11984252929688,116.65658702589174,114.0407818998257,114.46551304706918,31590000
2022-06-08,116.1639404296875,117.52834484529313,115.57515955281724,115.73523910380932,26108000
2022-06-09,113.82618713378906,117.25924660830835,113.76720845942926,115.30507039819871,25798000
2022-06-10,110.18446350097656,112.28335238911357,109.39595372206405,111.45668305650874,41452000
2022-06-13,105.4573974609375,107.83530667844167,105.18630275754612,105.8479317354448,47252000
2022-06-14,105.77754974365234,106.97592316690826,104.87009945591228,105.5986399557648,33706000
2022-06-15,108.79975128173828,110.44416645951732,106.7231636370719,107.59096455911155,39698000
2022-06-16,105.10155487060547,107.6935690899347,104.2139253852508,106.27861773864792,51684000
2022-06-17,106.20178985595703,107.7441135350495,104.12272168588028,105.10154532268795,51376000
2022-06-21,110.56360626220703,111.50079919576064,107.64548168742688,107.97208392269314,47416000
2022-06-22,110.50761413574219,112.35026855081978,109.4123229035937,109.58479714760662,30774000
2022-06-23,111.2554702758789,111.7515747494861,109.529283524712,111.24506449929154,28362000
2022-06-24,116.93807220458984,117.04116198171148,111.9597177381019,112.00184751717647,41164000
2022-06-27,114.81541442871094,117.53727377160598,114.16715569950595,117.23347197127057,36420000
2022-06-28,111.02303314208984,116.27843425509606,110.86493491306922,114.78467596630205,35792000
2022-06-29,110.7197265625,112.1659026711125,109.89801049848562,110.57154255312791,24716000
2022-06-30,108.00527954101562,109.91336299699368,105.81173299422112,109.03316748819037,43170000
2022-07-01,107.78177642822266,108.28976888662308,105.79241280402681,106.98434306481707,35476000
2022-07-05,112.26749420166016,112.38049064467288,104.80218931259407,106.15915998193664,39342000
2022-07-06,113.56499481201172,114.57355354870796,110.49620571439615,112.30616050739741,37432000
2022-07-07,117.73898315429688,118.14191207685637,113.82420284830546,114.06853442164258,40936000
2022-07-08,118.30447387695312,118.63305746114801,115.87402164356276,116.21946167906191,38238000
2022-07-11,114.65978240966797,116.96088070050413,114.31682284364507,116.96088070050413,31196000
2022-07-12,113.0183334350586,115.94587292313885,112.69074055561225,115.19354138227133,29960000
2022-07-13,110.3747787475586,113.19229389367698,110.22411430080437,110.71922052622219,43722000
2022-07-14,109.39745330810547,110.11657870733588,107.4204842436842,109.24183551851672,37004000
2022-07-15,110.7950439453125,112.14607058469424,109.9252617490399,111.01609105740265,46770000
2022-07-18,108.07170867919922,112.68084025664578,107.41751350561796,111.64998015183659,43164600
2022-07-19,112.80967712402344,113.01783044467969,108.59703203078138,109.87569462538704,36530900
2022-07-20,112.89889526367188,114.38571124810389,111.4913779467038,112.17530815715327,35600400
2022-07-21,113.33502960205078,113.54319050720274,110.13342322528176,113.27555937905743,32676200
2022-07-22,106.95164489746094,111.35261562744701,105.56394829009997,110.02439680939997,48901200
2022-07-25,106.5650634765625,108.90432131164432,105.36569944827403,107.45715461067633,34690900
2022-07-26,104.0969467163086,106.25778639316266,103.1552995551691,105.66306147231995,47991000
2022-07-27,112.0662841796875,112.9088193610781,107.06067446511638,108.29968789382276,59858500
2022-07-28,113.2160873413086,113.33502778538879,110.48034369240179,111.3823490591432,32816600
2022-07-29,115.2976303100586,115.68420188473884,112.06628125487264,112.08610970412361,37223400
2022-08-01,113.8504638671875,115.69411641077537,113.33503005804593,114.28659900379381,26034300
2022-08-02,114.11808776855469,115.32736606008014,112.72048458212805,112.9980223744773,20236000
2022-08-03,117.04216003417969,117.57741471400418,114.46501375387983,114.69298797756183,28499000
2022-08-04,117.15119934082031,117.73601004530308,115.86262235872188,116.44744062554241,21602900
2022-08-05,116.4375228881836,117.07189713527843,114.98044193983411,115.20842372972953,19159500
2022-08-08,116.2690200805664,119.09396911037126,115.85270583222336,117.34943613172396,19138300
2022-08-09,115.60490417480469,116.28884199524232,114.69299212244628,116.11042376218631,19086500
2022-08-10,118.64791870117188,119.85719697468683,117.36926354294056,117.73600666493809,30930400
2022-08-11,117.79547882080078,120.42218875210386,117.51794102802992,120.21403540752571,24293700
2022-08-12,120.61051177978516,120.61051177978516,118.4100229343774,119.20299447658569,19096300
2022-08-15,121.00701904296875,121.22508663392391,119.54993792371239,120.06536422405678,19494800
2022-08-16,120.63033294677734,121.35392004790616,119.57965207888614,120.451914727481,19041200
2022-08-17,118.49922943115234,120.22393374570827,118.33071788294788,119.06421916673118,22847000
2022-08-18,119.1137924194336,119.75808091078403,117.6765398760915,118.38029859169842,17987700
2022-08-19,116.17979431152344,118.1027453085966,115.7337525634136,118.01353242157256,21809500
2022-08-22,113.23590850830078,114.61369077944998,112.84933693940785,114.18746987498629,21456600
2022-08-23,112.85924530029297,113.9991390611321,112.43302441797354,112.4825879754463,15870400
2022-08-24,112.69074249267578,113.77115848347056,111.87795005297879,112.50241004709838,17734600
2022-08-25,115.6247329711914,115.69411741968042,113.10705681377382,113.23591148601406,16956800
2022-08-26,109.37019348144531,114.10818734688105,109.22151791479679,113.71170152369614,37245700
2022-08-29,108.45826721191406,109.97481829229946,107.84372145048772,109.02325697837799,21191200
2022-08-30,107.98249816894531,109.52878447093995,106.85251855405113,109.2016831186449,27513300
2022-08-31,107.2688217163086,109.87570309968547,107.1796088220971,109.67746398729584,28627000
2022-09-01,108.77546691894531,109.47922565257869,106.41638802751207,107.32830011371269,28360900
2022-09-02,106.90206909179688,109.76666731895013,106.31725842726799,109.61798420619859,24160700
2022-09-06,105.87122344970703,107.08050183935515,104.85027753257934,106.3569221880662,25068300
2022-09-07,108.48800659179688,109.01335460790509,105.96042387910643,106.11901365650074,23167000
2022-09-08,107.42740631103516,108.63668450034882,106.21813568405852,107.09039832376389,24238300
2022-09-09,109.67745971679688,110.01446770720469,108.06178152061504,108.11134507795128,23197700
2022-09-12,109.8856201171875,110.6389423756241,108.96379385270278,110.01447478728238,22966800
2022-09-13,103.40310668945312,107.34812886109147,103.17512488610275,106.85252347865307,38172900
2022-09-14,104.0771255493164,104.35466334080722,102.74890681508529,103.65090463743046,26395100
2022-09-15,102.00550079345703,104.34475118044541,101.45041763715635,103.11565198138281,34188300
2022-09-16,101.8964614868164,102.22355526563086,100.05280900693545,101.17287435902635,42797200
2022-09-19,102.16409301757812,102.4218099333564,100.65745598557626,100.85569511319773,23036800
2022-09-20,100.25105285644531,101.4702453845617,99.6364994799985,101.18279336472388,26517100
2022-09-21,98.40738677978516,101.97574341360239,98.39747255636897,100.7763794996927,31487300
2022-09-22,99.25984954833984,100.35017992291691,97.92171647216169,97.95145158637969,34298600
2022-09-23,97.87215423583984,98.7840739374912,96.61331982204246,98.75433126053103,31625400
2022-09-26,97.30716705322266,99.00213669442894,96.9404238796608,97.23778259641323,27072700
2022-09-27,96.64305114746094,99.12107809995993,96.01859107787291,98.55608825728369,30072800
2022-09-28,99.1706314086914,99.81491229984545,96.25646959395841,96.79172426782799,32466300
2022-09-29,96.56375122070312,97.77302956785141,95.11658440664736,97.77302956785141,31047200
2022-09-30,94.80929565429688,98.03073011285355,94.72008276764481,96.19699201045017,32941500
2022-10-03,97.77302551269531,98.41731399775504,95.67165604887613,95.90955206825485,27982000
2022-10-04,100.74667358398438,100.9449127357292,99.49774575344306,99.55722354883763,28850800
2022-10-05,100.53850555419922,101.03411092367425,97.93162403320214,98.95256988434666,22176900
2022-10-06,100.5285873413086,102.02531761520133,99.70588064565636,99.79509354103838,22324000
2022-10-07,97.81266784667969,99.64640604800172,97.43601051980215,98.97238249935859,27502800
2022-10-10,96.9998779296875,98.22897705771258,96.15735036259238,98.12985750199623,18225100
2022-10-11,96.32584381103516,98.37764939517147,95.46348788986556,96.57364645434794,26507100
2022-10-12,96.70252227783203,97.88206553818982,95.88972973231223,96.44481291724789,21876400
2022-10-13,98.1893310546875,98.90300397980121,93.55046460378601,94.31370108960836,34574500
2022-10-14,95.71129608154297,99.80500082627663,95.52297120409693,99.11114884737647,25410700
2022-10-17,99.0913314819336,100.04289281373572,97.96135192777248,97.99108703777611,28419200
2022-10-18,99.8843002319336,102.56057369471353,99.09133619885397,102.22355811984305,24060700
2022-10-19,98.75432586669922,100.13210822606936,98.05056713051532,99.13099079757089,23811100
2022-10-20,99.0913314819336,101.42067503437667,98.51642748073942,99.12106659193721,25323200
2022-10-21,100.24112701416016,100.41954522778374,96.86110274127708,96.98995739909645,32458700
2022-10-24,101.61892700195312,101.84690881139284,99.10125824677728,100.90526158454394,27176400
2022-10-25,103.56169891357422,103.89870692702209,101.81716593632244,101.99558416765885,40611400
2022-10-26,94.09562683105469,97.44591608866746,93.85773839371232,95.58244279853433,88114100
2022-10-27,91.40946960449219,94.59125565804386,90.99316284511286,93.6892501170497,60710900
2022-10-28,95.44367980957031,95.70139671064247,91.32023964176592,91.45900853564996,43697300
2022-10-31,93.6793212890625,95.18595815992897,93.1539808509468,94.58131905431053,31675000
2022-11-01,89.6748275756836,95.18595629968785,89.57570802441086,94.61105231503412,47161400
2022-11-02,86.20560455322266,90.3786011169974,86.11639164873716,90.14071264226654,57038300
2022-11-03,82.69670104980469,85.75953818830197,82.6074881629696,85.56129909230341,61288000
2022-11-04,85.81902313232422,85.87849335362182,82.97424573696946,84.64939421866777,51124900
2022-11-07,87.71222686767578,88.11862685745632,86.08664203322763,86.51286290825593,34078900
2022-11-08,88.1186294555664,89.5261467821038,86.82013834461175,88.1186294555664,30429000
2022-11-09,86.55252075195312,88.6538902246859,86.51287141522182,87.67258615584599,31769100
2022-11-10,93.11434173583984,93.56038355540274,90.80481883714413,91.43919312210994,51620100
2022-11-11,95.56262969970703,96.07805594966968,93.09450954770053,93.85774604143894,33090500
2022-11-14,94.8588638305664,95.93928745861939,93.67932820432442,94.25422468031444,30179500
2022-11-15,97.57478332519531,99.25983848330503,95.85998549384487,97.39636509743826,41640800
2022-11-16,97.9811782836914,98.76423566096419,96.78181421845211,97.03953112343324,29105200
2022-11-17,97.4954833984375,98.40739541196346,95.93928292840438,96.11770115386271,26052600
2022-11-18,96.57365417480469,98.0307350439421,95.52297330311087,97.90187281922236,28342300
2022-11-21,94.7597427368164,97.53513576068444,94.52185428293382,96.43489126326328,21647400
2022-11-22,96.19700622558594,96.36551023797273,93.22337397827062,95.10666835170002,23438500
2022-11-23,97.59461212158203,97.8919783793907,96.23665063568495,96.23665063568495,18868100
2022-11-25,96.60340118408203,97.77303020059202,96.5439309575548,97.37654437828832,9701400
2022-11-28,95.2057876586914,96.72233877031711,94.76965254495012,96.18708410227205,26237500
2022-11-29,94.35336303710938,95.27518942820424,93.28285350635302,94.88861780248754,20061700
2022-11-30,100.10237121582031,100.15193477810236,93.59011691093076,93.98660272217356,43647500
2022-12-01,100.10237121582031,101.35129887441687,99.36887738054075,100.1321063282544,28687100
2022-12-02,99.55721282958984,99.88430663851699,98.03074732602357,98.17943045499304,21480700
2022-12-05,98.60564422607422,100.48893851504042,98.1298597604134,98.52634555474117,24405100
2022-12-06,96.12762451171875,98.90301015080603,95.57254133403083,98.42723321260276,24910700
2022-12-07,94.10555267333984,96.02849641963317,93.88748509454602,95.56263371133674,31045400
2022-12-08,92.88636779785156,94.73993480883227,92.62865085953038,94.54168810153189,32213300
2022-12-09,92.01409149169922,93.43152310128887,91.93479282039716,92.94582441131696,28225400
2022-12-12,92.48987579345703,92.73767848934548,90.80482048635082,91.89515083579238,29420000
2022-12-13,94.78948211669922,98.6552055874712,94.19475717404306,96.90076587228482,40593700
2022-12-14,94.23440551757812,96.01858788905928,92.77732450792483,94.36326019238705,28733600
2022-12-15,90.0614013671875,92.81696579796765,89.21887381683445,92.31144624282094,40107000
2022-12-16,89.46669006347656,90.52728533047387,88.73318861726283,89.9622954697807,58011800
2022-12-19,87.66267395019531,89.7640357277138,87.43469216899084,89.46667706453866,29493000
2022-12-20,88.2375717163086,88.39616905558795,86.67146458378042,87.33557392675367,23453800
2022-12-21,88.79265594482422,89.42703018514993,87.54372835066033,88.29705059692365,24745600
2022-12-22,86.98863983154297,87.76178284920121,85.56129422212078,87.38512556330872,27658300
2022-12-23,88.44572448730469,88.7629115743793,86.30470597779849,86.3443553089749,23003000
2022-12-27,86.62189483642578,88.15827431100223,86.24523752605165,88.01950543021509,20097300
2022-12-28,85.26395416259766,87.26620431857047,85.18466304181412,86.21552323538668,19523200
2022-12-29,87.6725845336914,88.06907033133078,85.84876045182291,85.85867467640674,23333500
2022-12-30,87.45452880859375,87.52391325940049,85.80911531469404,86.21551535680346,23986300
2023-01-03,88.33670806884766,90.24974519044535,87.74197554671677,88.80257078642089,28131200
2023-01-04,87.30583190917969,89.85324286170601,86.50294617668717,89.55587665525148,34854800
2023-01-05,85.44236755371094,86.80032906609173,85.14500885244108,86.70120949900179,27194400
2023-01-06,86.57234191894531,86.91927172588105,84.11414353236154,86.02718055238785,41381500
2023-01-09,87.2463607788086,89.25852481278592,87.08777100232832,87.58337634262733,29003900
2023-01-10,87.6428451538086,87.89064781997227,85.07561316227476,85.2242962744404,30467800
2023-01-11,90.7155990600586,90.7948977302534,88.22766567198052,88.3961696743914,26862000
2023-01-12,90.32903289794922,91.06253429761234,88.96116478580137,90.6759627102154,30258100
2023-01-13,91.31033325195312,91.37971769910212,89.33781849580512,90.05149141638756,26329200
2023-01-17,90.48761749267578,91.43917877077745,89.25851845375324,91.25084633493321,32602400
2023-01-18,90.31912231445312,91.98435660415667,89.84333784782173,91.3301539078307,29116700
2023-01-19,92.23216247558594,92.78723807060146,89.83342673497357,89.92263963407981,37000400
2023-01-20,97.15846252441406,97.43600785288929,94.18483063749785,94.2641293027765,63191100
2023-01-23,98.91291809082031,99.1607207694037,96.64304464751609,97.08908644403112,40005100
2023-01-24,96.8412857055664,98.73450183779414,96.3456803384707,97.23777151171052,33078500
2023-01-25,94.38307189941406,95.31481225727472,92.93590537141259,94.72999408723351,42330000
2023-01-26,96.66287994384766,96.71244351188778,94.54168930395645,95.65184819194218,30114000
2023-01-27,98.49661254882812,99.43825971343786,96.45471331121503,96.45471331121503,33879800
2023-01-30,96.08795928955078,97.42609210526543,95.55270465079757,96.62321392830401,27226200
2023-01-31,97.97128295898438,98.01093230296402,95.96904024321658,96.01860381377591,29870700
2023-02-01,99.54728698730469,100.3006092071235,96.72233811590564,97.84240344040079,35531100
2023-02-02,106.79303741455078,106.9020711952248,104.68176137141613,104.87009382209624,69883800
2023-02-03,103.85906982421875,106.86243743685964,101.67840901755247,102.02533129647594,65309300
2023-02-06,101.99557495117188,103.4427415579821,100.98453587751219,101.49996963805863,31999600
2023-02-07,106.69392395019531,107.22917865979215,102.2136547117616,102.31277427376001,49010200
2023-02-08,98.49661254882812,102.23347365780366,97.17830046850436,101.15305759656383,94743500
2023-02-09,94.17493438720703,99.15080896730558,92.80705872811015,99.12107385512309,119455000
2023-02-10,93.7387924194336,95.89963197469012,93.42160530867747,94.61105508342865,54980700
2023-02-13,93.77845764160156,94.36326840393785,93.01522106425257,93.90731232762349,50076100
2023-02-14,93.84783172607422,94.01633573432831,91.44910358703162,93.6000290448755,54726100
2023-02-15,96.08795928955078,96.26637750246853,93.32248077049421,93.6594887491517,50169000
2023-02-16,94.6705322265625,96.82145754317696,93.90729578367531,94.53176333918978,42462600
2023-02-17,93.52072143554688,94.72008539046281,92.39074192224304,94.0163267505867,34284100
2023-02-21,90.98323059082031,92.28171418116946,90.91384614467198,92.18259462414863,33629300
2023-02-22,90.8444595336914,91.30041553499177,89.81359952809775,90.89401552985218,30884000
2023-02-23,90.09115600585938,91.13193045164857,88.97109043728743,91.11210199919876,41206400
2023-02-24,88.34660339355469,89.09992561252551,87.8014420680175,88.65388384050988,36585100
2023-02-27,89.08011627197266,89.3675683080764,88.55476820178005,89.08011627197266,27502300
2023-02-28,89.26844787597656,90.42817033272811,88.53495395502385,88.54486818110583,30142000
2023-03-01,89.56580352783203,90.22991291205538,88.88186569379845,89.18914616715412,31111200
2023-03-02,91.19137573242188,91.46891349206841,88.80255454255308,88.8719465448015,32204400
2023-03-03,92.82688903808594,92.90618771372029,91.63743159058448,91.66717426570082,35160100
2023-03-06,94.29388427734375,95.12650531351065,93.17381875307315,93.19363964240016,32639300
2023-03-07,93.03504180908203,94.8291308506661,92.70794044588578,94.14520057401873,27835500
2023-03-08,93.42161560058594,95.11658511938656,93.17381290668519,93.29276092219925,34103300
2023-03-09,91.50857543945312,94.69036101520102,91.09226874258992,93.22337335130082,28813500
2023-03-10,89.83342742919922,91.97444627624094,89.60545319191515,91.35989288962611,35941000
2023-03-13,90.30921173095703,91.75637851356447,88.63406314919474,89.29817253447952,37335600
2023-03-14,93.14407348632812,93.53064506595086,91.62752227975622,91.74646272743232,36050200
2023-03-15,95.2652587890625,96.07805124185921,91.82575652926289,92.40066053699009,50622100
2023-03-16,99.43827056884766,100.30062671690821,94.66063465124685,95.35447921014257,65492000
2023-03-17,100.72684478759766,101.9361156180665,99.22020012817495,99.37879748699346,61028500
2023-03-20,100.3303451538086,100.85568559854943,98.9922122627572,99.2400149300755,32960400
2023-03-21,103.99783325195312,104.17625149489693,100.3303563898546,100.36009150328888,42110300
2023-03-22,102.46145629882812,105.65314851003183,102.4218069619865,103.35353990958235,43427400
2023-03-23,104.6718521118164,105.36570416377398,103.541872478814,104.13659740739351,40797800
2023-03-24,104.51325225830078,104.56280825287806,102.92730918508741,104.06720293308314,30393300
2023-03-27,101.55944061279297,103.83922809504408,101.03410018695052,103.70045921132483,31120900
2023-03-28,100.14202880859375,101.54954637031634,98.86336593215388,101.53963970691353,32057900
2023-03-29,100.49884796142578,101.58917817223534,99.76535419231203,101.38102484163565,28779600
2023-03-30,100.00325012207031,100.27088125455408,98.90300560483199,100.0230785716146,33086200
2023-03-31,102.81829071044922,102.9768804923042,100.1519314693277,100.40964837247186,36863400
2023-04-03,103.4427490234375,103.61125302709605,101.03410672538214,101.49006273887221,25035400
2023-04-04,103.79960632324219,104.65204829948036,103.12558261092221,103.41303467847592,24420100
2023-04-05,103.55178833007812,105.16745913119128,102.74891004200208,104.85027199347772,28290500
2023-04-06,107.4670639038086,108.21047194004801,103.41301570943838,104.33484197686876,48711500
2023-04-10,105.50447082519531,106.6443570965018,104.19607298512094,106.03972551827178,27067400
2023-04-11,104.4240493774414,105.79192503108294,103.75994000022175,105.61350679636178,26311800
2023-04-12,103.72028350830078,105.8117386190125,103.42291728349981,105.643234620716,24370300
2023-04-13,106.48576354980469,106.54523377059805,104.90973463774462,104.90973463774462,24843600
2023-04-14,107.9131088256836,107.98249327038609,105.90094480463668,105.95050836328302,26578000
2023-04-17,105.03860473632812,105.22693719940173,103.60134460665196,103.74012106946371,37571200
2023-04-18,103.58152770996094,105.6035986320666,103.15530676712977,105.55403506755718,26596400
2023-04-19,103.26433563232422,104.05730725261225,102.16409110128505,102.66961069827711,20905700
2023-04-20,104.36457061767578,105.31613193758433,102.95705330462381,102.99670263824548,27820800
2023-04-21,104.4835205078125,105.06833117404804,103.85905294490108,104.54299072815176,25800100
2023-04-24,105.03860473632812,105.69279990108514,103.77976284473804,104.56282024731928,23542800
2023-04-25,102.93724060058594,105.75228321957934,102.92732637507989,104.89984132217796,46664100
2023-04-26,102.7984619140625,105.41525758570141,101.72795253139088,103.99782596670221,53347600
2023-04-27,106.64435577392578,107.41750647367289,102.62995696914422,103.53195477534291,50089200
2023-04-28,106.39655303955078,106.40646726401752,104.16632896179492,106.09919436658583,36139800
2023-05-01,106.25777435302734,107.0408316423043,105.88111704371835,105.90093792848754,26681700
2023-05-02,104.39432525634766,106.25779891114297,102.79847520064149,106.19832868075396,30997200
2023-05-03,104.4835205078125,106.545232957059,104.03747116825616,104.60246094849104,21795400
2023-05-04,103.76984405517578,104.67184180284514,103.05617118623383,104.56280802773806,23419500
2023-05-05,104.64212799072266,104.949400930923,103.19496107298689,103.89871986133068,26639300
2023-05-08,106.8227767944336,107.0111092526405,104.2357237525446,104.25554463966958,26511400
2023-05-09,106.4064712524414,109.18186434483572,106.24788146671654,107.43733132783537,36360100
2023-05-10,110.76779174804688,111.94733485864512,106.98136731248631,107.02101664654327,63153400
2023-05-11,115.5454330444336,116.88356600068316,113.40442182690181,114.38571831983981,78900000
2023-05-12,116.4771728515625,116.99259909422787,115.08947634268829,115.65446614587465,41102300
2023-05-15,115.48595428466797,117.43864046390988,114.99034896251874,115.08946851448118,36266800
2023-05-16,118.4595947265625,119.68869389632489,115.40666390786913,115.46613413085095,45035600
2023-05-17,119.77789306640625,120.60059973288946,117.84503529559602,118.55870818399895,33323600
2023-05-18,121.75041961669922,122.2261965471798,119.76799809424153,119.8869385456927,35234200
2023-05-19,121.6810302734375,124.8628157815704,121.07639112841179,122.46408765080419,41353400
2023-05-22,123.9509048461914,125.31877293153339,121.66120291685972,121.85944960031794,35253000
2023-05-23,121.4827880859375,123.53459405259528,121.13586583308965,123.06873134867843,34046300
2023-05-24,119.83737182617188,120.83849672292195,118.80651181921867,120.05543938411122,34182600
2023-05-25,122.39470672607422,124.21853087598284,120.88806215130478,123.42555925112126,42317000
2023-05-26,123.5147705078125,124.15905899914881,121.37375168657263,122.08742462698592,35635900
2023-05-30,122.58302307128906,124.55553777083063,120.92770304942592,124.53570932230704,35076700
2023-05-31,121.79006958007812,122.96960524960811,121.42331887409836,121.67112156567815,37325800
2023-06-01,122.6325912475586,123.32643572526102,121.54226097016722,121.74050008884288,30772700
2023-06-02,123.57423400878906,125.04122914675051,122.67223621986325,122.90021044199662,26980100
2023-06-05,124.9024658203125,126.30998323761919,122.75153279545627,122.92004436641427,32305500
2023-06-06,126.19103240966797,127.16241466547471,124.25817456021957,124.90246303081489,26638300
2023-06-07,121.4233169555664,127.90582861001033,121.04665959275812,125.85403022098032,52539000
2023-06-08,121.06649017333984,122.14691391047484,120.17439891385648,121.15570308045743,29389200
2023-06-09,121.15567779541016,122.67222883886024,120.83849069849471,121.17549868044499,23778300
2023-06-12,122.55329895019531,122.95969899565966,120.59070586126717,121.71077130849028,28306400
2023-06-13,122.74161529541016,124.05992726081115,122.09732686731414,123.8815090432205,22278300
2023-06-14,122.58302307128906,122.95968796986351,120.38253415008784,122.01803328576474,30592300
2023-06-15,123.99054718017578,124.35729787447553,121.32419544608322,122.05768927234496,35246300
2023-06-16,122.44425964355469,125.00158512889624,122.19645696231628,124.82316689591107,45535600
2023-06-20,122.01802825927734,123.47510910990492,121.06646695245337,121.84952426545516,26097500
2023-06-21,119.4904556274414,121.58191085699323,119.04440626489465,121.32419395167761,30306300
2023-06-22,122.0676040649414,122.15680940156187,117.78557397338955,118.94528872348243,26952200
2023-06-23,121.26471710205078,121.71076646804086,119.99596857737609,120.31315570854476,34913600
2023-06-26,117.29987335205078,120.927708228838,117.23048890392118,119.69860904954042,33969900
2023-06-27,117.28997802734375,118.03338614159446,115.07957457354273,116.05096450359255,39535900
2023-06-28,119.12370300292969,119.33185634380241,115.82296953551025,116.0608579876023,27091400
2023-06-29,118.05320739746094,119.00476887917876,117.26024327719865,118.19197630756531,24090900
2023-06-30,118.64791870117188,120.01579431786013,118.63801203897671,119.1137889438215,29532200
2023-07-03,118.84616088867188,119.13361289055685,117.77565154972177,118.19195821631217,14467900
2023-07-05,120.67990112304688,121.53234291871821,118.18205351963279,118.1919601816183,27584800
2023-07-06,119.0543212890625,119.24265374755836,117.35935184961298,118.74704838295892,24745200
2023-07-07,118.42985534667969,119.98605581142945,118.35055667733691,119.04440112824291,21709500
2023-07-10,115.42647552490234,117.27012791265184,115.1192026477231,117.26022125117554,35315200
2023-07-11,116.11042785644531,116.67541768732227,114.33615968802944,115.2679002226587,23078800
2023-07-12,117.88468170166016,119.27237810993883,117.36925549635855,117.75582704091902,30404400
2023-07-13,123.44538116455078,123.73283317428397,119.3913254796749,119.86710994186647,44297900
2023-07-14,124.3176498413086,125.6656970596948,122.4046128006824,123.703104019214,33283100
2023-07-17,123.55441284179688,125.9828759841853,123.1083634981514,124.83307552717416,25716200
2023-07-18,122.6722412109375,123.58415326124799,121.87926960750545,123.50485458843724,26193600
2023-07-19,120.95743560791016,124.07975069881186,120.72946139106028,123.50484670115512,37224000
2023-07-20,118.15232849121094,122.99934886872349,117.18094610795086,120.35281775458984,37906800
2023-07-21,118.96509552001953,119.9265710332931,117.68644047254966,119.55982794306409,72937900
2023-07-24,120.46184539794922,121.91892646074687,119.91668400402355,120.59070763979601,29686100
2023-07-25,121.13584899902344,122.06758940205047,119.95630594092214,120.2933214842383,52509600
2023-07-26,128.13381958007812,129.82878151515044,127.19217238007396,128.92679121548855,61682100
2023-07-27,128.2626495361328,132.0689098519843,127.65801044654415,130.51270190226427,44952100
2023-07-28,131.41473388671875,132.56454208145672,129.4224055598101,129.63055136465587,36591200
2023-07-31,131.55349731445312,132.35637563474472,130.62175675151056,131.56340397747383,28055500
2023-08-01,130.39378356933594,131.4642930466913,129.5314198898495,129.63054701957142,23166800
2023-08-02,127.25164794921875,128.94660995546266,126.43884782950762,128.31223564543208,26273300
2023-08-03,127.3210220336914,128.2527625895299,126.30007613731763,126.84524509282699,20089500
2023-08-04,126.98399353027344,130.35410359894246,126.78575443058828,128.1437081443391,26147200
2023-08-07,130.37393188476562,130.4532305494762,127.88599866875109,128.0247675508261,22746300
2023-08-08,130.2451171875,130.35415100067675,128.40146415312537,129.47197383031187,23535200
2023-08-09,128.52037048339844,130.87944143501775,127.86616785514812,130.50279169045498,24912900
2023-08-10,128.5500946044922,130.88935203387206,128.31219863509565,130.16577259004856,20857800
2023-08-11,128.42123413085938,128.78797718787527,127.04345209609927,127.52915070175547,19591100
2023-08-14,130.17572021484375,130.2153619932151,127.82655538590826,128.2527687832776,24695600
2023-08-15,128.63934326171875,130.26492845526437,128.14373783533682,129.94774884721215,19770700
2023-08-16,127.56880950927734,129.13492417430865,126.7461104050344,127.56880950927734,25216100
2023-08-17,128.77809143066406,130.82990482519432,128.15362385412445,128.6591509873898,33446300
2023-08-18,126.33970642089844,128.11397436209768,125.2691971219061,127.38047304852682,30504800
2023-08-21,127.24171447753906,127.59855093945741,125.4476255056934,126.0621788706278,25248700
2023-08-22,127.94547271728516,129.13492247421263,127.19215806698841,127.3804753860569,22054900
2023-08-23,131.20655822753906,132.23742584663677,128.72853142638633,129.03580432978123,27819700
2023-08-24,128.63934326171875,133.07005698354735,128.43119745245764,132.77269070278274,28500700
2023-08-25,128.7384490966797,129.61070421801392,126.13156014533209,128.40142596774677,26762900
2023-08-28,129.85850524902344,131.3750563736932,128.99615680059247,130.15587147682967,20543300
2023-08-29,133.38723754882812,135.36965904379704,131.07771469222826,131.07771469222826,43075600
2023-08-30,134.68569946289062,135.08217764800216,132.89161071955,133.59536176682397,28315800
2023-08-31,134.97314453125,136.78706173002197,134.59647966630084,134.81454720656896,30053800
2023-09-01,134.46766662597656,136.25184916877205,133.66478826288787,136.25184916877205,21543700
2023-09-05,134.57667541503906,135.22095629355618,133.39713231081367,134.24957408258942,19403100
2023-09-06,133.27821350097656,135.33001203337403,132.49514848342264,134.8244999600997,18684500
2023-09-07,134.0711212158203,134.38831582248662,131.78142747588143,132.41580156454273,18844300
2023-09-08,135.18133544921875,135.4588732667458,133.66478411606147,133.72425434486345,23558300
2023-09-11,135.71658325195312,136.27165888953823,134.59651018881954,135.33991830158746,20763400
2023-09-12,134.15045166015625,135.66700281159663,134.00177610596597,135.06236368343136,18405500
2023-09-13,135.50843811035156,135.69675546177504,132.9709257016799,133.9026662941698,20749500
2023-09-14,136.8861846923828,137.4809019549108,135.04253244166762,136.39057941127305,24751000
2023-09-15,136.19235229492188,137.30251863025583,135.28044021121335,136.76725635034862,38919600
2023-09-18,136.99522399902344,137.93687104627568,135.40928098547076,135.40928098547076,21861300
2023-09-19,136.8267364501953,137.1934947424291,135.4192188852002,136.21219057489975,20353700
2023-09-20,132.5645294189453,136.86638038785247,132.44557384571905,136.86638038785247,29927500
2023-09-21,129.2935333251953,131.06779392210422,128.9267901856762,130.284744080372,31503900
2023-09-22,129.10519409179688,130.86954793351885,128.4609131845869,129.61070610554586,26397300
2023-09-25,129.9576416015625,130.0171118264149,127.82654454608127,128.6888930557924,20094600
2023-09-26,127.43997955322266,129.21424022670868,126.10183892610962,128.6294294858362,25718700
2023-09-27,129.39263916015625,129.7494756200031,127.43996798020761,127.43996798020761,22746500
2023-09-28,131.1470947265625,132.12839883500152,128.64923934805705,128.69880291155567,22513100
2023-09-29,129.70982360839844,132.87178793711044,129.21421829354512,132.10855151732764,30859800
2023-10-02,132.99075317382812,133.23855587746678,130.01712073016435,130.0567776325655,22288000
2023-10-03,131.26602172851562,133.0799390690274,130.68121106331455,132.76275951955418,22989400
2023-10-04,134.05133056640625,134.37843188809666,131.3651431138617,131.62285243185696,26752300
2023-10-05,133.88284301757812,134.29914971685594,132.2770713207343,133.88284301757812,19832600
2023-10-06,136.37078857421875,136.94569267381706,132.832158631349,132.832158631349,27597600
2023-10-09,137.20338439941406,137.718818202532,134.41808472961787,135.73639678634393,19278100
2023-10-10,136.84654235839844,138.49195569665042,136.1229628059091,137.2826774721206,27786600
2023-10-11,139.31466674804688,139.86974231945385,137.36198046134194,137.36198046134194,25884300
2023-10-12,137.74853515625,139.9787589554809,137.0447689914143,139.81025497227756,24765500
2023-10-13,136.15272521972656,138.76952130215145,135.41922373367413,138.15497540485302,23420500
2023-10-16,137.87742614746094,138.4027666531714,136.77718157188923,136.95559225322052,28501900
2023-10-17,138.491943359375,138.67035400381826,135.97426001796143,137.41152745778462,23515800
2023-10-18,136.7474365234375,139.48317264449588,136.17253249534386,138.22433080496884,23375000
2023-10-19,136.5392608642578,138.43247675008314,136.17251778023484,137.2826688181467,26066000
2023-10-20,134.40817260742188,136.65820993362706,133.89273882524216,136.1229628278564,26335700
2023-10-23,135.30026245117188,136.4500705092504,132.77267210572043,133.8530881539799,26317900
2023-10-24,137.58995056152344,138.135119454478,136.21216833642438,136.61856834068817,44814300
2023-10-25,124.5059814453125,127.18224741384032,123.97072673913938,127.03357185296261,84366200
2023-10-26,121.20524597167969,123.23723097831568,120.20412102421639,122.18654246977827,57061100
2023-10-27,121.09620666503906,122.22618623249376,119.15343464446192,121.79996533864069,44566500
2023-10-30,123.36608123779297,124.29782170383251,121.67111186993667,122.12706787862865,28940100
2023-10-31,122.98942565917969,124.268088371617,121.61164338905817,123.96080791175726,26292300
2023-11-01,125.33858489990234,125.37823423377263,122.63258403370556,122.9795062521491,30082400
2023-11-02,126.36944580078125,127.84634757695119,125.81437024728645,127.29127202345639,27124600
2023-11-03,127.96530151367188,128.39151483515613,126.73619485751792,126.8947921921199,26393100
2023-11-06,129.10519409179688,129.19439942516289,127.53907936577991,127.91574427289191,19052700
2023-11-07,129.81887817382812,130.75061873492334,128.7384620443353,129.5611688137135,29757300
2023-11-08,130.68121337890625,131.04797161797262,129.63053247035484,129.81886492088287,26425800
2023-11-09,129.09527587890625,131.38496997848083,128.92677188940007,130.80015934584054,23747800
2023-11-10,131.4246368408203,131.63279776446794,128.27259374470339,128.95653161924707,26913300
2023-11-13,130.9290008544922,131.42460614060172,130.09638760374972,130.62172799705198,18324800
2023-11-14,132.44557189941406,134.50729201715737,132.1482207824069,133.01056927107837,32395200
2023-11-15,133.43679809570312,133.84319816897428,132.39603881613726,133.68460080506208,23861500
2023-11-16,135.7264862060547,136.0139458049548,133.13944056401175,134.0017891113594,28013200
2023-11-17,134.12071228027344,134.86412027691202,132.47529895112487,134.80465005712884,37240600
2023-11-20,135.05245971679688,135.45885973926121,132.44557070034907,132.5149627101394,27815500
2023-11-21,135.76614379882812,135.9742895959558,134.76502634077858,135.09211259340776,22635300
2023-11-22,137.27276611328125,138.19458474282766,136.26172703194487,136.26172703194487,17813900
2023-11-24,135.48863220214844,136.91597844305232,134.7947875363422,136.81685129450315,12514300
2023-11-27,135.21104431152344,137.20337221294994,134.8046443273795,134.83437943600723,23436500
2023-11-28,135.994140625,136.04370419791317,134.2297863269795,134.88398919020392,18730000
2023-11-29,133.80355834960938,137.0745420613024,133.6548676470105,136.36088416260156,23967200
2023-11-30,131.36514282226562,134.3586031424181,130.12612954194947,133.86299783029165,38988300
2023-12-01,130.70101928710938,130.9488219161897,129.5214763527395,130.70101928710938,31442300
2023-12-04,128.13381958007812,128.88713431514626,126.7758581121976,128.73845875055255,36669900
2023-12-05,129.83868408203125,130.9785702409771,127.12276154831913,127.8166059548372,27384800
2023-12-06,128.87722778320312,130.68122350903377,128.73845888121613,130.28474525326413,23576200
2023-12-07,135.7264862060547,137.34216463354636,133.5160903794074,133.8530984180632,56767100
2023-12-08,133.80355834960938,135.20115415610408,132.85198927687938,133.02049330674961,32260100
2023-12-11,132.1184844970703,132.1680480633636,130.20545486049974,131.21649413911075,31138000
2023-12-12,131.35523986816406,131.8310167463247,130.10630476656524,130.6514736502255,29032800
2023-12-13,131.40480041503906,132.3266190406473,130.4135897855211,132.20767860500078,30104800
2023-12-14,130.78033447265625,132.5446882047304,128.55011052905618,132.20768021650815,38722400
2023-12-15,131.43455505371094,132.33654536584615,130.0270224409382,130.4631576026789,50847100
2023-12-18,134.6063995361328,135.9445247418158,131.26600960302858,131.46426381839478,32258000
2023-12-19,135.4489288330078,136.26172882321336,134.88394662917216,135.63726127584442,25476800
2023-12-20,137.12408447265625,140.45455302635412,136.85646847368653,137.74855205293554,49107200
2023-12-21,139.18580627441406,139.4534374013907,137.9566995474428,138.26398757269197,27488300
2023-12-22,140.24639892578125,140.74200424587772,139.4732558364047,139.53272605486842,26532200
2023-12-26,140.27615356445312,141.42594657240042,139.94905219268907,140.34553045409487,16780300
2023-12-27,139.13626098632812,140.8312381802104,138.66048401730106,140.3455394229746,19628600
2023-12-28,138.99745178222656,139.89945701648085,138.52167495111323,139.54262061197767,16045700
2023-12-29,138.46224975585938,139.12635922814167,137.5602442283372,138.40277952321884,18733000
2024-01-02,136.95556640625,138.2243147607485,135.2804180769598,137.33223127309824,23711200
2024-01-03,137.69898986816406,138.4027561263541,135.87516579367383,136.04366979922918,24212100
2024-01-04,135.1912078857422,137.93686537616287,135.15156611813597,137.20336411572862,27137700
2024-01-05,134.53700256347656,135.95444150265752,133.96209863444332,135.54804155071932,22513900
2024-01-08,137.6196746826172,137.78817866795262,135.06234954551326,135.09208465323874,21404000
2024-01-09,139.71115112304688,140.24641339378692,136.9357580192586,137.2826878289855,24759600
2024-01-10,141.02944946289062,141.74312233778207,139.67149571815168,139.76070104634456,21320200
2024-01-11,140.8312225341797,143.9436236258308,139.40387666099627,142.2288332953947,24008700
2024-01-12,141.39622497558594,141.94139398064064,140.57353326075875,141.41605342795455,18785500
2024-01-16,141.2376251220703,143.08127772087843,140.20675747291105,140.75192640999762,22670500
2024-01-17,140.22659301757812,140.59333617350276,137.6791740029759,140.10765256153263,20968600
2024-01-18,142.21890258789062,142.94249726620274,140.7420083705122,140.80147859071877,25746400
2024-01-19,145.0934295654297,145.16280645077472,143.11100813182492,143.4678445948608,34271900
2024-01-22,144.7068634033203,147.0857631627537,144.55817271543333,145.80710794511032,32200400
2024-01-23,145.74761962890625,145.88638852663772,144.22116175386006,144.60773333501743,21636100
2024-01-24,147.3930206298828,148.53292195218594,146.79830331468807,147.2344232959612,25233500
2024-01-25,150.53515625,151.7047926793007,148.22563362553456,148.7509891835985,29149100
2024-01-26,150.85235595703125,151.19927062056652,149.68271948865382,149.77193994469403,26115500
2024-01-29,152.1607666015625,152.42839775623318,150.0990462936262,150.72351394629885,27784300
2024-01-30,150.12876892089844,152.26977239045794,149.86113781545077,151.45698753735525,36331800
2024-01-31,138.86863708496094,142.73435309816574,138.6406477145511,142.35768815981584,71910000
2024-02-01,139.9193115234375,141.80260587734793,139.5525532652903,140.87086536289783,40466500
2024-02-02,141.12857055664062,141.36645142167342,135.30024736856095,138.03598318915266,62499600
2024-02-05,142.4171600341797,144.1914358303926,141.5250763668689,141.56473326856243,38505400
2024-02-06,142.83348083496094,144.08240098500607,141.93147538647906,143.3786346695141,29128200
2024-02-07,144.26080322265625,144.34010189614554,142.66495333978824,143.48766006197988,25208900
2024-02-08,144.62754821777344,145.0438548719161,143.8246700187359,144.54824955155473,22563800
2024-02-09,147.69039916992188,148.12653431225093,144.89517764390865,145.3907830102507,26829500
2024-02-12,146.23330688476562,148.0273957523625,146.07470954986746,147.1154837637095,21564100
2024-02-13,143.8643341064453,145.38088541203197,142.42708147937856,143.64626652168468,27837700
2024-02-14,144.6573028564453,145.23220692064015,142.82355687367422,144.796071759894,22704200
2024-02-15,141.51516723632812,142.25857532101722,139.22547275543386,141.88191038487835,37590700
2024-02-16,139.28492736816406,141.9314580380152,138.90826247425002,141.7332189292563,31468900
2024-02-20,139.87965393066406,140.83122289008293,138.26399071915645,138.43249472896153,25144700
2024-02-21,141.2970733642578,141.43584224259257,139.44349926654036,140.20673565971813,23223300
2024-02-22,142.82354736328125,143.7255527379726,141.5448922041246,143.65616072853092,27191900
2024-02-23,142.6947021484375,143.40835995334845,142.16934655124388,142.40724256933106,19493800
2024-02-26,136.36087036132812,141.18806188186093,136.18244456120365,140.89069563143732,53641800
2024-02-27,137.6593475341797,138.02609065509074,135.8850719026194,136.8069057229925,33099200
2024-02-28,135.18133544921875,136.79699878882042,134.21985975111554,136.6879649944579,37328600
2024-02-29,137.24302673339844,137.63950492469195,135.2011201866837,136.07339035713764,42133000
2024-03-01,135.93463134765625,137.6494215802847,135.71656378920932,137.21328646339086,31151100
2024-03-04,132.17796325683594,134.46765773338637,130.7506173169925,134.46765773338637,55999400
2024-03-05,131.50392150878906,132.06891886657937,129.5215001124862,130.72087171210643,40194800
2024-03-06,130.2451171875,132.40596499645403,129.69996324629554,131.95000128916595,35318600
2024-03-07,133.19891357421875,133.75398920823105,130.45325539382577,131.62287689054074,37738200
2024-03-08,134.21983337402344,136.87627056964266,132.82222277313073,133.03038365770627,39370400
2024-03-11,136.45999145507812,137.8774307891928,134.93353345070832,134.93353345070832,32437800
2024-03-12,137.28268432617188,138.15495459716567,135.82560336197784,135.82560336197784,27563400
2024-03-13,138.56130981445312,139.84988649565838,137.76835351033176,137.77826017049807,23347200
2024-03-14,141.8422393798828,142.32792288200474,139.22544406599317,139.9490235510771,42753400
2024-03-15,139.93910217285156,141.92152332928583,138.7992160577711,141.24750739594128,49475400
2024-03-18,146.38198852539062,150.81270155253688,145.87647651462308,147.3038223387608,69273700
2024-03-19,145.73770141601562,147.4822267241883,144.7960543185626,146.85777429622541,24070400
2024-03-20,147.43267822265625,147.5516186613226,145.45025691328723,146.69917689330697,21311500
2024-03-21,146.30271911621094,149.04836212342065,145.60885946127715,148.15627845947205,24755600
2024-03-22,149.4448699951172,150.24774839539668,147.67059403368273,147.80936295317946,29211800
2024-03-25,148.75099182128906,149.0582647076252,146.52076782406607,148.622129594887,19229300
2024-03-26,149.34571838378906,150.92173980939236,148.66178056238658,148.89967658168865,22149100
2024-03-27,149.54396057128906,150.3071970814459,147.59127418957752,149.85123348293416,22879200
2024-03-28,149.60342407226562,150.09902942352818,148.85010938322958,149.52414052577765,24485400
2024-04-01,154.1233673095703,154.3711700008442,149.28625393600836,149.3655526121771,31730800
2024-04-02,153.20152282714844,153.34029171966787,150.81270141872292,152.15084190883346,24586000
2024-04-03,153.55833435058594,153.7169316661934,151.38758085781012,152.24994430850546,24705000
2024-04-04,149.2069549560547,153.40969403638587,149.1276562800474,152.1508521323684,34724700
2024-04-05,151.15965270996094,152.07156486544667,148.2851473312489,148.71136073150413,23459200
2024-04-08,153.48898315429688,153.9052898339039,151.26866573838439,151.4371697426533,20702000
2024-04-09,155.2235870361328,157.1663513551603,153.82597645097087,154.7180599469995,31079500
2024-04-10,154.7676544189453,155.23352470706243,153.32047998943062,154.83704643510924,22838600
2024-04-11,158.0089111328125,158.27652714867145,155.08484241109738,155.53088422887154,27166400
2024-04-12,156.34364318847656,158.81176301923506,155.75883256632315,156.57163251549102,25353700
2024-04-15,153.4989013671875,157.8404094057048,153.23127022277416,157.4637444709509,27136500
2024-04-16,153.04293823242188,154.28195170620987,152.0814625667883,152.83479243864417,20779500
2024-04-17,154.10354614257812,155.69939615479163,153.22136912493693,154.25222171449875,21763100
2024-04-18,154.63877868652344,155.5606125191913,153.26099639334586,153.97466932035476,19883000
2024-04-19,152.7356719970703,154.98572479887758,150.96141127979288,154.8271274373676,32615600
2024-04-22,154.9064178466797,156.2544650981797,152.70592872842704,152.95373142080075,26446200
2024-04-23,156.86900329589844,157.57276956282405,154.90641030278562,155.58044145804854,21151600
2024-04-24,157.73135375976562,158.16748886069595,155.78857425325978,156.10576891745424,22779100
2024-04-25,154.62887573242188,155.11457444082362,149.5439597867095,149.99992338282905,57109700
2024-04-26,170.43865966796875,173.1744106041274,168.1588722627277,172.83738750533027,64665300
2024-04-29,164.68966674804688,168.0597925096593,163.75794130995203,167.57409377755957,45610000
2024-04-30,161.34925842285156,166.62250601471732,161.17084777672406,164.15438620390708,33562900
2024-05-01,162.4197998046875,165.65114151829926,161.656563265471,162.8559349699541,33493200
2024-05-02,165.15553283691406,165.26456662605938,162.44953168316837,163.34161532186556,24294500
2024-05-03,165.77008056640625,166.4837534702782,161.61690537224646,166.08726012108556,34662400
2024-05-06,166.62254333496094,166.66218511253274,164.57072969688807,165.98816902107558,21871300
2024-05-07,169.7448272705078,170.25033926742327,166.90996414876957,167.01899792747776,28039700
2024-05-08,167.89126586914062,168.65448718502228,167.25689165384944,167.51460097970468,19569100
2024-05-09,168.4661865234375,169.18976613945827,166.70181746537216,167.90118913341487,15346700
2024-05-10,167.16769409179688,168.35715914244224,164.72932401226194,166.5531482403928,29799900
2024-05-13,167.65335083007812,167.79211970127017,162.55852923820896,162.81623853480204,31327600
2024-05-14,168.84283447265625,169.7448398794561,167.3163765820282,168.27785221350925,25127100
2024-05-15,170.9937744140625,171.13254332493105,169.01135275898227,169.13030834306738,26948400
2024-05-16,172.6490936279297,173.58083422008207,171.17219918369724,171.76691660178736,27867900
2024-05-17,174.51255798339844,174.72071889069628,172.1633934028928,172.64907697879545,24479300
2024-05-20,175.36500549316406,177.19875144536334,174.53239208635316,174.6414258747219,22554400
2024-05-21,176.2868194580078,176.58417055209722,174.26474127015484,175.34515724447746,16989400
2024-05-22,174.82977294921875,175.5929944069066,173.6700580803842,175.08748232295628,17880000
2024-05-23,172.02462768554688,176.68331515847908,171.42989518914035,175.5136937401354,21024900
2024-05-24,173.4519500732422,174.22509313899903,172.12371636120923,173.44202828735197,16579400
2024-05-28,174.8495635986328,175.7119272031069,172.83740706265183,172.9167057345963,20572200
2024-05-29,174.35397338867188,175.285713959116,173.18435190640471,173.8881031034498,23388700
2024-05-30,170.59725952148438,173.67992513855842,170.28006486489895,173.6600966913534,22931500
2024-05-31,170.98385620117188,171.53893180715215,167.95075369372532,170.34948191938355,37638900
2024-06-03,171.64794921875,172.99599632951654,169.6556212249439,171.02348165926512,27459100
2024-06-04,172.26251220703125,172.3219975576634,170.37921780326457,171.7570001617278,26879600
2024-06-05,173.86827087402344,175.09736245061762,172.4012681621193,173.66010997413338,22068500
2024-06-06,175.17666625976562,175.59297294708358,174.2052839893571,174.35395954744376,23251000
2024-06-07,172.9266357421875,176.30665293703487,172.76803839075907,175.493867979147,19661400
2024-06-10,173.67086791992188,175.70518493273318,171.43808427850212,173.63118065101344,23726700
2024-06-11,175.2685546875,175.48687252833415,172.440371072749,174.8716214180017,21540600
2024-06-12,176.42959594726562,179.0295587655737,174.76245808700693,176.8860828234983,27864700
2024-06-13,173.81973266601562,175.38764480431132,173.5418763520932,174.76246052696914,20913300
2024-06-14,175.43724060058594,175.7051788680774,172.8174418240933,172.8869134698266,18063600
2024-06-17,175.88381958007812,176.99524483970762,173.47240531751984,174.1174408030097,19618500
2024-06-18,173.75027465820312,176.03267896636487,172.76785945042823,175.78459187073935,21869900
2024-06-20,174.95101928710938,175.93343447480135,173.65104535533175,174.02812743639052,20160100
2024-06-21,178.2555389404297,179.466205138687,175.2586426839211,175.645657934706,57759000
2024-06-24,177.84866333007812,179.5058831721026,177.30286873730756,178.78147315371626,18298000
2024-06-25,182.62188720703125,182.8798923573697,178.04716016756836,178.24562683260072,23130200
2024-06-26,182.4729766845703,183.09814570199129,181.08368023490357,181.2325415377414,19839000
2024-06-27,183.99130249023438,184.6264047984624,182.61193895476885,182.77070317530075,18848900
2024-06-28,180.75624084472656,183.71344974735644,180.56770738280355,182.90965002904287,29156600
2024-07-01,181.58981323242188,182.4730025766031,179.91274225321607,181.62950050025836,16006100
2024-07-02,183.82260131835938,184.1500780686585,180.17075176456586,180.65700787416756,17372500
2024-07-03,184.39817810058594,184.666101253454,182.59209683114494,183.43559898745033,10242100
2024-07-05,189.14161682128906,189.39962196196515,184.37834132871893,184.4378798117953,20967500
2024-07-08,187.58360290527344,188.71487939155085,186.34316749742393,188.4469411036859,21035900
2024-07-09,187.53399658203125,189.89579062187278,187.2759914489027,188.8538217724112,15121400
2024-07-10,189.71713256835938,190.28277834321375,187.5835898719109,187.70266681734014,15952500
2024-07-11,184.15008544921875,189.39960141202818,183.66382932012837,188.39733505757295,25625800
2024-07-12,183.6539306640625,185.67831479276816,183.07836675932379,183.66384869720036,22898400
2024-07-15,185.10275268554688,186.7996751747927,183.50507109678486,183.50507109678486,16474000
2024-07-16,182.5126953125,187.23626771226316,181.9669007256916,185.92637584595624,18290700
2024-07-17,179.6348876953125,182.14552760174087,178.52344733868037,181.569963789314,20734100
2024-07-18,176.3303985595703,181.10359218286982,175.1197322388206,180.53794629801195,25315700
2024-07-19,176.30059814453125,178.91046381081307,175.77465477022162,177.51126425121495,18881900
2024-07-22,180.2799072265625,181.30202472668176,178.85092330428975,179.20816928485795,24100300
2024-07-23,180.3989715576172,182.20505253920132,180.150884509072,180.6569917790045,36352700
2024-07-24,171.30909729003906,174.84185492699467,170.5052975643539,172.2716763828317,49585200
2024-07-25,166.00003051757812,172.09304877138803,165.9107228003057,171.19994131459546,44852000
2024-07-26,165.72216796875,166.80382399385917,162.8046615111257,165.8710141586151,41336900
2024-07-29,168.23281860351562,169.12592608314606,166.70460877031735,167.5381777702437,20293800
2024-07-30,168.98696899414062,169.9197787286118,167.1511339019872,168.9373636975669,18959700
2024-07-31,170.22743225097656,172.91670298864665,168.7091404604878,171.91443658888358,25729100
2024-08-01,169.45338439941406,172.71821867309802,167.58777995648467,168.94729223504007,24531400
2024-08-02,165.38478088378906,167.22061625981866,163.41000220136607,165.1664630337912,29130100
2024-08-05,158.03147888183594,163.17183620146415,153.7445266292353,154.3101724717456,53630700
2024-08-06,157.07884216308594,159.34141074233102,155.2132372231299,158.11089311390467,49004600
2024-08-07,157.72386169433594,161.73294268414506,157.25745672144262,160.01618414211123,25138600
2024-08-08,160.79019165039062,162.4374934400702,158.9841256428161,159.28181801513983,25578800
2024-08-09,162.4176483154297,162.53672526881738,157.84292193770273,158.78564981676743,28602300
2024-08-12,161.04820251464844,163.638232240746,160.60164879815585,163.09245277727376,15895300
2024-08-13,162.9038848876953,163.46951549041373,161.72298810159427,162.1596237343071,18551700
2024-08-14,159.14288330078125,161.9710818575429,156.5032484754406,161.15734902797854,40591100
2024-08-15,160.0657958984375,160.40319071181239,158.388724722145,159.27191417011724,31524300
2024-08-16,161.71310424804688,163.7970268327427,159.89710483293223,160.2344996596875,24208600
2024-08-19,165.3946990966797,165.4145503036196,163.0031359185699,164.01533548402497,22416200
2024-08-20,165.90078735351562,167.34962258490438,165.54355648931903,165.62293103111787,18341500
2024-08-21,164.5809783935547,165.5733267344455,163.40999947744584,163.88632244130392,22902000
2024-08-22,162.54666137695312,166.3076549289941,162.06040523845343,165.9801781592332,22493300
2024-08-23,164.35272216796875,164.9084347985432,162.57642535652303,163.4596147462646,13955700
2024-08-26,164.88861083984375,166.26797448558267,163.20162161831215,165.1069286953162,14190400
2024-08-27,163.41990661621094,165.16644927065664,163.20160392643822,164.5710342489987,11821900
2024-08-28,161.60391235351562,164.33286993605128,160.29400544572312,163.77714221811894,16407400
2024-08-29,160.54212951660156,164.70007190564058,159.02383761377362,163.0527698600771,19699800
2024-08-30,162.12986755371094,162.4077238619854,160.45279653031872,161.37567316665184,22123800
2024-09-03,156.1559295654297,160.61157889702227,155.28265821334085,160.48256877218185,38945300
2024-09-04,155.25289916992188,157.78339053713182,154.76665816042646,155.4612989897302,19353800
2024-09-05,156.03688049316406,158.22996215508203,154.78651171708566,155.10407049895832,18688700
2024-09-06,149.7652130126953,156.62234382988387,149.39804896411633,156.09640040925774,37912100
2024-09-09,147.7679443359375,152.4282209390493,146.2873778721235,151.54385960268255,39260500
2024-09-10,147.71826171875,150.31172831197244,147.40028159964342,149.4969156283568,31118800
2024-09-11,150.20242309570312,150.54026559740743,146.5854826673726,148.97027288921362,29607700
2024-09-12,153.71005249023438,153.839233801539,151.68296725155358,152.8256911821986,29621500
2024-09-13,156.4625244140625,157.37669455144265,154.22677778049754,154.44537016884462,29591200
2024-09-16,157.0587158203125,157.2475146303272,155.60797314926953,156.31346693580858,18379800
2024-09-17,158.31072998046875,159.53293380012653,157.3766823666018,158.0126274199818,20715600
2024-09-18,158.79762268066406,159.48325404924594,157.59529635899653,158.84730896980255,23677300
2024-09-19,161.11285400390625,162.7523953061902,160.31791891468873,162.67291544318158,26587700
2024-09-20,162.5536651611328,162.6927776644467,161.03335881701463,162.46423894374368,40896400
2024-09-23,160.82470703125,164.4416474906759,160.64583942390462,163.3088698512438,24150900
2024-09-24,161.26190185546875,162.18601827960998,159.67204679818846,161.9972194853163,23332100
2024-09-25,160.4669952392578,161.77862539142924,160.27819642927898,160.44711769027916,18869200
2024-09-26,161.69911193847656,163.0405658423745,161.25196569121914,162.60335078741144,20319300
2024-09-27,162.91139221191406,164.65030615932238,161.59976214731748,161.7786145898017,21101300
2024-09-30,164.7993621826172,165.09744958161895,162.22575806160205,162.2853907035285,20413900
2024-10-01,165.93214416503906,168.08839566011457,163.53740758234116,166.62770671794624,28338100
2024-10-02,164.80929565429688,166.4587833748385,163.68644922877587,165.36574568962988,17760200
2024-10-03,164.80929565429688,165.5843532266716,162.88158291608877,163.3684842780683,15073100
2024-10-04,166.00169372558594,167.16428010496523,164.4317010051406,166.99535885279488,19047400
2024-10-07,161.94754028320312,167.4126985535878,161.71900154638254,166.65751850550026,22463100
2024-10-08,163.33868408203125,163.68645779124333,161.8382399845631,162.901468985077,23072700
2024-10-09,160.8346405029297,163.7957583809211,158.72807525360884,162.41456443992033,31181800
2024-10-10,161.05323791503906,162.03697180217182,159.38387269706766,159.85089649743236,14144100
2024-10-11,162.20590209960938,162.86170956550862,160.21857182956228,161.10293319324816,15344300
2024-10-14,163.9149932861328,165.1769369826469,162.36486307226147,162.6033481425783,19016100
2024-10-15,164.4118194580078,166.61774183416674,163.58707567908868,164.73971556910084,20247200
2024-10-16,164.1137237548828,164.74966878217245,162.70272119940034,163.48770991975573,16406000
2024-10-17,161.8978729248047,165.31608383228354,161.7289516506957,164.68013867476157,21453400
2024-10-18,162.38475036621094,163.66658684818702,162.0469078679096,162.1562116364337,19757700
2024-10-21,163.03062438964844,163.45789306330104,161.58979800498344,161.91770927556843,20946500
2024-10-22,164.0938720703125,164.719886004102,161.94755157914383,161.94755157914383,16568100
2024-10-23,161.748779296875,164.769529234709,160.90415802479257,163.7162316518581,18280500
2024-10-24,161.68919372558594,162.29533007096418,159.9900196550578,161.79849749810091,22412500
2024-10-25,164.22303771972656,164.54100267206263,162.38475119304076,162.63316747166715,19828900
2024-10-28,165.66383361816406,167.68097239909127,162.9113772628699,167.68097239909127,32138600
2024-10-29,168.60508728027344,169.30066498158368,166.03149830422933,166.66744336321563,42169000
2024-10-30,173.35482788085938,180.86693395167478,172.95735272555387,179.53541113405987,68890800
2024-10-31,170.0260467529297,175.69988150851668,169.91674297844676,172.03325462883092,44769000
2024-11-01,170.20489501953125,171.22838406204764,167.8101735573136,168.9926374988831,31796500
2024-11-04,168.1678924560547,169.64844379948434,166.9456734265419,168.8535086611848,21492700
2024-11-05,168.66473388671875,169.4497227111904,167.77042612333224,168.35668494331603,18242100
2024-11-06,175.39183044433594,175.81911434381482,172.4009037964916,172.69900637438644,33695500
2024-11-07,179.60496520996094,179.93287650946746,176.06751991171046,176.2861274447148,25352900
2024-11-08,177.2201690673828,179.75400283427035,176.9518752564666,179.50558656989898,22006200
2024-11-11,179.20751953125,179.40624953288767,177.33942415917616,177.44872793439595,17450400
2024-11-12,180.46945190429688,181.33395085774214,178.25358296080182,178.68086684117154,25134900
2024-11-13,177.74681091308594,179.81363605883408,177.40895326922643,179.31680352847516,23184000
2024-11-14,174.4677276611328,177.68720818344102,173.21571503907634,177.15062051532624,31007500
2024-11-15,171.39730834960938,173.03684979342893,170.135349355116,172.62944344024277,32504600
2024-11-18,174.18948364257812,174.32859614097288,171.80467846165004,172.3213885251699,20135300
2024-11-19,176.99163818359375,177.7368870735365,172.4605273586821,172.61951742744716,23434900
2024-11-20,174.86517333984375,176.5544009125721,172.67911323618793,176.21655843045156,18997100
2024-11-21,166.56809997558594,173.02692368437366,162.662987910428,172.79836977486937,59734400
2024-11-22,163.7162628173828,165.40550568311707,162.8617101914929,164.79936934193785,38604600
2024-11-25,166.5879364013672,167.56173904858872,164.56086640923021,165.0378213787698,33135300
2024-11-26,168.04864501953125,168.74422275300518,166.5184073625678,166.5680936524055,20486700
2024-11-27,168.15792846679688,168.40634472383195,166.9556022735371,167.92938975571963,19266500
2024-11-29,167.8796844482422,168.3566393623074,166.10103092075792,167.43253826867337,14257200
2024-12-02,170.40362548828125,170.98988423095403,167.50212535142776,167.70085532970873,23789100
2024-12-03,170.25457763671875,171.5860852555961,169.7676914327812,170.40363650165742,22248700
2024-12-04,173.265380859375,173.80196851105399,169.976351762093,170.06577798333072,31615100
2024-12-05,171.54635620117188,174.94468929994056,171.23832242107443,174.24912670582898,21356200
2024-12-06,173.60324096679688,173.97089221181594,170.77128929069295,170.9402105427862,21462400
2024-12-09,174.45875549316406,175.3441303590525,172.7476915668061,173.05609352730906,25389600
2024-12-10,184.20782470703125,185.3916437019826,180.10923775533584,181.8998876981403,54813000
2024-12-11,194.38467407226562,194.59358956818772,183.88950517431252,184.3471064632806,67894100
2024-12-12,190.9625701904297,194.16582489848338,190.71386920648584,193.98676747620544,34817500
2024-12-13,188.8336944580078,191.72856243728444,188.65462185235455,190.01749841639386,25143500
2024-12-16,195.6381378173828,197.96597529078676,191.6191215772895,191.8678225512729,44934900
2024-12-17,194.4045867919922,200.37341051362353,193.9668706236853,196.2250798486302,43504000
2024-12-18,187.4210662841797,195.976386699195,186.764507184961,194.2056368053088,34166100
2024-12-19,187.53048706054688,192.02700516266594,187.40117286917095,190.63428570513082,32265200
2024-12-20,190.41543579101562,191.88774144921763,184.2575966505468,184.81468445746083,63462900
2024-12-23,193.6186981201172,194.08625719212253,189.16196548395996,191.6191324608379,25675000
2024-12-24,195.09100341796875,195.09100341796875,192.7731083908338,193.82759815006608,10403300
2024-12-26,194.58364868164062,195.72766709348628,193.36998671071595,194.13597478356786,12046600
2024-12-27,191.75840759277344,194.30511850410315,189.6593706110804,193.93703071352402,18891400
2024-12-30,190.24630737304688,191.5494980812226,188.13731273783964,188.8137872976618,14264700
