Date,Close,High,Low,Open,Volume
2019-01-02,80.8365249633789,81.21909737647125,78.09341046218015,78.10154580828025,15670900
2019-01-03,79.68769073486328,81.14834351358361,79.34304359259403,80.9431955107157,16286400
2019-01-04,82.6253890991211,82.82232937517735,80.64775988585366,81.32885257212888,16935200
2019-01-07,82.6828384399414,83.26545791542125,81.82121447359256,82.41204162073244,15430700
2019-01-08,82.52693939208984,83.55267941946524,81.68993828442444,83.3967649319057,13578800
2019-01-09,82.38742065429688,83.28186274031906,82.00174149404188,82.7238600477282,14230300
2019-01-10,82.37922668457031,82.65823120757986,81.46016143196572,82.07560540436401,14376100
2019-01-11,81.98533630371094,82.19868568113816,81.19756260332751,81.96892096045094,15439900
2019-01-14,82.8305435180664,83.17519059324879,80.9595950977975,81.13191863538869,21258500
2019-01-15,83.43777465820312,84.08604293290522,80.91035040608782,81.1483227798862,26504900
2019-01-16,84.11067199707031,84.89023181864901,83.53626015597227,83.90552401658965,18533000
2019-01-17,84.45531463623047,84.93125942832913,83.63472275769588,83.79063721801559,14247600
2019-01-18,85.82569122314453,86.08007893204069,84.38145419869586,85.15280621429822,16428700
2019-01-22,84.47172546386719,85.0051051479047,83.80704182056729,84.58660781987085,17083700
2019-01-23,84.25836944580078,85.09537035863224,83.67574999714597,84.88202099024743,12146700
2019-01-24,84.30760955810547,84.59481546929558,83.65113979833085,83.80704800119443,11296800
2019-01-25,84.84101104736328,85.59595422635374,84.30762496589071,84.93948434660483,14369400
2019-01-28,85.24309539794922,85.53850902119619,84.18453095808424,84.43071106433011,12283100
2019-01-29,85.48104095458984,86.25239920172108,85.11998484240308,85.24306859620641,9743300
2019-01-30,85.6780014038086,86.35908790779077,85.16102451135778,85.45643808972419,12526300
2019-01-31,84.93126678466797,85.17744687379896,84.29941373814071,84.85741651430051,17520600
2019-02-01,85.24309539794922,86.039070646108,84.94768177470225,85.3415686925716,13000800
2019-02-04,85.54670715332031,85.54670715332031,84.52917493152046,85.16923562363036,9871500
2019-02-05,85.16925048828125,85.7929022056073,84.7589544591021,85.76827918493528,12763000
2019-02-06,85.1281967163086,85.85032155068299,84.90663967161034,85.103579962522,8745000
2019-02-07,84.01220703125,84.93127232862943,83.24085480548703,84.72612432783563,13177500
2019-02-08,83.17520904541016,83.97938573257314,82.10843689724005,83.76603631143541,12892600
2019-02-11,82.78130340576172,83.70857620117135,82.69103780159584,83.50342823908872,10978500
2019-02-12,84.1927490234375,84.45533824755633,83.61012937806827,83.6593629011465,12852300
2019-02-13,84.59479522705078,85.21844667113281,84.43888706149363,84.43888706149363,10754100
2019-02-14,84.0450210571289,84.60302380062711,83.1669879728646,84.08605315645559,11518500
2019-02-15,86.61346435546875,86.73654811322399,85.06254640156872,85.25948667459551,14716900
2019-02-19,86.30985260009766,86.46576705782584,85.18563949136842,86.08829555124836,12764900
2019-02-20,86.72835540771484,86.8186210128739,86.06367174603278,86.33446856150995,10030300
2019-02-21,86.54785919189453,86.97456437558174,86.12935542245137,86.53144384216336,8400100
2019-02-22,86.16216278076172,87.05660508453093,85.98163153323611,86.73657469505201,10647300
2019-02-25,87.06480407714844,88.02489514986124,86.72836463535681,86.77759814863859,11230700
2019-02-26,86.4001235961914,86.54783039151204,85.29232576159635,85.75185523120746,15465400
2019-02-27,86.29344940185547,86.47397436552244,85.760063401178,86.30985848559992,9968800
2019-02-28,85.63699340820312,86.33449545208555,85.48928657744747,86.17037953374415,15156900
2019-03-01,85.69441986083984,86.90889873371057,85.50568095266335,86.24421497936719,13813300
2019-03-04,85.49747467041016,86.91709519473416,84.74252534132816,86.09650326972205,12466300
2019-03-05,85.43181610107422,85.79287851042844,84.73431429623716,85.4482251830363,10856600
2019-03-06,85.11178588867188,85.80928769433761,84.9722867796625,85.22666824439946,9070800
2019-03-07,84.49634552001953,84.90664145339004,83.83166811135744,84.72611024100796,12705700
2019-03-08,84.52918243408203,84.70971367313531,83.69217510040225,83.69217510040225,10582400
2019-03-11,85.62876892089844,85.79289106763544,85.06256473136006,85.32515390551953,9763200
2019-03-12,85.37437438964844,85.98981825959058,85.13640200866323,85.8256961379014,10219100
2019-03-13,85.66159057617188,86.14574306759252,85.3005281256629,85.49747469536936,13022200
2019-03-14,86.4411392211914,86.87605814424569,85.71902067418699,85.75184509822611,10926500
2019-03-15,87.43408203125,87.63923003577135,86.35090081780204,86.49860763148223,24811700
2019-03-18,87.95924377441406,88.45159763995616,87.39303338570015,87.43406548308661,12935500
2019-03-19,87.63920593261719,88.95215154833423,87.43405798451708,88.78802943348302,12889300
2019-03-20,85.76827239990234,87.516137352731,85.67801304039416,87.33560611247451,14920700
2019-03-21,84.41429138183594,84.92305435529974,83.93013890316301,84.92305435529974,19751000
2019-03-22,81.86223602294922,83.9629489326542,81.66528949220064,83.5526530511888,31115200
2019-03-25,81.18115234375,82.52692248308094,80.49185193106251,81.72273971171538,21032300
2019-03-26,81.99356079101562,82.38744775206301,81.09091073686557,81.91150283347851,15987100
2019-03-27,81.71452331542969,82.42843409049013,81.3042274637884,81.96069707004376,12753200
2019-03-28,82.6418228149414,82.71567935336499,81.84584754197584,82.0592032233302,12454100
2019-03-29,83.06851959228516,83.69216491963469,82.54333502409824,83.32290107421406,14523400
2019-04-01,85.86674499511719,85.89956942586252,83.79885594312107,83.82347270102507,17499300
2019-04-02,86.27700805664062,86.52318806295395,85.61233080445936,85.83388780164724,10295400
2019-04-03,86.4493637084961,87.27816336000055,85.98983420379817,86.82683526744367,11499200
2019-04-04,87.28450012207031,87.42507298555215,86.36667281389943,86.44936496013288,11952100
2019-04-05,87.07779693603516,87.73929636537865,86.81319842600297,87.48296833305794,9933700
2019-04-08,87.3589096069336,87.3589096069336,86.74702692300829,86.91239857535865,8056300
2019-04-09,86.71395111083984,86.98681370567326,86.20128889621571,86.88759323792443,9092200
2019-04-10,87.1025619506836,87.4167768737653,86.38318843420323,86.92891984985995,10882300
2019-04-11,87.8385238647461,88.25195943421326,87.28451540718022,87.4085473397256,11183800
2019-04-12,91.9563217163086,92.48551864335874,90.02971080236274,90.49276284492537,25834100
2019-04-15,90.90618133544922,91.78266239909131,90.22814750520229,91.71651121845164,15163800
2019-04-16,91.86537170410156,92.10516506382564,90.84005337618085,90.87312897495576,11583200
2019-04-17,94.51136779785156,94.80904189394919,91.79096116372513,92.36149792414079,17791900
2019-04-18,93.8167953491211,95.04883153618135,93.7093043759299,94.70154718415512,12501900
2019-04-22,93.93254089355469,94.20540982759393,93.1552864718556,93.29585302265465,7975900
2019-04-23,94.04832458496094,94.56925745661289,93.31240975244681,93.43644168896043,9193100
2019-04-24,93.89120483398438,94.38732617365623,93.27931575014814,93.65141148629587,9245700
2019-04-25,93.94081115722656,94.38732223686529,93.0229838782789,93.44468983824738,9311800
2019-04-26,94.65190887451172,94.74286517429425,93.93252895128373,94.22193249217176,7889300
2019-04-29,96.0162582397461,96.87620479600626,94.63537894072289,94.7594108465486,14242200
2019-04-30,95.95836639404297,96.51236835947435,95.30513765375596,96.272575051633,11389100
2019-05-01,95.22246551513672,96.7439050971191,95.18111944253994,95.68551124730092,10412900
2019-05-02,95.42916870117188,95.73510688102039,94.74286437533635,95.23071515321587,8613300
2019-05-03,96.0162582397461,96.47930395906896,95.64416252226897,95.91703145338056,8185400
2019-05-06,95.16458129882812,95.47879631937771,94.03177205513137,94.4121319618531,9387000
2019-05-07,93.61004638671875,94.28808021845047,92.84932673326828,94.28808021845047,15017700
2019-05-08,93.11392974853516,93.99041085740254,92.98989785556687,93.15527581569928,9575800
2019-05-09,93.03950500488281,93.2214176007356,91.4353798501854,91.89842550615694,12205900
2019-05-10,93.03126525878906,93.30412791566944,91.40232825191336,92.40284148320961,13189000
2019-05-13,90.50101470947266,91.32788558414494,90.11239069753694,91.02194739797164,13783700
2019-05-14,91.22040557861328,92.37802620365524,90.54237163242833,90.58371770452888,10503600
2019-05-15,90.87312316894531,91.69999415991201,89.80645883357526,90.30258016645028,10142000
2019-05-16,92.0390396118164,92.75014941307812,91.44369128438547,91.46850272180107,9672700
2019-05-17,91.5925064086914,92.40284283977135,90.81525188623486,90.95581845525591,9570100
2019-05-20,92.07208251953125,92.45244241396195,91.26175249051256,91.435394639588,8518200
2019-05-21,92.38629913330078,92.54340033270033,91.9645931590703,92.14650578750404,7967900
2019-05-22,91.63384246826172,92.43590833450159,91.57596175154983,92.1134291544603,7918900
2019-05-23,89.83126068115234,90.78216354782516,88.88862829047487,90.65813164199398,14558000
2019-05-24,90.71600341796875,90.92272113780967,90.28603333645026,90.5588959321619,8537300
2019-05-28,89.73204040527344,90.81524573236457,89.66589551808582,90.29431295178232,11665500
2019-05-29,89.48399353027344,89.63283058407228,88.52482000389732,88.84729923570715,9966400
2019-05-30,88.52479553222656,90.277764091433,88.0948254448491,89.83952352876246,10367800
2019-05-31,87.61524963378906,88.13617608814674,86.68915185085038,87.28449997498774,10952800
2019-06-03,88.02869415283203,88.35944384553417,87.06952698337403,87.4829625221203,11680700
2019-06-04,90.74082946777344,90.87313186708376,88.5826954700974,89.17804364994261,12858600
2019-06-05,91.06330871582031,91.2700264834288,89.83127258726091,90.84005630255442,8340500
2019-06-06,91.2617416381836,91.67517707973073,90.0710455478001,91.07982903453897,8726700
2019-06-07,90.26122283935547,90.97232594938026,90.09584488822568,90.7077275360964,10618900
2019-06-10,91.23695373535156,91.95633386018375,91.1377332412546,91.57597391291841,11380600
2019-06-11,91.51809692382812,92.25401172487086,91.26176889224782,91.63385837734994,9847700
2019-06-12,90.35218048095703,91.69998408561707,90.03797180997812,91.53460612047739,9670500
2019-06-13,90.575439453125,91.08810168394895,90.17027447712465,90.50928826685268,8406900
2019-06-14,90.80696868896484,91.20386952601449,89.82299022660047,90.6002509487051,9077400
2019-06-17,90.31083679199219,91.26173954747124,90.1785344256364,90.70773127401144,8128600
2019-06-18,91.54289245605469,92.12170597153896,90.11240908377405,90.13721420571152,11057300
2019-06-19,90.88139343261719,92.27053063800722,90.70774497341843,91.63384275220346,13126500
2019-06-20,91.11293029785156,91.85710925548864,90.15375677512453,91.68346707813826,13638000
2019-06-21,90.4927749633789,92.33669397872735,90.2033650323237,91.11292828673864,27089500
2019-06-24,89.8478012084961,90.7656221668496,89.74857442259514,90.36045716433907,13039600
2019-06-25,89.1036148071289,90.11239836947823,89.02919314163978,89.86433456254737,18660100
2019-06-26,89.6989517211914,90.38524972561366,89.4343533040768,89.55011471728169,10324600
2019-06-27,89.9966049194336,90.58368867419301,89.66586168272552,89.9966049194336,10906600
2019-06-28,92.44418334960938,92.96510982559309,91.69999816354314,91.81575960265063,21634700
2019-07-01,93.99870300292969,94.69327167003881,93.50258162520524,93.62661354676776,12724500
2019-07-02,94.0979232788086,94.42866663534664,93.61833657989322,93.85812992935091,10174900
2019-07-03,93.94804382324219,94.82240770365271,93.48171980872362,94.38105807198255,6849400
2019-07-05,94.50594329833984,95.15546767754981,94.03129037867205,94.52260135345045,7929400
2019-07-08,93.98966979980469,94.49763254056361,93.6815592732696,94.06461199769338,6917200
2019-07-09,94.38936614990234,94.50594712765424,93.39009881111842,93.49835076097753,8947300
2019-07-10,94.11458587646484,94.78909751236642,93.88142387025222,94.4060447374188,9242300
2019-07-11,95.013916015625,95.23042628263686,94.1978491181904,94.40603035676679,11595200
2019-07-12,96.01319885253906,96.05483129227913,94.87236327010584,95.03890573544174,10783400
2019-07-15,94.84738159179688,96.2380308583956,94.53927104548485,96.21305012416258,12946600
2019-07-16,95.86328887939453,96.17972204138788,94.03129036193236,94.49762060714836,16945000
2019-07-17,94.92230224609375,95.71339465195005,94.70579836309781,95.28870320683504,13120900
2019-07-18,95.48857116699219,95.82166242696168,94.55592326290244,94.87235646562041,9397200
2019-07-19,94.54759979248047,95.86330685245387,94.43101879761576,95.671777301926,10402800
2019-07-22,95.15548706054688,95.30537782114214,93.90639950664888,94.02298685661216,9061100
2019-07-23,96.89586639404297,96.97080858282315,95.61346933169398,95.66343079088077,12752200
2019-07-24,97.28724670410156,97.32887913509789,96.19637281973951,96.24634063139618,10011000
2019-07-25,96.3545913696289,97.6286593701615,96.02982918726516,97.33720694408973,10138400
2019-07-26,96.779296875,97.02078787829593,96.20471461359976,96.40456682718741,12800400
2019-07-29,96.47117614746094,97.57870176343049,96.42121468764437,96.97913883288497,8500400
2019-07-30,96.25467681884766,96.66271663092701,95.5635199179617,95.92159191136942,7121100
2019-07-31,96.59609985351562,96.74599060741582,95.6467938632102,96.67937108275183,13648000
2019-08-01,94.0479507446289,97.26226931580939,93.76482097947061,96.03816271575015,15664500
2019-08-02,94.03961944580078,94.45598187912971,92.76555141632409,93.59827628298196,11025500
2019-08-05,91.2416763305664,92.4158216086664,90.15913130904956,92.25760182853415,15855300
2019-08-06,91.95780181884766,92.01609230192506,90.2174036472178,91.64136867545412,10203500
2019-08-07,89.95927429199219,90.16745552708545,88.21888221614229,89.93429356029094,17320900
2019-08-08,91.48316192626953,91.66636242859744,90.53385600801315,90.80865676150502,10903300
2019-08-09,91.38323211669922,91.97446605511749,90.17578350845146,91.05846990197914,9980800
2019-08-12,89.6678237915039,90.35898703187084,89.27644204447235,90.30069653889937,9393700
2019-08-13,91.05013275146484,91.87453493361518,89.12654036615365,89.89264570929555,12124700
2019-08-14,87.26956939697266,89.02661939058564,86.97811060832133,88.51865670883856,19491800
2019-08-15,87.6026611328125,88.58527681598393,86.88651717627127,87.28622794281011,13365600
2019-08-16,89.70111846923828,89.91762870094983,88.16057882558339,88.57694123485153,11830600
2019-08-19,90.5088882446289,91.3915747697494,90.28404892203423,91.29164547601975,8265400
2019-08-20,89.35969543457031,90.30067851597022,89.30140495323292,89.8093675848242,8374000
2019-08-21,89.60952758789062,90.29236175626386,89.47628855348276,90.10916126054646,8189300
2019-08-22,90.53385925292969,90.99185417197786,89.8760057678948,90.24240678568316,9343400
2019-08-23,88.28548431396484,90.58380664012972,87.52770801689051,89.9342822845842,14762300
2019-08-26,88.99330139160156,89.0932243012576,88.27715755753185,88.78512019223679,8209500
2019-08-27,88.05233001708984,89.56788909593654,87.30287632904766,89.39301762759116,14331800
2019-08-28,88.93502044677734,89.27643434669008,87.46942286719514,87.50273262504777,10585500
2019-08-29,90.95021057128906,91.50813470484422,89.95093692358027,90.0508661943071,10002200
2019-08-30,91.48316192626953,92.06606683987009,91.15839970966535,91.46650386977404,10170300
2019-09-03,90.40061950683594,90.75869149329705,89.36804233667327,90.75036881800271,9868800
2019-09-04,91.49148559570312,91.78293803543254,90.40061167387778,91.14173631484114,6929200
2019-09-05,93.57330322265625,94.6974806141434,92.59901022039278,92.64064900841296,13224700
2019-09-06,93.77313995361328,94.08125041583158,93.23186756460751,93.81477873476219,7836600
2019-09-09,96.0964584350586,96.6460535865878,94.59755101600251,94.68915126678856,13985100
2019-09-10,97.32056427001953,97.6536491574635,96.3712583637928,96.84591131690617,14333100
2019-09-11,97.5870361328125,97.59535880777973,96.07979969624783,97.33721611368176,9919200
2019-09-12,98.18659973144531,98.65292366010702,96.52947254331797,97.05409331624942,12283500
2019-09-13,100.11851501464844,100.26007671933779,98.88607939811611,99.09426061790163,16257200
2019-09-16,99.2275161743164,99.81875017459416,98.57798532373027,99.0110058907877,11993900
2019-09-17,98.73619842529297,98.76950818613354,97.62867270179623,98.61128841043764,10735400
2019-09-18,99.72713470458984,99.9936064155277,98.05335589513099,98.52800882877612,10665600
2019-09-19,99.41070556640625,100.21012078274224,99.16921456045256,99.67717730518491,9382600
2019-09-20,99.01099395751953,100.21011351850558,98.98601322650542,99.71047983866248,21862800
2019-09-23,98.99434661865234,99.1942051947761,97.99507915078405,98.07835038090847,9135100
2019-09-24,97.70362091064453,99.3107803347605,97.46212991028452,98.88608882701101,11696500
2019-09-25,98.26154327392578,98.56132476166053,97.5287476112337,97.6536512701339,9389400
2019-09-26,97.45379638671875,98.30317936303966,97.38717686834319,98.16161129819487,9899200
2019-09-27,98.02838134765625,98.79448677077322,97.66198033956242,98.22823355516782,10207800
2019-09-30,98.00340270996094,98.90274083957326,97.61202096171368,98.56132690916193,9755000
2019-10-01,96.22136688232422,99.09426531012448,96.10478590197903,98.59463162961839,11250300
2019-10-02,94.30610656738281,95.68010409264446,94.03963482061351,95.60515553873469,12548700
2019-10-03,94.1717758178711,94.7761415551841,92.76998057557273,94.23892258551115,12735200
2019-10-04,96.2115249633789,96.48013129638453,94.23894020090621,94.29769763612369,9453100
2019-10-07,96.00170135498047,96.95021631737801,95.74988004966625,95.8506098526083,6771600
2019-10-08,93.86121368408203,94.90206241218719,93.72691372113947,94.90206241218719,10806300
2019-10-09,94.54112243652344,94.98600747601691,94.07106295821195,94.57469902841427,7273700
2019-10-10,95.86735534667969,96.86623799993434,94.8516876019098,94.96920245475397,10994100
2019-10-11,97.48739624023438,99.04027668829941,97.26076226516571,97.39506221970426,15076500
2019-10-14,97.74762725830078,98.10017832140382,97.08451028712737,97.24399111625772,8779000
2019-10-15,100.69388580322266,102.06209819525226,98.9395522405113,99.76215626376558,23379000
2019-10-16,100.45887756347656,101.24791157024299,100.20705629201636,100.69390733466291,11087700
2019-10-17,101.0212631225586,102.04532681918586,100.62674615050577,101.35702265648105,10818500
2019-10-18,101.19752502441406,101.58364620726748,100.60995070356752,100.72746556773683,10417400
2019-10-21,103.70732879638672,103.89199044870072,102.39786730744612,102.44823539815012,12714600
2019-10-22,104.7481918334961,105.00840245531886,103.34640252923379,103.62339824752725,12549100
2019-10-23,105.02518463134766,105.0503654758586,104.22775493204527,104.2529357765562,8828300
2019-10-24,104.94963836669922,105.47846173121944,104.14381930142342,105.16788303148662,8020500
2019-10-25,105.7890396118164,106.30946725406737,104.71461413472628,104.92446306084797,9055700
2019-10-28,106.19195556640625,106.7795300156131,106.099621523805,106.2423172608865,9522200
2019-10-29,106.12478637695312,106.95578623104298,105.71348432449575,105.8142076982762,9797300
2019-10-30,105.53722381591797,105.98210251073534,104.85730894648071,105.80583018283116,8513700
2019-10-31,104.85729217529297,105.53720693598262,103.96753492796863,105.33574738995907,11589100
2019-11-01,107.2747573852539,107.43423819023292,105.78062787761036,105.93171933775048,11682600
2019-11-04,108.13094329833984,108.63457295461959,107.91269225327468,108.34918153524508,9159900
2019-11-05,108.3659896850586,109.37326196056141,108.1477386064557,108.60940880177503,13747600
2019-11-06,108.53386688232422,108.9871349260305,107.92950095194118,108.02183499153197,11231100
2019-11-07,109.12142944335938,110.20424414609128,109.05427625749188,109.48236340821649,13528900
2019-11-08,109.44039154052734,109.45717022898287,108.49187050826582,109.02069378227488,9293400
2019-11-11,109.05428314208984,109.20538102187065,108.5758342738003,108.78568318982374,8679000
2019-11-12,108.41635131835938,109.64186186363345,108.29043427888917,108.81086832067467,9099000
2019-11-13,107.84554290771484,108.13094714540334,106.95578562262106,107.55176213313956,8023300
2019-11-14,107.94627380371094,108.14772054026247,107.09847609352407,107.20760161459599,8483400
2019-11-15,108.72688293457031,108.72688293457031,107.77836205317674,108.47506175804067,10163600
2019-11-18,109.64186096191406,109.66704180796864,108.27365469635569,108.75210357955437,8749300
2019-11-19,109.60826110839844,110.17065453169552,109.272495238264,109.95241632222687,8824500
2019-11-20,108.81086730957031,109.64186084480724,108.23168223461018,109.37326088445808,11782800
2019-11-21,109.06268310546875,109.7258129172315,108.60941503832169,109.12144695559367,7705500
2019-11-22,109.7845230102539,110.14546970656689,109.20535092052762,109.2473104456375,8167900
2019-11-25,110.37213134765625,110.85898232951568,109.85169736944219,110.17067179400948,10068500
2019-11-26,110.52323150634766,110.64914854763965,109.42362517647261,110.64914854763965,10490700
2019-11-27,110.85060119628906,111.16117352657953,110.50644586327583,111.04365863337534,6607900
2019-11-29,110.59877014160156,111.14438501828018,110.33855953021155,110.69110417869108,5712000
2019-12-02,110.35533905029297,111.4213750340264,110.25461567827918,111.06042827070995,8615600
2019-12-03,108.93675994873047,109.08785781698134,107.93787713537544,108.9283706036678,10361300
2019-12-04,111.08563232421875,111.19475787214147,109.11305996388664,109.44042379949188,10318200
2019-12-05,111.68998718261719,111.89983610271325,110.95131488526737,111.37101272545947,9587400
2019-12-06,113.35197448730469,113.97313183292056,113.02461072054395,113.05819371660978,10170600
2019-12-09,112.82318878173828,113.70455690391822,112.82318878173828,113.00785687622029,8498200
2019-12-10,112.89871978759766,113.12536020914429,111.53890287464131,111.84947517990622,7532900
2019-12-11,112.63008880615234,113.3351908026984,112.48739309956173,112.72242282902387,9011900
2019-12-12,115.85337829589844,116.23110373469632,112.65528327489804,112.89031300606827,13717400
2019-12-13,114.83770751953125,116.53329018138841,114.34246720012943,115.79461797064666,10592100
2019-12-16,115.28260040283203,116.5416939314121,115.26582171099406,116.15557908855143,11372000
2019-12-17,115.9876708984375,116.39897932868828,115.19024768793138,115.60994546274087,11546800
2019-12-18,115.87018585205078,116.69280292424604,115.60158586729372,115.96251989859665,10381500
2019-12-19,115.291015625,116.02128585573988,115.08116667978389,115.63515816095043,9350400
2019-12-20,115.19864654541016,116.57525469508127,114.91324233250232,115.85337403073183,29992600
2019-12-23,115.16510772705078,115.76108441442848,114.8965077160689,115.50087375098335,9738400
2019-12-24,115.48403930664062,115.5260116450459,115.04755004191273,115.27419042277367,3324300
2019-12-26,116.70957946777344,116.75995397164019,115.65194543350027,115.74427947834526,6770900
2019-12-27,116.79350280761719,117.32232613212733,116.39898585253188,116.92780917704204,7868200
2019-12-30,116.36540985107422,117.58253084380333,116.23110348835881,117.43143298370856,6963000
2019-12-31,117.01172637939453,117.07887955568643,116.07999687160225,116.2646649043653,7201600
2020-01-02,118.43032836914062,118.43873052280593,116.8942328032374,117.33911147002149,10803700
2020-01-03,116.86749267578125,117.61935041688703,115.80306877309792,116.15787674065903,10386800
2020-01-06,116.7745590209961,116.80835761995961,115.31308543034523,115.36377043840189,10259000
2020-01-07,114.789306640625,116.46197611772448,114.7386216398624,115.97199962637478,10531300
2020-01-08,115.68479919433594,116.22546079471569,114.55279098266419,114.63726170405485,9695300
2020-01-09,116.10719299316406,116.77456712956537,115.76927143200749,116.62251209483705,9469000
2020-01-10,114.94982147216797,115.94666089392479,114.73016927454297,115.91287518911405,10190900
2020-01-13,115.90443420410156,115.90443420410156,114.68794242614126,115.0512064747436,12355200
2020-01-14,117.25605773925781,118.91182766845151,116.31834669605661,116.52954276082819,24906000
2020-01-15,115.49891662597656,117.08711531876233,115.0173833621649,116.45352706030666,16293400
2020-01-16,115.9466552734375,116.4957599601079,115.60029058657817,116.11560957007558,10783800
2020-01-17,116.74919128417969,116.825218779833,116.00578984270439,116.19163053528384,14697700
2020-01-21,115.60030364990234,116.63939782790237,115.47359113570137,115.89598337022196,8474200
2020-01-22,115.46513366699219,116.07337950869403,115.2117086416063,115.93822379195085,7549100
2020-01-23,115.34687042236328,115.51583763535396,113.80936932917868,114.64571062808382,9345700
2020-01-24,112.48303985595703,115.2539317097409,111.78188013408243,115.20324670723306,15166400
2020-01-27,111.5368881225586,112.30564505348516,109.57699493283275,110.05007215482217,12860500
2020-01-28,113.56436157226562,114.0205523703677,111.91703455775715,112.22115745969619,13062800
2020-01-29,113.3953857421875,114.50205104209249,112.93920792107282,113.88536215176082,9326000
2020-01-30,114.79778289794922,115.00053584976548,112.0944746590179,112.0944746590179,9048900
2020-01-31,111.81566619873047,113.90228474459799,111.06380858154169,113.61506113587133,12785200
2020-02-03,112.66890716552734,113.40387846246576,112.06911737570073,112.06911737570073,10021100
2020-02-04,114.29087829589844,115.39755671195032,114.11348078664767,114.51053049453476,9157100
2020-02-05,116.23387908935547,116.35214838626727,114.89911822970134,115.37220830773515,10150700
2020-02-06,116.25077056884766,116.82521771796566,115.82837840965416,116.78298881435488,8992300
2020-02-07,115.8790512084961,116.30144332322723,115.1440930537869,115.5073440850712,6379800
2020-02-10,116.36060333251953,116.45353012849014,115.52426216878409,115.6932164640798,5960700
2020-02-11,116.58025360107422,117.27298303449568,116.3943999916386,116.79989291659466,6578600
2020-02-12,116.58025360107422,117.67001986513978,116.41129928987483,117.08712942506006,7958000
2020-02-13,116.47888946533203,116.86748311164486,115.2285991405637,116.36906335684051,7447500
2020-02-14,116.12406921386719,116.74075821612388,115.68477771686867,116.44507852017765,6627600
2020-02-18,114.58656311035156,116.3352731218733,114.08814337494319,116.02269410765105,8996400
2020-02-19,116.14942169189453,116.90972256051361,115.17791181489453,115.65944515130452,7071200
2020-02-20,116.14942169189453,116.88438005758552,115.33842292703119,115.8790844734774,7422800
2020-02-21,114.73017120361328,115.66788243512114,113.97831357765742,115.35531632141432,9772800
2020-02-24,111.64669036865234,112.52526032313878,110.49778326485638,111.03844467309067,13618400
2020-02-25,106.66246795654297,111.7058248340968,106.09645757489405,110.66674375017789,20797200
2020-02-26,106.98348236083984,108.93493201540765,106.73004449483687,107.228470579258,24825600
2020-02-27,102.53148651123047,106.1218202659605,102.47235186013677,103.83245528048528,23005500
2020-02-28,98.08794403076172,100.098529132471,95.17343963160053,99.27908700908843,45931400
2020-03-02,102.658203125,102.70889457453276,96.69402699388195,98.52720769633696,27355400
2020-03-03,98.80596923828125,103.8662253027288,98.19772352161586,102.19355602709159,32547700
2020-03-04,101.24742126464844,101.53465134679821,96.89677979078282,99.96335165763358,25795900
2020-03-05,96.28006744384766,98.35823604284742,95.10581778561436,97.71619817191649,25025600
2020-03-06,91.3043212890625,93.19663699201858,88.71927602539743,89.76681357193661,38159400
2020-03-09,78.93668365478516,83.82798779314386,78.56497632797512,81.5808574195315,40352000
2020-03-10,85.06976318359375,85.55973954813359,79.89968819767809,83.63363267532645,31102700
2020-03-11,81.06549835205078,84.5206693924128,79.87435587438335,82.5354211876462,38127000
2020-03-12,74.38328552246094,81.91031284710327,72.9218053499053,75.6842481157019,49725200
2020-03-13,87.78153991699219,87.84911776280762,77.72015578619546,81.09084334661671,38543300
2020-03-16,74.64515686035156,79.3928479386275,71.4265300672971,71.97563482087564,38589700
2020-03-17,79.20698547363281,82.3157922576974,73.91863343681351,76.78245197663573,35239800
2020-03-18,70.86897277832031,76.69798724805007,67.88688445769073,74.06225722868508,41525600
2020-03-19,72.06010437011719,74.43394622366525,64.97236451017322,68.90060640364366,32175100
2020-03-20,70.53948974609375,75.57440345035587,69.6778125874754,72.90488838751293,30150800
2020-03-23,66.76331329345703,70.75069688336863,65.96921385702049,69.84677778995007,32536600
2020-03-24,74.70427703857422,76.11506529410134,70.03262082002966,71.72218944562655,34363200
2020-03-25,77.49208068847656,80.3812419701034,71.41807841059828,75.3885627605397,38111700
2020-03-26,82.89024353027344,83.27039391331013,79.021129623645,79.47731395040493,29826300
2020-03-27,76.9852066040039,80.1193562213307,76.4952365086492,78.72546699885045,30041500
2020-03-30,78.98733520507812,79.48575486829455,75.43924358142988,76.5797011429459,21656900
2020-03-31,76.0559310913086,79.55333765097156,75.47302784963382,77.76239902237079,23379300
2020-04-01,71.26599884033203,73.12452158603864,70.32828782044406,71.89113737185993,28029600
2020-04-02,73.9271011352539,74.26501625965159,70.08332867997073,70.54796278166691,24018000
2020-04-03,71.74195861816406,74.66967939174546,70.64939272323156,73.40640353531879,21199400
2020-04-06,76.3597412109375,77.6656914907921,74.85746858598078,75.95856557994038,26820800
2020-04-07,77.36692810058594,80.66168087750832,77.14499995942094,80.61900013461107,22563800
2020-04-08,80.4909896850586,80.96898285848074,77.2901285869598,78.61314726687282,22903300
2020-04-09,87.71214294433594,89.10344840481203,82.70172537632854,82.72733122649537,42055900
2020-04-13,83.81134796142578,88.01087610333737,83.05167745855769,88.01087610333737,26911900
2020-04-14,81.5152587890625,87.06341776423429,79.92763123827065,86.2269232380082,46151300
2020-04-15,77.49498748779297,78.55340381083185,76.93163276787561,77.80227069644442,30118600
2020-04-16,74.54165649414062,77.30719872177143,74.3026599020473,77.01699043484916,32449600
2020-04-17,81.24211120605469,81.68596101659602,77.6400749866515,78.5277811199018,30191900
2020-04-20,78.2802505493164,80.84093917642718,77.21329695468691,78.92896015825816,23679400
2020-04-21,76.00980377197266,77.99860103181202,75.3952372405216,75.64277134414328,23035000
2020-04-22,76.2573013305664,78.41682079535532,76.12073466190117,77.40961637929932,16662400
2020-04-23,76.29999542236328,77.91322895814004,76.18903457765542,76.59874116747586,16638800
2020-04-24,77.42668151855469,77.75957049264254,75.53177104318235,77.36693238249194,15809200
2020-04-27,80.76412963867188,81.62622353971427,78.13515415832997,78.47658064484439,22870200
2020-04-28,81.33602142333984,83.95645964926898,81.1140932134608,83.4869973807112,20238900
2020-04-29,83.52967834472656,84.8868404318403,83.02607277245939,84.57102627963272,20462600
2020-04-30,81.73719787597656,82.65904100250887,80.70438738734904,81.60062466483451,19127600
2020-05-01,79.59477233886719,80.01301650415691,78.39124504146703,79.80816314942714,18547700
2020-05-04,78.64729309082031,79.09968043192357,77.50352181423239,78.54486318801308,15725900
2020-05-05,78.52780151367188,80.41417509465954,78.44244651011262,79.93618186499225,18064100
2020-05-06,77.0511245727539,79.17650100540455,76.76091629581471,78.66436453822635,20978000
2020-05-07,77.85346984863281,79.30453065836929,77.3157275762283,77.96443067914447,16771900
2020-05-08,79.12528991699219,80.30321106083397,78.62169085741914,79.21065142934003,20487800
2020-05-11,76.79505157470703,77.76811271436878,76.24877186514843,77.76811271436878,31907600
2020-05-12,74.28558349609375,77.49498205468461,74.1746226554814,76.94870228030769,27962900
2020-05-13,71.72489166259766,74.14047630720151,71.1871493633526,73.7307632371803,35451600
2020-05-14,74.7038345336914,75.20744011455136,70.33359592859219,70.6067358414109,35152500
2020-05-15,73.32103729248047,74.49895147506517,72.80890097449436,74.13191925327791,26099000
2020-05-18,77.20475769042969,77.80225559669894,75.01110141184606,75.70249175321236,30504400
2020-05-19,75.6854248046875,77.84493801457373,75.61713820613598,76.8633458371116,19597300
2020-05-20,77.95587921142578,78.8606535460962,77.13645984022433,77.4266680184521,20552400
2020-05-21,76.96577453613281,78.32294309932097,76.53899303397549,77.0511295341305,14621400
2020-05-22,76.3682861328125,77.12795671646477,75.72811385363346,76.82921095528171,13557900
2020-05-26,81.78840637207031,83.22239247207592,79.04846992444993,79.28746652242272,41233900
2020-05-27,86.52566528320312,87.55847551245601,84.33200909944819,87.12315665147587,39402000
2020-05-28,85.23681640625,87.87432340543847,84.84417813997129,87.8657924627283,24713900
2020-05-29,83.06019592285156,84.65636074048861,82.60780867023897,84.21251093948214,26526400
2020-06-01,84.16130828857422,84.93805372402795,83.11996041395957,83.435781060051,15176800
2020-06-02,84.44298553466797,85.71479254638183,83.58942255807662,85.59529425063253,21195000
2020-06-03,89.00100708007812,89.55582430717408,86.26107075666795,86.70492714321215,25941100
2020-06-04,90.85325622558594,90.99836038611592,87.73774968435859,88.6169186139066,26784700
2020-06-05,94.94181823730469,98.81698864422653,93.49075718595653,98.09999882830343,42231000
2020-06-08,96.83672332763672,97.46836465976608,95.54784783871597,96.80258653708243,24881800
2020-06-09,94.35284423828125,95.28322467828036,93.04689403643462,94.44673667874312,17031100
2020-06-10,90.52889251708984,94.3272518927524,90.34964506296456,94.28457113655486,24913300
2020-06-11,82.974853515625,86.7049259482503,82.40296790254455,85.38190077203755,36259200
2020-06-12,85.24534606933594,86.32083084781581,83.07729509200712,85.96233592165585,24856800
2020-06-15,86.42322540283203,86.57686695292374,81.83106031346158,82.30051590217691,22153600
2020-06-16,87.11463165283203,90.20453184286178,84.76733356566766,89.93992941511169,22193600
2020-06-17,84.91246032714844,87.52436133767603,84.68199464259033,87.515823883241,15639800
2020-06-18,84.45149993896484,85.80012412465848,83.76010968834842,84.22103435137039,16591900
2020-06-19,83.48699188232422,85.86843334639103,82.5651488254021,85.80868419907044,40371200
2020-06-22,82.58220672607422,83.60647955346847,82.4029593068886,83.00898815618312,16216900
2020-06-23,83.58943176269531,85.33070120814529,83.521145154128,84.47713813756212,15381400
2020-06-24,80.79827880859375,82.65903994533741,80.4995265410837,82.58222239917932,22919800
2020-06-25,83.61502075195312,83.82841147656882,80.4568406325081,80.53365816752907,25743600
2020-06-26,79.03137969970703,81.40428984921309,78.52778075332508,81.18236168889459,41896300
2020-06-29,79.38134002685547,80.65314676947028,78.68141879463225,79.72276644768401,18499700
2020-06-30,80.28612518310547,80.79826813853639,79.0143182713666,79.23624645124212,19137000
2020-07-01,79.60328674316406,81.69451347620564,79.40696438894483,80.99459208073914,18755700
2020-07-02,79.86186218261719,81.84418368253029,79.23268643061883,81.65456889218483,27845600
2020-07-06,81.8786392211914,82.05101267351205,80.56858388692766,81.38736764888928,18625300
2020-07-07,79.56879425048828,81.10294023298587,79.29299279942833,80.86161478526158,25757200
2020-07-08,80.4134521484375,80.44792158140113,79.12063141663386,79.54295101451434,18762200
2020-07-09,78.67245483398438,81.12019899297371,78.24151456291686,80.60306540719134,25600800
2020-07-10,82.97322845458984,83.46450005058924,79.18095971560372,79.2930018074541,28954200
2020-07-13,84.16262817382812,85.55887030962712,82.9387594996552,85.0934606481115,32079200
2020-07-14,84.6452865600586,86.14495684990332,83.29213438302521,84.78319060197043,42731700
2020-07-15,85.9553451538086,87.29987662953829,85.02451263570664,86.95512311443092,22508400
2020-07-16,86.1966781616211,87.23955286847367,84.9383333109818,85.13656216091451,16886900
2020-07-17,84.60218811035156,86.25699699585024,84.58494681900467,86.18804498171464,16137700
2020-07-20,83.86095428466797,84.8004006381658,83.82647828422428,83.97299635439141,14458100
2020-07-21,85.67955017089844,86.23115320675697,84.15401788764368,84.21434926420237,17798100
2020-07-22,85.05899810791016,86.30010169449712,84.05921346043169,85.88640269084384,14271200
2020-07-23,85.30892944335938,85.62782099999745,84.43842835167304,84.89522393597969,12870200
2020-07-24,84.70561981201172,86.01568193670552,84.41258357989379,85.84330188049486,12744200
2020-07-27,83.51622009277344,84.145389162824,82.88704444709661,84.04196771329583,11959100
2020-07-28,83.8781967163086,84.36946826049916,83.171455081234,83.171455081234,11754300
2020-07-29,85.91226196289062,85.93811732984116,83.60242159798311,83.66275297941017,12743500
2020-07-30,83.61962890625,84.24018381214987,82.78361048785047,84.06781037190001,14834800
2020-07-31,83.2921371459961,83.54208329853255,82.09412368855965,83.15423967513655,14535000
2020-08-03,82.82669830322266,84.09366343897481,82.61122822096888,83.6196266277665,12962800
2020-08-04,82.35269165039062,82.69743862021932,81.9045100686102,82.66296918373801,13366200
2020-08-05,83.78340911865234,84.86938047411383,82.4992089151564,82.62849231531581,15260900
2020-08-06,83.80925750732422,84.55047525920433,83.20594379096893,84.10230029500131,10482100
2020-08-07,85.65369415283203,85.74850154764059,83.22319105314267,83.54208925164664,14743700
2020-08-10,86.73963928222656,87.94627310660826,86.21389173428614,86.2828437415366,14989900
2020-08-11,89.48043060302734,91.497234332761,89.21324976012238,89.51490661108382,31518600
2020-08-12,88.72198486328125,91.72994610573888,87.66186890614628,91.49724125328942,19240800
2020-08-13,88.23069763183594,89.0839573742494,87.60152205571256,87.91179952124936,13598600
2020-08-14,88.26519012451172,89.04087735762803,87.41192364708098,87.48087566910853,12134400
2020-08-17,85.9380874633789,87.91179422074315,85.78294873996435,87.48085405299442,14988000
2020-08-18,84.7400894165039,86.11048281335654,84.56771594895228,86.11048281335654,13246500
2020-08-19,84.93833923339844,86.69656994274101,84.7573385134454,85.25723086003663,13533000
2020-08-20,83.9212875366211,84.49012511772547,83.43001602654805,83.82648017716622,13672600
2020-08-21,83.8781967163086,84.95554717072872,83.55068454539,83.83510006788165,12228300
2020-08-24,86.23976135253906,86.3690447436039,83.96439734205318,84.85213321140449,17898300
2020-08-25,86.6189956665039,87.89458177954512,86.01568190902773,87.2826407997277,13648900
2020-08-26,85.40373229980469,86.42075151366437,85.36926286768332,86.13633595709325,12052400
2020-08-27,88.2134780883789,88.47204489861072,85.32617939371694,85.32617939371694,22163900
2020-08-28,88.5754623413086,88.98916790377386,87.7480577920049,88.89436051603447,13756700
2020-08-31,86.35179901123047,88.06693915872674,86.20527434638109,88.01522843914788,14219400
2020-09-01,86.3087158203125,86.93789150101426,85.36064855164514,85.8002094634881,11595600
2020-09-02,87.61014556884766,87.86009167846952,85.80881208075415,86.14494491681872,14475700
2020-09-03,87.33435821533203,90.48883762727112,86.73965852818806,89.04949867858751,23281200
2020-09-04,89.22187042236328,90.678450636141,87.3688325257102,89.6786726311417,26325500
2020-09-08,86.11910247802734,89.26496778239456,85.73987950965449,88.75646141714671,22108600
2020-09-09,86.9378890991211,87.64463085176129,85.80882116364452,86.87755772666253,13434000
2020-09-10,86.04154205322266,88.27380965551559,85.87778263468495,87.39469433498233,15922800
2020-09-11,87.11026000976562,87.36020613849755,85.834674003759,86.16219279515832,13784300
2020-09-14,88.31690216064453,89.17016207508001,87.36883485842435,87.48949761094545,19017400
2020-09-15,85.5675048828125,88.64441836059763,85.44684212490932,88.540996897039,23683000
2020-09-16,85.92948913574219,87.16197859862052,85.11932588139076,85.69678427799676,19270600
2020-09-17,84.94694519042969,85.61921096959779,84.21434803558309,85.06760794178669,18290100
2020-09-18,84.76594543457031,85.74848867359039,83.9816376028312,84.36948119563469,20121600
2020-09-21,82.14582824707031,82.78362455071593,80.86162814486731,82.05102086613992,28378800
2020-09-22,81.24948120117188,82.44750128375279,80.73235415672725,81.84418091887811,19257000
2020-09-23,79.9308090209961,82.18031802613048,79.86186356700678,81.68904632245903,19952700
2020-09-24,79.86186218261719,81.27534588712126,78.75864945475517,79.56881934963947,18366500
2020-09-25,80.55997467041016,80.77544480419188,79.18096712933246,79.33610588868036,13293100
2020-09-28,82.87844848632812,83.54209370977533,81.31844000026581,81.93037448764971,20894100
2020-09-29,82.18029022216797,82.76636912436821,81.30117515668022,82.76636912436821,12848200
2020-09-30,82.97322845458984,83.77477754023371,82.10273393006744,82.18030001466555,16400600
2020-10-01,83.57655334472656,84.26605380106365,82.76638356851345,83.70583673517301,15778700
2020-10-02,84.36949157714844,84.97280536810749,81.95622326205789,82.09412731463549,15149600
2020-10-05,86.15274047851562,86.33541410995804,84.83922249626495,85.5264270926307,13871900
2020-10-06,85.26545715332031,87.73591466077771,84.8218240553781,87.04871009516987,19220400
2020-10-07,86.75294494628906,87.2922651153242,85.83086965679762,86.08313509961602,16358500
2020-10-08,88.53619384765625,88.6579762533266,86.90082537390921,87.43145155717716,15659000
2020-10-09,88.03167724609375,88.82326964818193,87.08351312840423,88.7275825086626,13689100
2020-10-12,89.1103286743164,89.59745836304954,87.7272188271716,87.94468838630522,16058000
2020-10-13,87.66632080078125,89.78882565664509,87.21398707307183,89.59745139762212,21697300
2020-10-14,87.17916107177734,88.66665143100754,87.07477333833188,87.88376002177021,15204100
2020-10-15,88.4840087890625,88.53619935569859,86.15273502075665,86.20492558739274,17171200
2020-10-16,88.30132293701172,89.01462267434944,87.61411847937713,88.21433645912036,13275000
2020-10-19,86.8138427734375,88.61449029400256,86.6050672372534,88.37961947495636,11725700
2020-10-20,87.30967712402344,88.52750129193018,87.09220757451952,87.2574799192246,11257100
2020-10-21,86.43978118896484,87.84897933313714,86.4049852717869,87.30095857003042,10730500
2020-10-22,89.4930648803711,89.80622155649158,86.38760003937942,86.3963006794505,14837200
2020-10-23,90.30205535888672,90.85877688545324,89.53656491901879,90.03239523601222,15087600
2020-10-26,88.06645202636719,89.33647318445006,87.20527461412362,89.29298326388508,12410700
2020-10-27,86.40499114990234,87.78809410944406,86.25711346931796,87.43144754823213,10391700
2020-10-28,83.97804260253906,85.5090300996932,83.56919878483505,84.81312488190204,16389500
2020-10-29,84.52603912353516,85.23064477857618,82.8471744083163,83.61267125461843,14208800
2020-10-30,85.28285217285156,85.61340347116557,83.7083748903006,85.16977040579127,15194500
2020-11-02,87.2052993774414,87.75332031600779,85.12629077608285,86.4572035102046,15011600
2020-11-03,89.9541015625,91.11103444381573,89.32778824039745,89.61484298249152,17482600
2020-11-04,87.2052993774414,88.78847761438901,86.05706028950847,87.8577081009634,18886500
2020-11-05,90.77176666259766,91.4241751531817,87.85767673198407,87.90986728750525,17837400
2020-11-06,89.5626449584961,91.42418349045774,89.06681472590151,91.36329229124938,12552800
2020-11-09,101.68875885009766,103.42851518068395,95.99105421277005,98.43541637016152,47792400
2020-11-10,101.35820770263672,102.16719471612143,99.7663355971587,102.08020822108264,20539300
2020-11-11,99.8446273803711,101.74096228605356,99.1313274600673,101.68007107224634,14443400
2020-11-12,98.61808776855469,99.13131268893582,97.47854288475442,97.887386675102,22063000
2020-11-13,99.23571014404297,99.91421410207798,98.79207038815692,99.77503039958658,11847900
2020-11-16,102.03671264648438,103.17625093272676,100.67100417633915,102.46295109424283,19858600
2020-11-17,101.00157928466797,101.28864074301046,99.67066642444685,100.37526578888266,14553200
2020-11-18,100.25345611572266,103.17624721106912,100.20995955385668,102.0714982514514,12571200
2020-11-19,100.52312469482422,100.74929488964413,98.78336825975066,99.32269514381534,10202500
2020-11-20,99.66194915771484,100.60141924467928,99.24440468462701,99.54016673569845,12718900
2020-11-23,102.53252410888672,102.79348353163442,100.53180201794142,100.94934638563736,13209200
2020-11-24,107.27336883544922,107.42994716155528,104.1331083105646,104.44626496277671,20121600
2020-11-25,106.15125274658203,106.45570883819063,104.79424466018655,105.57713649335511,11715600
2020-11-27,105.44664001464844,106.42960002453792,105.3248575934814,106.12514397162032,5983600
2020-11-30,102.54125213623047,105.01170997184802,102.44556499181232,104.38539653080005,14411800
2020-12-01,104.15921020507812,105.75978948874138,104.06352307545806,104.68113577968693,12668900
2020-12-02,106.15991973876953,106.39478389595277,103.75035378470137,104.12440161772871,10811300
2020-12-03,105.46402740478516,106.02944954225066,104.6985370048687,105.99465361907576,12904400
2020-12-04,106.42090606689453,107.24729441858753,105.85549049167439,106.54269513235377,13583700
2020-12-07,106.020751953125,106.27301742591932,104.56805696115035,105.38574458768063,9724300
2020-12-08,106.12513732910156,106.41219871958954,105.04649025057424,105.29005507766327,9592100
2020-12-09,105.29874420166016,107.25596988097247,104.76811804211515,107.14288148316065,13073900
2020-12-10,104.62023162841797,105.06387129843284,104.00261900060738,104.37666683284681,13668400
2020-12-11,104.00263214111328,104.40277530391498,102.96748162914682,103.46331192181889,9981600
2020-12-14,102.90657806396484,105.62059338774783,102.74129910737545,105.55100154953725,12112400
2020-12-15,104.66373443603516,105.16826533507017,103.18494429653897,103.7677610402639,12590200
2020-12-16,104.96820068359375,105.32485393078325,104.2636014661093,104.64634999740652,11169400
2020-12-17,104.09832763671875,105.64670984575508,104.02004178052096,105.48143749267832,11618000
2020-12-18,103.5850830078125,104.28098148746604,102.88047725248539,103.63727356870969,28954800
2020-12-21,107.47344970703125,108.73477038888484,105.33354358553154,107.14289175759707,28323600
2020-12-22,105.83806610107422,107.44733924759828,105.78587553916157,107.33425748457314,11788200
2020-12-23,108.79566955566406,110.05699032981136,106.4295997170082,106.80364761998166,14973200
2020-12-24,108.31723022460938,109.21321034274939,107.49084859170274,108.81306053168214,4164900
2020-12-28,109.03053283691406,110.17007781727645,108.55210379821779,109.44807730236062,8072600
2020-12-29,108.74347686767578,109.84821927402193,108.63908909330569,109.77862742444188,8389200
2020-12-30,109.04793548583984,109.47417396044405,108.64779229628263,109.1610172665916,7398000
2020-12-31,110.5354232788086,110.76159347044037,108.57819731694019,108.81306151224103,8580200
2021-01-04,109.49156188964844,111.22261749866333,108.54339128315176,110.90946084299868,16819900
2021-01-05,110.08734130859375,110.65683545074702,108.44018860916958,109.50908386702426,13731200
2021-01-06,115.2565689086914,116.32546401702017,112.04112028551481,113.7934122794916,24909100
2021-01-07,119.04151916503906,121.07417689871171,118.20918617037485,118.88381987650152,21940400
2021-01-08,119.17293548583984,119.4620641852017,117.50825631092711,119.12912567644378,12035100
2021-01-11,120.95153045654297,121.08294654446672,117.49952527902816,117.91131351302894,15937900
2021-01-12,122.85273742675781,124.1143851252878,121.63489953948627,122.16934715153363,18033500
2021-01-13,122.9666519165039,123.35214353303229,120.99533054293681,121.42463197487574,14816800
2021-01-14,123.68509674072266,125.06940418465027,122.66001110928923,123.08932596096862,18565600
2021-01-15,121.46844482421875,124.10563000370816,120.04032769321203,120.40830608787016,27881000
2021-01-19,120.9427490234375,123.27329213380317,120.75000990235321,122.53733537333353,19843800
2021-01-20,119.12913513183594,121.05664657835982,118.6647805269104,120.75000462600255,16028800
2021-01-21,118.13032531738281,119.29559674689797,117.68349734004512,118.88380859628445,13411700
2021-01-22,117.21915435791016,117.75360206918477,115.82609033584154,116.25540517567849,12933200
2021-01-25,115.75598907470703,116.67594174106824,113.95113694256008,115.77351567499477,14212800
2021-01-26,115.2828598022461,116.67592350764474,115.07258073829132,116.30794517238152,11307800
2021-01-27,112.02360534667969,113.76713411986731,111.57677070126815,113.53932846343359,17603900
2021-01-28,113.99492645263672,115.79977826328087,113.01365091338394,113.81093060458855,13761800
2021-01-29,112.73328399658203,115.40552200946202,112.31273922748396,114.9411674298819,14808100
2021-02-01,113.56561279296875,113.95988770410122,112.56681064711164,113.3728603289545,11080700
2021-02-02,117.06144714355469,117.74483749949802,114.96746625929157,115.59829018306681,12253600
2021-02-03,118.40192413330078,118.94512833013219,116.97380725196787,117.0964666954097,10600800
2021-02-04,121.12673950195312,121.48596125077894,118.69106363970619,118.69106363970619,12419500
2021-02-05,120.89018249511719,122.21316670868592,120.36450482472777,122.12554707918179,10051300
2021-02-08,122.78266143798828,122.92284750591448,121.06541552809058,121.08294212880118,10136400
2021-02-09,122.29199981689453,122.64245154976406,121.38080392123108,122.16057039041095,8614800
2021-02-10,122.36215209960938,123.422277794749,121.81893427103098,122.66003755370785,10323200
2021-02-11,122.02043151855469,123.14189341703695,121.1004787538471,122.36212673185975,9201000
2021-02-12,123.75518035888672,124.07059232676896,121.7838589018425,121.82766871910822,8324600
2021-02-16,126.73405456542969,127.32108202407461,124.76273320487519,125.77030547715242,12130600
2021-02-17,127.12833404541016,127.3736529761438,125.39356156094915,126.12076173736641,10810100
2021-02-18,127.55763244628906,127.73285833993528,125.63887749399794,126.16456854381532,10587800
2021-02-19,129.68663024902344,130.4050602228584,127.79415904122041,127.79415904122041,11969800
2021-02-22,130.9044952392578,131.58788553434144,128.60899207760568,128.67908510388062,11488400
2021-02-23,131.95584106445312,133.44528085067728,131.06217184516845,132.744364078079,16234400
2021-02-24,134.27764892578125,134.71572035256767,131.51780428457832,131.51780428457832,15061400
2021-02-25,132.45526123046875,135.71451349490434,131.938340190342,135.16255262531052,18127700
2021-02-26,128.9419403076172,132.1836661455895,128.3636828240177,131.68427167802906,19829200
2021-03-01,131.85951232910156,132.6305223935194,130.0896998489062,131.00089599210554,14845500
2021-03-02,131.43016052246094,132.98093683186465,131.28121786896335,131.49149692801222,14221700
2021-03-03,133.9709930419922,135.784601608816,132.1398578766301,132.49906624896064,14324100
2021-03-04,131.9120635986328,135.25893565808195,130.21234435326892,133.7081590909672,20093900
2021-03-05,132.21871948242188,134.47916961883655,129.64285738816145,134.24260730823255,18465100
2021-03-08,133.9709930419922,136.20515976046934,132.0785214661849,133.5854880874154,17133300
2021-03-09,133.02474975585938,135.14501351764076,131.2637077150378,132.73562105622415,16238800
2021-03-10,135.916015625,136.8184414986174,132.74437009326957,133.09483517988744,14342200
2021-03-11,135.20635986328125,136.80968938175963,134.36525691443552,135.0223639976695,11771500
2021-03-12,136.80970764160156,138.1064087511779,135.86348508006586,137.4317749790626,12849500
2021-03-15,136.1262969970703,137.48432095536938,134.89094585988298,136.98492653158675,12101100
2021-03-16,134.49667358398438,135.45167937622847,133.34017206414595,135.00483800155266,12805600
2021-03-17,135.88099670410156,137.4492999534158,134.0936711026135,136.1000324251549,13952400
2021-03-18,138.1239013671875,141.66352561955372,137.65079015703594,138.08010492409906,21898500
2021-03-19,135.92477416992188,136.6256909842395,132.46401327476923,136.2489426818823,54418800
2021-03-22,132.2712860107422,134.89971453842116,131.95587405266556,133.87462901689184,19944800
2021-03-23,130.94830322265625,133.2788328115755,130.51023184121524,131.71054314832278,17076300
2021-03-24,131.964599609375,134.20752261941732,131.29873601854234,131.42139545287665,13079800
2021-03-25,133.65557861328125,134.0235569624384,130.83439790086572,131.42141193658384,15608300
2021-03-26,135.88099670410156,136.1964086771735,133.65559966050688,135.18884970788005,16754400
2021-03-29,133.7694549560547,134.68940742313467,132.3325815279337,133.27881720531232,17570300
2021-03-30,135.34652709960938,136.5643649767628,134.82084947550763,135.32901387035344,13184300
2021-03-31,133.37521362304688,135.35530489112983,133.27883738107047,134.29516622938934,16736700
2021-04-01,134.67189025878906,134.7419699049528,132.77941895935263,133.08606086016482,16561500
2021-04-05,135.38575744628906,136.54908381723237,134.48683810250495,136.07317268453153,13508000
2021-04-06,134.4339599609375,135.96743209346246,133.83468034789703,134.65428572119365,13071600
2021-04-07,136.5402374267578,136.80463095836717,134.5308681027084,134.92746512392927,16903500
2021-04-08,136.70770263671875,137.0514102325595,134.23124361955638,135.72064768407145,12335500
2021-04-09,137.73001098632812,138.39979632414276,136.5755063821146,137.31579756300678,12122400
2021-04-12,137.43919372558594,138.58489026146785,137.10430774564455,137.11311593409016,12273400
2021-04-13,135.7999725341797,136.77821937681134,134.33700636454745,136.38163572658038,16113600
2021-04-14,133.26182556152344,135.57083499725059,133.01504836265195,133.49095948837055,19939600
2021-04-15,134.10787963867188,134.13431765360033,131.5961740871507,133.29708246975994,17694100
2021-04-16,135.10372924804688,136.17009816314817,134.56613397302098,135.6060648784992,13773400
2021-04-19,134.53089904785156,135.61491143203594,134.15194520854732,135.20950613063405,11900200
2021-04-20,131.5520782470703,133.73770551754404,131.0056613437413,133.7288973303149,13716700
2021-04-21,132.67132568359375,132.73302333820973,129.3664399821055,130.2477428358357,12236700
2021-04-22,129.87762451171875,132.4598494079052,129.78068063955575,132.39815174033916,15256100
2021-04-23,132.36289978027344,133.1913267522592,129.27833927890657,129.7101691426233,14041900
2021-04-26,132.68899536132812,134.363479354943,132.530367254865,132.88288312319528,10799100
2021-04-27,133.29710388183594,133.5791273498646,132.2924188103173,132.63612650721527,12821200
2021-04-28,134.16075134277344,134.74241454767858,133.4292682422321,134.33700925248564,8943700
2021-04-29,136.76939392089844,136.8487079514079,135.01559637648464,135.31523612348565,12976900
2021-04-30,135.55320739746094,136.15250040864257,134.84816233332447,135.80879278892326,11705100
2021-05-03,135.15663146972656,137.02498956591185,134.95393554078228,136.46977780857608,11801100
2021-05-04,137.02496337890625,137.16597506236067,134.08141508677002,134.72476240206123,12977700
2021-05-05,138.8228759765625,139.4926615295318,136.2759104105411,137.48329142300508,10506700
2021-05-06,141.6165771484375,141.73115083837945,138.50557872372548,139.3075676580866,13542400
2021-05-07,142.10130310058594,142.33043704353875,138.38220329831384,138.55846121194037,14257800
2021-05-10,142.08367919921875,144.29574501984152,141.9955435149222,142.33044297810824,14014300
2021-05-11,139.7217559814453,143.11477752870647,139.28110453102778,141.9602728802309,15451700
2021-05-12,138.7611541748047,141.69589476824692,138.3910085298142,140.6647718755699,14381700
2021-05-13,142.33045959472656,143.16769490281882,138.9638750862976,139.40452666399025,15395000
2021-05-14,144.5425262451172,144.930301786639,142.76230354648558,143.11481943098596,10584000
2021-05-17,145.1241455078125,145.28278702101846,143.678809303874,143.97844905951146,9886800
2021-05-18,143.07957458496094,145.85567418280658,142.98263069865672,145.13299913078987,11098100
2021-05-19,141.98672485351562,142.04840906987988,139.8099053985892,141.88978098698632,13278900
2021-05-20,141.7399444580078,142.64768535278634,140.58543983150005,141.7399444580078,10426000
2021-05-21,143.35275268554688,143.84628022590252,141.83691041295918,142.18942624246552,10249000
2021-05-24,144.12826538085938,144.73636651251616,142.8768169197114,143.9696373191826,9440300
2021-05-25,142.63888549804688,146.03189373135058,142.38330011607223,144.40149136914977,12609100
2021-05-26,142.62127685546875,144.30456893979465,142.16299549558775,144.1547490322142,13058300
2021-05-27,144.8421630859375,145.19467893039374,143.2734447171575,144.4896337938638,15707500
2021-05-28,144.74522399902344,145.36213347103492,143.88153729058948,145.13298606170358,10291300
2021-06-01,146.3403778076172,147.0982989875066,145.83802860167782,146.18173626188243,9445400
2021-06-02,146.34918212890625,147.56538463946117,145.88209258886187,147.40674309791964,10498600
2021-06-03,146.44610595703125,147.3979147331475,145.11534337666578,145.77632057277856,13354400
2021-06-04,146.68409729003906,146.88679324761998,145.4414566308323,146.48140133245812,8510800
2021-06-07,145.9966583251953,147.26573679783766,145.538376999493,147.17760111871993,7267200
2021-06-08,145.41500854492188,146.08479404616818,143.79341410130377,144.96554881419817,10370700
2021-06-09,143.59950256347656,144.7275692459046,143.01783939820774,144.65706339730087,12377400
2021-06-10,141.36099243164062,145.62650906955795,141.28167839097026,144.85095814491547,12119400
2021-06-11,141.26406860351562,142.06605765547218,140.1800695510798,141.3874505001537,13683800
2021-06-14,138.86692810058594,141.29931967844612,138.06493909732725,141.14067813661973,19917900
2021-06-15,136.76058959960938,138.29406162166867,135.83523223128665,138.10017389080085,24485500
2021-06-16,137.72122192382812,138.9109728909911,134.93630124979595,136.3640077894381,25321200
2021-06-17,133.7465362548828,138.7699740309473,133.2970765733641,138.45270441822342,29722400
2021-06-18,130.3623504638672,131.93106887628176,130.0450808159846,131.57855302202015,43595700
2021-06-21,132.5744171142578,133.2530242575621,131.33178997998056,131.38466601365815,18664800
2021-06-22,132.38052368164062,133.05030909082285,131.0145014026409,132.7242312985075,14251200
2021-06-23,133.18251037597656,133.99330755464524,132.27476932553137,132.37171319730788,12733300
2021-06-24,134.40750122070312,134.9450965307389,133.2706263900321,133.88753573410224,13733200
2021-06-25,135.7647247314453,136.16130837700075,133.66721936712557,134.47801648290576,15484900
2021-06-28,136.01148986816406,136.14367993548683,134.06380437470588,135.456264690176,14125800
2021-06-29,135.84405517578125,137.7564812310609,135.3769656227581,136.60197635669732,14528700
2021-06-30,137.07785034179688,137.553761449546,135.46507783113424,135.50032403100457,12531000
2021-07-01,138.43508911132812,138.48796514439132,136.97212277436307,137.71241413248353,10479400
2021-07-02,138.30210876464844,138.55916698189034,137.49549832795094,138.23119661937855,11424000
2021-07-06,135.9798126220703,138.0805328114798,135.04025023398185,138.0805328114798,15083400
2021-07-07,136.13934326171875,136.75094871429897,134.33113079440767,134.7388587460548,12271800
2021-07-08,133.79043579101562,135.19977923550832,132.9926842662223,134.38430981746646,17834600
2021-07-09,138.0716552734375,138.40847105912547,135.24409601728655,135.66069642007983,13694500
2021-07-12,140.0482635498047,141.0764692370821,136.44955716944077,136.81297679556405,19940400
2021-07-13,137.96530151367188,139.50761048838007,136.059586333379,138.31986229670815,22671700
2021-07-14,137.49549865722656,139.41008600877203,135.57205235941692,138.23119695041603,14622800
2021-07-15,137.79690551757812,138.7453269068551,136.23686506402134,136.4141386996224,11539300
2021-07-16,134.65025329589844,138.52373716954742,133.8613740887337,138.24010204596053,14002700
2021-07-19,130.27151489257812,132.79770805767538,129.15467885938415,131.671999551726,22172900
2021-07-20,132.7001953125,133.94998308965623,129.70422117589024,129.87263584394012,15385200
2021-07-21,135.49227905273438,136.19251449920242,134.16270677897018,134.77431218891908,12356700
2021-07-22,133.78160095214844,136.00642796563787,132.93068198313597,135.51005631286174,9913300
2021-07-23,133.52452087402344,135.4745576479783,133.17883259830012,134.26907815633373,9666100
2021-07-26,134.41976928710938,134.69455895453981,133.10792825678593,133.1256596764838,8208000
2021-07-27,134.24246215820312,135.16430640085173,132.77993823827353,133.31175897047203,11218700
2021-07-28,134.46408081054688,135.41251557789045,133.7372549597358,134.98704268827927,9217300
2021-07-29,135.6163787841797,136.3875264139371,134.65022612906373,135.74047166167065,9063500
2021-07-30,134.5350341796875,136.2102953111339,134.020931091054,135.2441423545307,9805200
2021-08-02,133.99429321289062,136.90162352640857,133.9056631756532,134.7565818636977,10203200
2021-08-03,135.51889038085938,135.900041524692,132.53178853840174,134.6856894630543,10394800
2021-08-04,134.05630493164062,135.94428779443035,133.763797496537,134.06516387509063,10155000
2021-08-05,135.74935913085938,136.22801284825934,134.73888448037428,134.97821133907425,9151500
2021-08-06,139.60507202148438,139.888720564627,137.48662099340075,137.5575331291864,13328800
2021-08-09,139.4544219970703,140.53580865625037,138.18688924650905,139.62283666900805,9516900
2021-08-10,141.16514587402344,141.80334178546227,138.55032254179824,138.93147370909907,8667000
2021-08-11,142.84927368164062,143.1506402044655,141.00559817859457,141.8210676948265,9156500
2021-08-12,143.40762329101562,143.9217260634219,142.308519144931,143.48740788638077,8844200
2021-08-13,141.80332946777344,143.73564845542185,141.43992327833328,143.40767805504467,8980900
2021-08-16,140.87261962890625,140.96126319796414,138.96690462014902,140.88149210087786,8755800
2021-08-17,139.17076110839844,140.81057237194346,137.62846588063442,139.66714613325257,9347200
2021-08-18,137.9032440185547,140.0571447062244,137.69050757620948,138.55029876699618,8065500
2021-08-19,136.7509307861328,137.88549797474397,135.62522254309707,135.75818787737498,9517700
2021-08-20,137.14096069335938,137.30050288751434,135.75820757691088,136.81300383307882,6974100
2021-08-23,138.89598083496094,139.24166908515375,137.60187139582214,137.6816424862262,7934600
2021-08-24,139.75575256347656,140.5357725170838,139.04664474429788,139.1618786533826,7670900
2021-08-25,142.63648986816406,143.39877839501477,139.8709842940575,140.50030749901063,11335000
2021-08-26,143.37220764160156,145.21588278482804,142.84037333149664,143.8242573376149,11027500
2021-08-27,144.5245361328125,144.62203865895682,142.93790534601953,143.37223723977354,8780200
2021-08-30,142.2110595703125,144.91452603181153,141.71468806100958,144.6663402771601,7937600
2021-08-31,141.77674865722656,143.03540903442826,141.24492775811794,142.21108055450983,12340800
2021-09-01,141.57286071777344,142.49469156876154,140.90807456245898,142.01605148798308,8729900
2021-09-02,142.22877502441406,143.24810829338364,141.31578967750363,141.838765017992,8813300
2021-09-03,141.36898803710938,142.60991670716706,141.06760805285984,142.16672596427387,7959700
2021-09-07,141.12081909179688,143.0442655217667,140.89922369398778,141.8121956509525,9285600
2021-09-08,140.49148559570312,141.4487793603148,140.08374410286274,140.83717388360927,7852700
2021-09-09,141.10311889648438,142.55678448677733,140.11923457149194,140.2876492751115,7904300
2021-09-10,139.4810028076172,142.45924538990155,139.3569099302349,142.31742109429058,8311600
2021-09-13,141.69696044921875,141.86537511406553,140.11034336613898,140.518071320401,10052800
2021-09-14,139.2239532470703,143.00879263768573,138.50597284751478,142.2199136179085,11685600
2021-09-15,140.1901092529297,140.65989039261834,138.6921222687828,138.91371765637592,11691500
2021-09-16,140.12803649902344,142.57445789274993,139.3568889858395,141.29806647430257,10880900
2021-09-17,139.76463317871094,140.94352223679576,139.16190023027534,139.49872953975924,25581600
2021-09-20,135.58090209960938,136.99910419530448,133.39153900474162,136.40523029256192,15819900
2021-09-21,135.5986785888672,136.99030445162424,135.24413129300052,136.08619126451813,8999900
2021-09-22,138.1957550048828,139.38350307279964,137.47778809106907,137.5664181337603,11236200
2021-09-23,142.866943359375,143.33673793066038,139.75574960588878,140.0482570823013,12336100
2021-09-24,144.5156707763672,145.0031834310956,142.54791578611096,143.09746812865293,10102400
2021-09-27,148.0080108642578,148.38028955118304,145.90729058621153,146.25297890443574,13220900
2021-09-28,147.2102508544922,150.06440055478947,146.83797222294592,148.64618465118625,13387900
2021-09-29,147.09503173828125,147.937091598617,146.28842119280665,147.32549962276576,7777100
2021-09-30,145.091796875,148.01685867065802,144.29404537157927,147.95480547062252,13161200
2021-10-01,148.14096069335938,149.17802553924722,145.01203473671805,145.36658196561464,11285000
2021-10-04,147.98143005371094,151.07490722181078,146.90004323965252,147.99916147569397,14120000
2021-10-05,150.39796447753906,151.71771035696676,148.62343128073803,149.1049691924734,12292900
2021-10-06,150.718994140625,150.79033359868424,148.02598742698203,149.80052072885388,8692600
2021-10-07,151.67312622070312,152.93937095083857,151.18267596444397,152.66293906274976,10195400
2021-10-08,151.78904724121094,152.78777236477782,150.96866394590825,151.61070541294677,8190100
2021-10-11,148.59666442871094,152.74316938047684,148.43616088009924,152.30623398262847,12154700
2021-10-12,147.45526123046875,148.6412540141607,146.9291481208439,147.80303252744548,13032600
2021-10-13,143.5673370361328,147.49983692488212,143.21065344266097,146.3049319194838,22753500
2021-10-14,145.76992797851562,146.2514523061639,142.72914994878374,144.23616366584307,15176800
2021-10-15,148.5699462890625,149.06930891373983,146.36738973573767,147.44638038353847,14267400
2021-10-18,148.5164337158203,150.35338049012066,147.94573167325507,148.45400658921304,12672900
2021-10-19,150.3177032470703,150.3890290898132,148.5431701617977,149.27437570608612,8053900
2021-10-20,152.3419189453125,152.36866954061844,149.3279051524266,150.07694903421293,8185600
2021-10-21,151.14698791503906,152.77884198372888,150.41576881696275,152.27055354629422,8415200
2021-10-22,153.18011474609375,153.4565465887637,151.32533001319595,151.61960011860168,8817900
2021-10-25,152.43109130859375,154.23237509999177,152.0208928506401,154.0094444092062,10159200
2021-10-26,152.84124755859375,153.81323552955294,152.07436558153447,152.48456396272726,8015100
2021-10-27,149.65786743164062,152.2171079970425,149.22091827870824,151.8782625215193,9847000
2021-10-28,151.9138946533203,152.04764762882826,149.77376540553382,150.07694788775842,7212900
2021-10-29,151.49481201171875,153.59036639489324,151.04895053501033,152.64512863471697,8140100
2021-11-01,151.41453552246094,153.67059313821292,150.71006688442648,153.41198590418654,7435500
2021-11-02,152.01197814941406,153.0998809920009,150.62980516678888,151.41452554022447,7173800
2021-11-03,152.0655059814453,152.60054516737262,150.83492401777954,151.7088222619016,8402700
2021-11-04,150.0679931640625,151.77118662739235,148.46290333943247,151.59284482538982,9574200
2021-11-05,149.85401916503906,151.6731276889618,149.28331711767015,150.611975380586,7975600
2021-11-08,150.75465393066406,152.41325887786448,150.4693097109725,150.7457416010709,6413700
2021-11-09,149.61325073242188,150.2285416432765,148.56102435652167,149.2298164584749,7990300
2021-11-10,149.47056579589844,150.65655870836895,148.9979538180896,149.3189745583569,6999200
2021-11-11,149.46165466308594,150.41579095562895,148.82852550677035,149.38140287902908,5815300
2021-11-12,148.79287719726562,149.57759766941209,147.77631367953546,149.49733227086182,8113400
2021-11-15,148.52537536621094,149.6221908069491,148.02601268121188,149.10500345935196,6492500
2021-11-16,147.45526123046875,148.98011298281784,147.24124289132612,148.97118704789017,9706100
2021-11-17,146.66163635253906,147.63361084847645,145.69857418539243,147.32151606149384,9909600
2021-11-18,145.3954315185547,147.00053556974544,144.9584823692656,146.59033702075848,8122500
2021-11-19,143.49598693847656,144.55713891916147,142.18515373958414,143.83484585173215,12193600
2021-11-22,146.55465698242188,148.00815598675536,145.34191335270506,146.38522746254358,14549900
2021-11-23,150.05911254882812,150.3087938457192,147.4641959204849,147.58012423925942,12354400
2021-11-24,148.8820343017578,151.09350288182597,148.4183346682146,150.2196184085635,9629800
2021-11-26,144.39666748046875,145.0387089894779,141.62342261546195,144.583935256684,13619300
2021-11-29,143.77244567871094,146.93806395349284,142.51512702526043,145.62723050902432,12104400
2021-11-30,141.63233947753906,143.2374433014271,141.15080152706733,141.92660964580276,18922600
2021-12-01,140.79412841796875,145.59160198366732,140.71387662239525,143.56738718677275,12253400
2021-12-02,143.754638671875,145.5737471981936,141.60558345683899,142.5240568529297,12969900
2021-12-03,141.15081787109375,144.30752469136095,140.1699308032473,144.01325448902335,12681800
2021-12-06,142.81832885742188,145.00304702583506,142.19412561024816,143.576285083772,11186500
2021-12-07,144.96739196777344,145.6985976379715,143.71005946883741,144.35210101694895,9851600
2021-12-08,143.3087921142578,145.59160054317354,142.8272541323578,145.04764903420445,11705700
2021-12-09,143.0858154296875,143.50491253667502,141.47178608232974,142.36350868885336,11189600
2021-12-10,142.51512145996094,144.1915508012989,141.89983065006132,143.85270544440084,10405400
2021-12-13,140.82086181640625,142.48837908494812,140.25015977323721,142.22978546192576,12069000
2021-12-14,141.8998565673828,143.4692838307284,140.2680021755229,140.40175515575305,12563600
2021-12-15,140.83872985839844,142.54192401844773,140.31261656496315,142.54192401844773,14014200
2021-12-16,143.041259765625,144.29859219812784,141.51640776777535,143.02342149950582,19542800
2021-12-17,139.7864227294922,142.12274507451463,138.37749946074615,142.0692438983076,28082000
2021-12-20,137.27178955078125,137.94949387940008,135.39916650722324,137.78006439559334,15148000
2021-12-21,139.18898010253906,140.1609544900461,138.29725748502273,138.58261525379947,11291300
2021-12-22,139.7329559326172,140.05397667544838,138.43104830257548,138.88582201883227,7273000
2021-12-23,140.2322998046875,141.89090448698883,140.1877245572309,140.54440817653116,8055200
2021-12-27,141.0348663330078,141.07052925431128,139.41192447822218,140.53550379510722,6188100
2021-12-28,141.46295166015625,142.80944863916199,140.9635889025545,141.0705913201507,6342300
2021-12-29,141.3915557861328,142.34570565118904,141.02594619634814,141.65016300099873,6398900
2021-12-30,141.32022094726562,142.88966173255616,141.222130898185,141.88201064714664,6948200
2021-12-31,141.20428466796875,142.04249251515856,140.85651338464936,141.2934487674872,5805900
2022-01-03,144.1915740966797,145.02979570607448,142.23869898683654,142.5508074096061,13120900
2022-01-04,149.65786743164062,150.3266596579955,146.44765930249227,146.51899877276364,20195800
2022-01-05,146.92176818847656,151.03034049486538,146.8769120593165,150.54592988917568,17539400
2022-01-06,148.48269653320312,150.14226409057565,147.00252614681173,149.72962048334253,14047500
2022-01-07,149.95387268066406,150.2857834217487,148.07002462505062,148.617236588773,13913300
2022-01-10,150.09739685058594,151.88255308333098,148.49163775919132,151.66726556317536,12922500
2022-01-11,150.24990844726562,151.1738872950451,149.19136120073472,150.9406408791439,11854100
2022-01-12,151.1020965576172,152.1337190123111,149.97178241305858,151.12004174560784,12568000
2022-01-13,150.9137420654297,152.3311111128668,150.60874223815324,151.01242009050983,13623400
2022-01-14,141.63809204101562,144.45488553192064,140.74998962981834,144.2126732946534,40158400
2022-01-18,135.69947814941406,139.7452498407538,135.04460866379125,139.7452498407538,32324800
2022-01-19,133.600341796875,136.56066918106663,133.2594652364409,135.96861465476633,22380000
2022-01-20,132.46107482910156,135.10742290451475,132.1919516698012,133.65417700773426,14860800
2022-01-21,130.14662170410156,132.32649028369337,129.41999884423763,132.3175245318056,20705400
2022-01-24,130.0299835205078,130.5054283910756,125.20376774347633,127.6348139777881,28471400
2022-01-25,131.44732666015625,131.734394889397,126.29815322552416,128.8637673496556,18915900
2022-01-26,132.69427490234375,135.07151292084316,130.93602957942716,133.41193192091282,20709100
2022-01-27,130.3529052734375,134.90104508193917,129.29437195794804,134.03985406730075,17536800
2022-01-28,131.5191192626953,131.65367396618265,127.53613578143928,129.34821668802778,14117000
2022-01-31,133.3043212890625,133.4747527250798,129.7788366399328,130.64899376688012,13985700
2022-02-01,135.591796875,135.8788651505945,133.0351617753094,133.3850176810847,14584900
2022-02-02,134.50637817382812,135.4034461742531,132.82886539324826,135.00873406395868,12441100
2022-02-03,133.3939971923828,136.04034482323263,133.02619605939879,134.5601882279928,12474900
2022-02-04,136.8566436767578,137.69988948979872,133.45676317729482,133.75279715558577,16654400
2022-02-07,137.31419372558594,137.80757013335244,135.32270183883776,137.49360457278922,12572300
2022-02-08,139.8977508544922,142.1673317830876,138.86612813719293,139.0455389982661,20411400
2022-02-09,140.4808349609375,141.2253892529799,139.78112311219272,140.47185552174238,9131100
2022-02-10,139.8977508544922,142.6607219171673,139.242895051898,140.53467515269898,16455600
2022-02-11,138.07669067382812,141.9071744713745,137.2244788993741,139.59273762754455,16830000
2022-02-14,136.7938995361328,137.86139892130083,134.8472636857616,137.00918708828794,17026500
2022-02-15,138.79434204101562,139.88876593825424,138.01389737377,138.60595176538595,9500000
2022-02-16,139.04551696777344,140.03229707958658,137.91521640274402,137.91521640274402,9076500
2022-02-17,135.84300231933594,137.90626148202614,135.16123555879835,137.25140566676166,11367500
2022-02-18,136.4799041748047,138.27403990140297,135.5738705606135,136.47093842391266,11733300
2022-02-22,136.2377166748047,137.46670917789797,134.9280050227362,135.0984501377166,11333500
2022-02-23,133.38504028320312,137.52052422308435,132.73915024183813,137.35904486865755,11799000
2022-02-24,129.6711883544922,130.0659004835234,125.39216995665416,128.22690825772185,25655100
2022-02-25,132.73912048339844,134.6767901730923,129.99409526708283,130.29909502708057,18367700
2022-02-28,127.20426940917969,130.12870671944296,126.37896833428651,128.77413870872275,31315300
2022-03-01,122.40492248535156,126.02010533055902,119.83034177659619,125.62539323134126,36840400
2022-03-02,124.94361114501953,125.62537779469424,122.54844158799477,123.15844116588752,19405600
2022-03-03,124.05551147460938,126.46862626915657,122.95212181158635,125.44596943041508,16640800
2022-03-04,120.56591796875,121.48093104186084,118.77178220321402,121.05034229081969,21016000
2022-03-07,115.91015625,119.03194889429288,115.67690982175037,118.5654697259643,27560100
2022-03-08,115.09381866455078,118.22457699363802,114.16983294354164,116.29588641089471,19207800
2022-03-09,119.70472717285156,121.3194519201445,118.8076593897075,119.22030290457964,17536200
2022-03-10,118.28736877441406,119.71370338915295,116.90589029038762,118.28736877441406,15604200
2022-03-11,115.62308502197266,120.27886977167104,115.20146199955721,118.8525350472462,20061800
2022-03-14,116.7713394165039,119.23827640592145,115.92809331001376,116.13442880461204,15786900
2022-03-15,118.84357452392578,119.80344393272668,117.63254083781487,118.23357480437465,15096600
2022-03-16,124.1541748046875,124.2349213075882,120.59281463657466,120.98752664838082,20354900
2022-03-17,125.72406005859375,125.759950439783,121.92946669393392,122.77271270567384,17050500
2022-03-18,125.67922973632812,126.35203072273637,124.20803879357561,125.75996256953606,23656500
2022-03-21,125.27552795410156,126.27127388012174,124.45022712081358,125.90348644062438,12676100
2022-03-22,127.93984985351562,129.11500689104912,127.13249402735198,127.62588422697335,13548600
2022-03-23,125.39218139648438,127.01587251235522,124.87188024149056,126.46866040866976,12093200
2022-03-24,126.2084732055664,126.2264183945711,124.79110441390361,125.85861730490188,10017600
2022-03-25,127.31187438964844,128.44217501292624,126.30716272451261,126.56730639203177,8383500
2022-03-28,126.3699722290039,126.45968450956079,123.70567901689624,125.58952740321332,10818100
2022-03-29,126.64806365966797,128.81898043650057,125.80483117121783,128.5947134188104,11316500
2022-03-30,126.07390594482422,127.4912747491295,125.50876252373666,127.29391873282314,8771000
2022-03-31,122.28829956054688,125.90348200973193,122.23446398986555,125.43700288101368,17353900
2022-04-01,121.38227844238281,123.26612686590566,120.02771058352332,123.25714742476931,15721300
2022-04-04,121.92047882080078,122.84445749031003,119.21133043570693,120.31471991409975,17416400
2022-04-05,120.50166320800781,122.36331866647915,120.20343483995678,121.16138677504424,12110300
2022-04-06,118.82978820800781,119.79675851151022,118.35081916045061,118.91111945239349,12914700
2022-04-07,118.46829986572266,119.21838689415645,116.33552644440243,118.34177999283213,12994200
2022-04-08,120.63722229003906,121.00773588740515,118.82978776571855,118.99245025388448,13126900
2022-04-11,120.19438934326172,121.91144653231332,119.80579756064816,120.19438934326172,10466400
2022-04-12,118.87499237060547,121.62230125785824,118.11587298977292,119.41722837956272,12989900
2022-04-13,115.04322052001953,116.8054665809154,113.8774243201899,114.71788172495935,30838000
2022-04-14,113.97683715820312,115.94694130010609,112.98274253559714,114.32024727658388,18835200
2022-04-18,116.09154510498047,116.79644358494293,113.45268501524188,113.5701657969634,11834400
2022-04-19,118.49539947509766,118.67615395385494,115.88365721677071,116.0824761116992,15015400
2022-04-20,118.9111328125,120.65530071190196,118.69423568013787,119.76062934387755,13430200
2022-04-21,117.98934173583984,120.02270588925519,117.44711956870901,119.48951593187158,12174200
2022-04-22,114.60040283203125,117.95320049865266,114.4919611552525,117.73630335546179,14318800
2022-04-25,114.56423950195312,114.88054607395067,111.25663775728529,113.87741931573453,17149000
2022-04-26,111.17530059814453,114.23890862656471,111.03974851730746,112.63932512452813,17209500
2022-04-27,109.72936248779297,111.66331712699217,109.5486217699453,110.55174861207772,17215200
2022-04-28,111.46448516845703,111.74464221162738,109.47630992531687,110.98551611682517,13015600
2022-04-29,107.8676986694336,111.70849723680001,107.45198953422596,111.20241774955869,14874800
2022-05-02,108.85272979736328,109.08769819087843,106.83744437993491,108.33761128895898,18545000
2022-05-03,111.18435668945312,112.21459403011836,109.1509924284322,109.82878051543918,15720900
2022-05-04,114.86246490478516,115.13358284670139,110.92225701254574,110.9764847378184,17128500
2022-05-05,111.9886703491211,113.95877476442679,110.39813252185611,113.19061627247922,15055400
2022-05-06,111.80789947509766,112.32301803273535,109.51245682857419,111.88019850998393,14417900
2022-05-09,110.12699890136719,111.4554645341142,108.89794273058195,110.35292824313188,14312300
2022-05-10,107.44293975830078,111.86211641350623,106.24099420067569,111.25662753072615,16382400
2022-05-11,106.76516723632812,111.05782465119682,106.58442652415488,107.81348267241837,14630300
2022-05-12,106.67479705810547,106.92783681349641,104.26187338300672,105.73493018464183,16318800
2022-05-13,107.62368774414062,108.67200310019037,106.602489698181,107.91288389324319,10443200
2022-05-16,106.87360382080078,107.95806176191319,105.94277615729646,107.12664354740598,10269000
2022-05-17,110.41618347167969,111.13012098857104,109.17808824950363,109.38594626877723,11160200
2022-05-18,108.52740478515625,110.22639768329066,108.02132531497953,109.62090876078413,12664900
2022-05-19,106.9188003540039,108.12978522094872,106.30427226364752,106.81035868176338,12765800
2022-05-20,106.04219818115234,108.14786141314755,103.94557405385706,107.9580815833495,13150100
2022-05-23,112.60317993164062,114.38350420641545,108.85275156681057,108.86179067081902,24376700
2022-05-24,114.19371032714844,115.21490832021583,111.25662931440247,112.38627585776631,19324900
2022-05-25,114.9889907836914,115.54929800869557,113.11829619215871,114.12142297694743,12780400
2022-05-26,116.9771728515625,117.65496084587582,115.86560440198564,116.01018869398546,15990900
2022-05-27,118.63097381591797,118.63097381591797,116.70605155449836,117.62784706146951,11177800
2022-05-31,119.4985122680664,120.32993037311451,117.22115502844164,117.64588939318692,17015000
2022-06-01,117.40190887451172,120.0769041580333,116.28129454298582,120.0769041580333,10768000
2022-06-02,119.2906723022461,119.29970451012328,116.28129232350196,117.39286063613095,8374800
2022-06-03,117.62784576416016,119.08283115250005,117.47421547963128,118.57675167649165,8596000
2022-06-06,117.23925018310547,119.6431416893149,116.99525642250252,118.46830635405496,11323500
2022-06-07,117.5465087890625,117.77243810052948,116.23610775084937,116.42589443991919,6722200
2022-06-08,115.67581939697266,116.98620678065254,114.68173170299315,116.5795367360115,8422100
2022-06-09,113.24481201171875,115.76619098655297,113.20866249254672,115.10647432759116,13560100
2022-06-10,108.03941345214844,111.51872391904678,107.83155542504012,110.78670816689691,12945200
2022-06-13,104.82217407226562,106.59345926062625,103.98171665635213,105.60841065322221,16805600
2022-06-14,103.07798767089844,106.02410784622846,102.31886848788942,104.42453134213635,13357900
2022-06-15,104.29803466796875,105.68975347958727,102.27370260688963,104.48781450591673,14083500
2022-06-16,102.50865173339844,103.2587387333875,101.09885497761422,102.89725044105892,16724900
2022-06-17,102.14717102050781,103.59311740229734,101.36094133828087,102.60806879979629,30919900
2022-06-21,104.67757415771484,105.76203213537997,103.96363667940597,104.7137236762791,11680500
2022-06-22,104.09017944335938,105.01196823765612,103.3762418080079,103.8190614418983,9842700
2022-06-23,102.95148468017578,104.09017053612834,100.74641890993237,103.93654023269491,11851500
2022-06-24,106.02412414550781,106.47598284147313,101.96643498628795,102.32792332202351,14841100
2022-06-27,105.17462158203125,107.09050482560198,104.50587268075745,106.69286698952862,11280500
2022-06-28,104.66854095458984,107.80444119495111,104.46972203868671,106.34041663724126,11590900
2022-06-29,104.1986083984375,105.5722556732491,103.68348980853116,104.83120775628181,9338400
2022-06-30,101.76760864257812,103.09607421510097,100.24936325895432,102.27368813884739,15172600
2022-07-01,103.06896209716797,103.40333308961966,100.45721961946425,101.80375648256306,10573600
2022-07-05,102.67694091796875,102.7589916056181,99.65005933210867,100.99026925435685,12514200
2022-07-06,102.01136016845703,103.01424104378485,101.0084792931292,101.86549000125862,10656200
2022-07-07,104.5915298461914,104.75563817159926,103.38807111180242,103.47924085796106,10347400
2022-07-08,104.2633056640625,105.43941408522994,103.57952218355622,104.99267749225798,8807800
2022-07-11,102.89572143554688,104.14476822108543,102.31222685323208,103.52480435790044,7939500
2022-07-12,102.99603271484375,105.01091397132377,102.34871848857415,102.64046584345348,11250900
2022-07-13,102.02961730957031,102.54929248449999,100.63469314504873,101.88374015936986,12979900
2022-07-14,98.46482849121094,98.67452516799676,96.69610619801097,98.45570942983613,26204800
2022-07-15,102.97779846191406,103.8256903307363,98.1639634476224,99.52241842352208,18863900
2022-07-18,101.92019653320312,105.6126227432874,101.46434093029362,104.63709203129324,13977900
2022-07-19,104.44564056396484,104.79209529728033,102.72250682510133,103.14189317339459,11862300
2022-07-20,104.42740631103516,104.60974577679487,103.46099462206014,104.0262511393981,11667500
2022-07-21,105.1385498046875,105.33000834839368,103.36071550184063,104.33624634213706,11595900
2022-07-22,104.62798309326172,105.98643088341088,103.63421423183108,105.06560059004582,7645500
2022-07-25,105.04737854003906,106.17789861992284,104.63710427592753,105.6126351020783,9394000
2022-07-26,103.40629577636719,105.37559555742885,103.05072891964305,104.46388424156075,10675100
2022-07-27,105.06560516357422,105.52146080012055,103.29689002372183,103.94420419292103,9337400
2022-07-28,104.67357635498047,105.74028390547747,103.50658695677379,105.07473156904106,10384800
2022-07-29,105.17501068115234,106.21436095289657,104.65533554528024,105.38470037404899,12944500
2022-08-01,104.12654876708984,104.94709034423819,103.08719842130371,104.39094588393793,14740400
2022-08-02,102.50370025634766,104.2997726043284,102.35782311166867,103.86214812609651,14942900
2022-08-03,103.57952117919922,104.02625776783941,101.84726832088568,103.43364403265252,14394500
2022-08-04,102.43988800048828,103.31513006314175,101.21819117258478,102.88662461505184,18033900
2022-08-05,105.53970336914062,105.9317395113263,102.15725523809935,102.59487277237781,14174600
2022-08-08,104.2541732788086,106.3966931860686,104.09918404576268,105.98642593252252,10332500
2022-08-09,105.19325256347656,105.74939704082172,104.27242911249343,104.61887691977174,10233800
2022-08-10,107.9375,108.83098013248042,107.12607750134782,107.54546386367775,12847300
2022-08-11,109.53298950195312,110.49940120536078,108.77626749172022,109.31418074861277,11684900
2022-08-12,111.3472900390625,111.45669789077503,108.89479155979754,110.01619247768109,9906700
2022-08-15,111.64814758300781,111.88519443173212,109.95236427252641,110.4446891325827,8456200
2022-08-16,112.71485900878906,113.27100342615174,111.11025222158983,111.49316927609387,9555000
2022-08-17,111.76669311523438,112.2863752718746,110.94615844977356,111.50230293997612,8149300
2022-08-18,110.90055084228516,111.65727281471146,109.90678896383491,111.44757617620851,9531800
2022-08-19,108.15630340576172,110.3079425186389,107.68221661490286,109.9706138068486,13464500
2022-08-22,106.36935424804688,106.81609778712179,105.30265371101682,106.44229282044341,8967600
2022-08-23,105.32087707519531,106.93460982986656,105.19323806085804,106.38758448902047,7607000
2022-08-24,105.57616424560547,106.13230865779181,104.34534850846225,105.11118956614703,9771300
2022-08-25,108.0833740234375,108.25659443508277,105.46676017002672,105.90438464092031,10758900
2022-08-26,104.54592895507812,109.39623260047188,104.48210944484156,108.91302674356575,11276200
2022-08-29,104.29065704345703,104.71916247557431,103.44276524002221,103.93509018612681,8117300
2022-08-30,104.30888366699219,105.37558412139947,103.3515841069008,104.84678994619081,10745400
2022-08-31,103.68892669677734,104.87414718457181,103.33335289905345,104.37271015520666,10738300
2022-09-01,104.40007019042969,104.50947110234287,102.02962203629967,103.28778121394107,9979800
2022-09-02,103.67068481445312,107.08048292247653,103.19659802769777,105.6399844420633,10666600
2022-09-06,103.69804382324219,104.61887420614619,102.17548758479874,104.23595712027515,9751900
2022-09-07,105.6673583984375,105.85881696815427,102.80458500319496,103.14191378782654,10647900
2022-09-08,108.12894439697266,108.30217174677391,104.50944990479532,105.10206356208,11435000
2022-09-09,108.64863586425781,109.45094627409702,108.19278020623292,108.62128563770517,9299700
2022-09-12,109.93415069580078,110.81851177352989,109.2138979310091,109.97061998265413,8614600
2022-09-13,106.11408233642578,108.42071091435533,105.55793786240258,107.64575766629521,12904600
2022-09-14,105.867919921875,107.43605753368846,104.73739288822108,106.39670719576539,9345700
2022-09-15,107.46341705322266,108.84009615439363,105.53970558898975,105.86792222450472,10821400
2022-09-16,106.74317169189453,107.03491905977778,105.18414604266165,107.02579999821101,14844100
2022-09-19,107.72779846191406,108.24747356638485,105.31176239678322,105.758498936043,8201300
2022-09-20,105.60350799560547,107.29929135243893,104.51856946198505,107.04401333412926,9619000
2022-09-21,102.55838775634766,106.30552122847853,102.49456825256118,106.25082078403418,12606300
2022-09-22,101.39141845703125,103.57040802831817,101.2637794244224,103.36983041827409,11684500
2022-09-23,99.5041732788086,100.59822408455982,97.69898875373855,100.33383392188415,18138600
2022-09-26,97.36164093017578,99.93266626360436,96.6960886864614,98.46481065934786,15753600
2022-09-27,96.50464630126953,98.61981638341935,95.41059544891144,98.23689928067458,12793600
2022-09-28,98.45569610595703,99.1303674402746,96.31317605600384,96.59580431812306,12762600
2022-09-29,96.78726959228516,97.80838174007948,95.18265584543074,97.50751535833088,12713900
2022-09-30,95.27381896972656,98.11836037511323,95.1826492422561,96.69608619451772,15973400
2022-10-03,98.21865844726562,98.7930340448525,95.23735869093113,96.29494710582061,12248100
2022-10-04,102.81365966796875,103.01423722676307,100.16058393285408,100.8443672710326,16013600
2022-10-05,101.54425811767578,102.05938210489853,100.10926585724786,100.95554298426751,10943500
2022-10-06,99.47456359863281,101.36029653834461,99.2905927343852,100.68878954956745,11521400
2022-10-07,97.4876480102539,99.0790162797713,96.83453532470998,98.90423905253799,11681100
2022-10-10,96.57698059082031,98.71107498130193,96.1446413233369,98.1775566472107,8931700
2022-10-11,93.78976440429688,96.16302613507425,93.68857833699754,96.00665021944351,12739700
2022-10-12,95.30754852294922,96.33780347408216,93.16425384807573,93.64258926104512,13181000
2022-10-13,100.60599517822266,101.0935242382516,93.60579708473557,93.80816922694486,22398700
2022-10-14,102.28015899658203,106.00562141801723,101.84781977069312,102.98845450292639,33387100
2022-10-17,106.57594299316406,107.63379295362031,105.15934495313265,106.16200506074296,22276300
2022-10-18,109.31715393066406,110.51298562116061,107.58780391825927,110.07145273282006,21539700
2022-10-19,107.17385864257812,109.30795283865571,106.40116561366753,108.5352598097451,17072000
2022-10-20,106.82429504394531,109.19755676213065,106.3827622235615,107.77176521617909,12207400
2022-10-21,112.43550872802734,112.58268401100781,107.00828419362908,107.12786454967811,20593300
2022-10-24,112.57347106933594,113.23577731551822,111.60761364201812,112.28831416479986,12624200
2022-10-25,112.86782836914062,113.39215297652444,111.20286912812207,112.0859417817139,11289100
2022-10-26,114.16486358642578,115.16751673776746,113.03342240711233,113.14380913764298,11667000
2022-10-27,114.61559295654297,116.08738088661299,114.2568448679021,115.16751255306443,10727600
2022-10-28,115.97698974609375,116.16096058745379,114.10965833594217,115.25029299205744,11859500
2022-10-31,115.79302215576172,117.2188208658806,115.52625949950549,115.6274455766385,13295200
2022-11-01,117.88113403320312,118.0007214209963,116.20698078449065,116.70371058030126,13386900
2022-11-02,116.7956771850586,119.91403010751542,116.4921189668985,117.42118789912877,16546100
2022-11-03,117.00724792480469,117.90871495160084,115.82062396353767,116.18856567845296,12474400
2022-11-04,120.20838928222656,120.34637795642053,118.16629445771177,119.11375773565304,14953200
2022-11-07,120.84310150146484,121.68937870511282,120.0244192256256,120.50275470110567,12011200
2022-11-08,120.91667938232422,121.47779957964111,119.71165421335083,120.72351490886511,9884100
2022-11-09,119.3437271118164,120.89829286335986,118.86539163037673,120.79712081751882,9494000
2022-11-10,124.25582122802734,124.41219716675424,121.91015407496917,122.00214652649201,16351600
2022-11-11,124.45820617675781,125.2584872501165,123.06000217923737,124.35702008411991,10704700
2022-11-14,123.1795654296875,124.85371840985461,123.1795654296875,123.99824764200531,11085600
2022-11-15,122.28730010986328,124.8353393572774,121.0546798954175,123.88786204811832,14038300
2022-11-16,122.4528579711914,122.85760225034396,121.45020493897532,122.3424782718137,7893400
2022-11-17,121.91932678222656,122.24128627122526,120.76029788676627,121.42260412305073,8820200
2022-11-18,123.11515808105469,123.87865038106855,121.68016591662382,123.7866719815467,9468500
2022-11-21,122.38849639892578,123.7774926636639,122.11253306500956,123.02320785610965,7800500
2022-11-22,124.21900939941406,124.43058921497376,122.97719561262804,123.26235254064387,9185700
2022-11-23,125.54364013671875,125.56204143552921,124.05345776287514,124.12704892203857,7316200
2022-11-25,125.78282165527344,126.15076343473466,125.15730378689436,125.54364686615239,3220500
2022-11-28,123.58431243896484,125.75520220104728,123.43713014144959,125.1664870470627,9906900
2022-11-29,125.61719512939453,125.6907862673703,123.63948417706528,123.86945121971168,7925300
2022-11-30,127.10741424560547,127.10741424560547,122.51727971512798,125.1848925755155,14761200
2022-12-01,125.32286071777344,127.54894029231674,124.57775561354933,127.10739340772257,8858500
2022-12-02,124.32941436767578,124.50419160671407,122.65524716854871,123.71310423364656,8931900
2022-12-05,120.84310150146484,123.78669147111698,120.13481297293777,123.48313322914372,10154500
2022-12-06,121.04547882080078,124.28341950374775,119.46330405731975,122.70124474026672,13966700
2022-12-07,120.96268463134766,122.41607826790143,119.88644037637134,120.78790740397876,11739400
2022-12-08,122.23210144042969,122.32407984671067,120.89828120663294,121.7261710796181,8907300
2022-12-09,121.56979370117188,123.04157450873353,121.42261140959295,121.60658225602866,7957800
2022-12-12,123.45553588867188,123.86026616731614,121.05467896369105,121.79056240564566,8841600
2022-12-13,123.33592987060547,126.10472809805329,122.41606167112549,125.92075726537226,10025400
2022-12-14,122.7196273803711,124.83532717601992,122.1217045924292,123.05997414348795,9966100
2022-12-15,119.67488861083984,121.49622417599453,118.70902395007897,120.64073923552233,12087800
2022-12-16,118.92976379394531,119.49088400641774,118.13867651137888,118.80098279613571,21133700
2022-12-19,119.6380844116211,120.80632123465617,118.74581092169139,119.26093499091304,9017200
2022-12-20,120.21759033203125,121.46861178105034,119.76684981219651,120.47515233305785,8549900
2022-12-21,121.56979370117188,122.3240783823811,121.21104563799565,121.58818096056233,8051700
2022-12-22,120.19001007080078,120.77872529298976,118.12030614396916,120.59475441782034,8648200
2022-12-23,120.76030731201172,120.90748960624573,119.25172388630338,120.11640231983306,5091900
2022-12-27,121.18345642089844,121.62498928035671,120.08881088434272,121.02708049225855,5411000
2022-12-28,121.84576416015625,122.71963625921501,120.51194386382389,121.28464392205296,8827700
2022-12-29,122.54486083984375,122.59085706385727,121.70777728545919,122.27809116221148,6585200
2022-12-30,123.3543472290039,123.56591301233534,121.82736245035154,122.16770923693821,9292500
2023-01-03,124.2925796508789,125.78277559498537,123.16114575907925,124.40297337315563,11054800
2023-01-04,125.45166015625,126.64747787858346,124.706568978585,125.09291203233433,11687600
2023-01-05,125.42383575439453,125.7574349814953,123.89483340528501,125.71109900611238,8381300
2023-01-06,127.82392120361328,128.23165526483024,124.62693606326475,126.14666311159101,10029100
2023-01-09,127.2956771850586,128.6949472040122,126.84162141658003,128.435482724952,8482300
2023-01-10,128.43551635742188,128.54671140906447,127.24011299323453,127.68490733956229,9048700
2023-01-11,129.3899688720703,129.50116391564796,127.97217550743012,128.71349465095616,8703700
2023-01-12,129.2602081298828,130.52973173021888,129.0100051972005,129.73280110072432,11001700
2023-01-13,132.52210998535156,132.96691853837416,124.91421240909753,125.65554585770904,20200000
2023-01-17,130.47413635253906,131.15985783440507,129.01926884362786,130.81699709347208,14292900
2023-01-18,126.55438232421875,130.409289951252,126.40611283939846,128.7320320560219,13392600
2023-01-19,124.86783599853516,125.93349276488416,123.79290355298434,125.39604068186362,13303400
2023-01-20,125.17364501953125,125.5535802591071,123.7558517008759,125.24777975943063,13092500
2023-01-23,127.20304107666016,127.84244084474776,124.93271942775594,125.21070703148442,10487100
2023-01-24,128.2964630126953,130.00151918684554,125.09947915122558,126.41533864256448,6945000
2023-01-25,128.91734313964844,128.91734313964844,127.1844879739416,127.92582115073874,8967000
2023-01-26,129.71429443359375,129.7884291770242,128.2131047634579,129.19536536933722,7487600
2023-01-27,130.02935791015625,130.90040924581558,129.50115321728592,130.29808395652097,7489900
2023-01-30,128.92665100097656,129.81623972338787,128.72278397297444,129.01930883385893,6729300
2023-01-31,129.6957550048828,129.79768849678175,128.11115511077284,129.6216202707968,9188700
2023-02-01,129.35287475585938,130.54827785151784,127.99067912020439,128.0740895299568,8841800
2023-02-02,128.7505645751953,130.1590963500424,127.87949905837876,129.7328251316886,11822100
2023-02-03,130.74290466308594,131.89197209651468,127.99998956875123,128.04631141594143,11501200
2023-02-06,131.51202392578125,131.80856290141585,129.76063125273973,129.94596104263303,8406200
2023-02-07,133.11514282226562,133.75454259559032,130.82628393444696,131.01162785812542,10447900
2023-02-08,132.17919921875,133.47652165944172,131.8455999997501,132.1884607576999,6958000
2023-02-09,130.12200927734375,132.82786338490604,129.61234182871374,132.62399640545402,6443100
2023-02-10,130.696533203125,130.91893739625775,128.4262118564423,129.52894300362496,6582900
2023-02-13,132.1143341064453,132.26258942161374,130.418539332629,130.93746828510217,7134600
2023-02-14,132.69813537597656,133.26340035710024,131.21548309777444,132.04947412052846,9249400
2023-02-15,133.25411987304688,133.33751613551493,130.93746276169264,131.2247259811401,6728300
2023-02-16,131.4193572998047,132.8742108997828,131.28961090183597,132.4294166058746,8165300
2023-02-17,131.80853271484375,132.35526041873317,129.79767596852335,130.64092844038112,7948800
2023-02-21,129.3899688720703,130.97455480207697,128.5745008464841,130.372229463023,9996300
2023-02-22,128.39840698242188,129.20459916701773,127.3605490767579,128.73200618635008,11107500
2023-02-23,129.427001953125,129.89033339026216,127.82387913976135,128.5559365889466,8068000
2023-02-24,130.59458923339844,130.9930616133091,128.7412635253096,128.90807019170916,9126900
2023-02-27,131.73440551757812,132.80006223113793,131.3266715660322,131.68806954312896,10014700
2023-02-28,132.83717346191406,133.21709462222364,131.49350052946778,132.4572381618464,11019800
2023-03-01,132.09580993652344,132.9390766374571,131.400812705156,131.67881442565394,7139200
2023-03-02,130.724365234375,131.98461342733398,129.3065577377837,131.80855932255736,11106800
2023-03-03,133.12442016601562,133.19855490846228,130.7336277461975,131.13208607962235,9513100
2023-03-06,132.3460235595703,133.4765394717512,132.1977540780608,132.92055012572462,9261300
2023-03-07,128.45404052734375,131.87342979188446,127.70344564288506,131.59542802066633,11747600
2023-03-08,127.69415283203125,128.4262103152073,126.85088618374637,127.87948258754065,10002500
2023-03-09,120.78125,127.27716657045536,119.74339198213478,126.73042466341457,25888100
2023-03-10,123.8485107421875,125.34043881545394,118.44607054402006,119.50247292330836,37599700
2023-03-13,121.62452697753906,124.06165535712526,119.9194703357383,121.58746667652436,42901100
2023-03-14,124.74736785888672,125.59063457785571,121.66157838884752,125.35896882911182,29648100
2023-03-15,118.85379028320312,121.38359043240389,117.43600410626735,121.37431475303909,34280600
2023-03-16,121.16118621826172,122.27317898084158,116.77806715483966,118.622124529571,24558500
2023-03-17,116.58348846435547,119.05767737437523,116.2498891652653,118.96501954336867,38396000
2023-03-20,117.81593322753906,119.97505971381725,116.76880658293382,117.67693236359524,22875500
2023-03-21,120.97586822509766,122.06932387515457,120.64226894987145,121.01292852689767,17807800
2023-03-22,117.8530044555664,121.077794911188,117.76033956652832,120.98512295227205,17250200
2023-03-23,117.5379409790039,120.03066691183282,116.77807754068986,118.52020864551586,16677600
2023-03-24,115.7494888305664,116.46301629212412,114.08149245696909,116.41668031012709,22311100
2023-03-27,119.06694793701172,119.89167753823259,117.02828485577623,117.49161641016451,18853900
2023-03-28,119.42832946777344,119.85458652059853,118.37192716557276,119.27079845783766,10820500
2023-03-29,119.66925811767578,120.67005584493987,118.39972727457906,120.55886081071779,14595300
2023-03-30,119.307861328125,120.57738511423462,118.28853344143305,120.4198541009021,12134700
2023-03-31,120.75344848632812,120.781247244047,119.40052847816081,120.15112321607968,13105200
2023-04-03,120.61445617675781,121.80058365315669,119.91945894575434,120.38279043309,11775400
2023-04-04,119.00206756591797,121.0129246940969,118.06614297272823,120.92952841287085,11579900
2023-04-05,119.17951202392578,119.68383093333486,118.105484753136,118.42302653444963,9614700
2023-04-06,119.04877471923828,119.61847601793527,118.47907342054128,118.60982383741961,8760200
2023-04-10,119.44100952148438,119.75854416864264,117.88133895967496,118.18019803214959,9477300
2023-04-11,120.02938079833984,120.42163195363912,119.11412097727991,119.82391387165119,10516300
2023-04-12,120.01070404052734,121.8131925993878,119.59977016680972,120.64577329938268,11821000
2023-04-13,120.46833801269531,120.515023384301,118.45103403413674,119.97335336759399,12450200
2023-04-14,129.56483459472656,129.92906877599967,125.98786083980274,126.2213446547399,43931300
2023-04-17,130.59219360351562,130.80699476339154,128.56555541938278,130.70426129549892,16050500
2023-04-18,132.05850219726562,132.41340232327698,129.84507914988035,131.0031645474194,13760100
2023-04-19,131.89039611816406,132.15189696503316,131.12456203038505,131.8997303445782,9158100
2023-04-20,131.50747680664062,132.08651235033372,130.60155808463406,130.6669404205876,10586200
2023-04-21,131.25527954101562,131.7876295784063,129.61155830847594,130.50814259486725,11842500
2023-04-24,131.4327392578125,131.77830508418094,130.78832148106375,131.18058693269546,7567500
2023-04-25,128.57492065429688,130.71364129697216,128.5375694982017,130.37742388920663,10629300
2023-04-26,126.29608154296875,128.70563661159716,125.14734497851775,128.5281866035268,14416100
2023-04-27,127.99586486816406,128.79904997913064,126.69769507551487,127.01522972966504,9041100
2023-04-28,129.10726928710938,129.18198584913924,126.70704782810371,127.53824998593628,9887300
2023-05-01,131.87168884277344,133.8983271537462,131.52613727038226,132.86165818584794,20415800
2023-05-02,129.7423095703125,133.00174938505765,129.2846760746085,132.05846547051718,14113400
2023-05-03,126.99654388427734,129.50883263139102,126.79107693650953,129.29403145898817,12930900
2023-05-04,125.25944519042969,126.75374793516626,123.10205611262752,126.0439619693163,17089200
2023-05-05,127.70635986328125,128.77104588383023,126.9311916004048,127.4261763314049,11261400
2023-05-08,128.0145263671875,128.8550624891364,127.46349367539342,128.4067775074785,7484900
2023-05-09,127.39814758300781,127.9024664930123,126.27742781021169,126.9498482733093,7343600
2023-05-10,127.46353912353516,128.93915922547262,125.95990209092457,128.83642572942864,8133400
2023-05-11,127.06193542480469,127.77172131811376,125.98790098344053,126.08130023946373,7057300
2023-05-12,125.24076080322266,127.93983392631426,124.33484219523142,127.7810665956295,9988600
2023-05-15,126.29608154296875,126.70701540361097,125.10999383242455,125.39951152949791,7639500
2023-05-16,125.44623565673828,126.9592067567393,125.11001827332403,126.51092166242904,6477200
2023-05-17,129.30335998535156,129.43411037810316,126.51090211500139,126.92182174170358,12711500
2023-05-18,130.28399658203125,130.49879774748342,128.6589437524678,129.13525995720966,10999600
2023-05-19,129.98512268066406,131.2085900304391,129.0045019071009,130.55482384709921,13492200
2023-05-22,128.91114807128906,132.28265663706523,128.5655964103514,131.68493833804226,11402500
2023-05-23,127.56626892089844,129.84507422109107,127.44486697507746,128.4535049515204,9514900
2023-05-24,126.39881134033203,127.34209519781346,126.15599327096375,126.45484518320757,8578000
2023-05-25,126.70703125,127.26739826654314,125.68904494564767,125.91319460240996,8472500
2023-05-26,127.89312744140625,128.50952828093497,126.66967423765121,127.1179592797064,8579900
2023-05-30,128.3787841796875,128.62160228714237,127.0339147368369,127.76238330992678,7399900
2023-05-31,126.74440002441406,127.7997375076155,125.5209324807601,127.69700402687282,14219900
2023-06-01,128.4908447265625,129.09789708675177,126.50155759891467,127.50087540035871,12248100
2023-06-02,131.18994140625,132.13321127897007,130.13458956545355,130.34005654774538,12922500
2023-06-05,129.90109252929688,130.85371078269984,129.0045223796328,130.85371078269984,8511900
2023-06-06,130.1345672607422,130.8443673509023,129.07922985155474,129.51816641951615,9329500
2023-06-07,131.3953857421875,131.93707003389363,129.65826516903496,130.33069985868914,9281400
2023-06-08,131.4327392578125,131.58217235836509,130.2653198798546,131.3767054077865,7368100
2023-06-09,131.6942596435547,132.43207678055575,130.9471225311297,131.07787295087678,7249100
2023-06-12,131.68492126464844,131.98378750077507,130.52683597574745,131.75030359782357,7596600
2023-06-13,132.63754272460938,133.4313794630357,130.88173917253985,131.1992738679104,7701600
2023-06-14,132.14251708984375,134.12245546094564,131.40470018691414,133.552754330486,9068700
2023-06-15,133.63681030273438,133.9263279908492,130.77897031580065,131.30197184926266,9343100
2023-06-16,133.7955780029297,134.45867839599362,133.0857922412367,133.5994595526633,13813500
2023-06-20,133.1138458251953,133.55279671669996,131.72227658928406,133.1885623865926,8428600
2023-06-21,132.9176788330078,134.50536599401806,132.32929503334896,133.4593487667666,9926500
2023-06-22,130.35870361328125,133.17919248489687,129.7703197565961,132.90834324104497,10075200
2023-06-23,129.67697143554688,129.9851576611485,128.52822031903222,129.3874394118001,9919500
2023-06-26,129.99447631835938,130.76029596963508,128.5935731568006,129.69561013687937,8429700
2023-06-27,130.00379943847656,130.6015174996597,129.3873986798657,129.81701521636734,8154000
2023-06-28,129.43414306640625,130.01319288116454,128.84577327579456,129.96649324680422,7558600
2023-06-29,133.95437622070312,134.075792408893,130.61089931451409,130.8163662865002,15423200
2023-06-30,135.8315887451172,136.35459037328218,134.1691846052818,135.0470863028697,14212800
2023-07-03,136.9242706298828,137.73678987397622,136.35456946141917,136.53201946891622,8021600
2023-07-05,136.0121612548828,136.75503110193193,135.74886452312396,136.2942689956518,8934900
2023-07-06,134.66748046875,134.83673651940236,133.00305756101645,134.48881173844114,9709500
2023-07-07,135.73004150390625,137.1405657343438,134.46997663504473,135.3256981118395,8981500
2023-07-10,136.49171447753906,137.28161890628877,135.88049308545027,135.88049308545027,9100100
2023-07-11,138.62631225585938,139.00246063974816,137.0183227540901,137.61073314225018,11260900
2023-07-12,139.31277465820312,140.93017696899278,138.23137845732865,138.65453286860148,11323200
2023-07-13,139.98980712890625,140.45998181729362,138.9366204184682,139.82994945668568,11234900
2023-07-14,140.83615112304688,143.7700370233772,139.5572752064884,142.5099721147579,27028400
2023-07-17,144.23081970214844,144.5787444468276,141.38156169118153,141.38156169118153,17262400
2023-07-18,144.4940948486328,145.18994423405886,143.70420478207672,144.2307981597808,13491700
2023-07-19,145.0489044189453,145.95164621525822,143.1399961602172,143.6383802268648,12510000
2023-07-20,146.83554077148438,147.2492967686027,145.1993421356335,145.31217946263232,9935900
2023-07-21,145.70713806152344,146.82615615405976,145.4626523806658,146.50644079864747,10636400
2023-07-24,148.57521057128906,149.3180803107643,145.50026390451757,145.72595293417018,14381400
2023-07-25,147.4656219482422,148.31193079594107,146.65692076881191,147.9169857104419,9944700
2023-07-26,148.3495330810547,148.81030950504785,146.95781982809268,147.36217757743256,8728600
2023-07-27,146.7133331298828,149.30869258655179,146.27136771662688,148.35894475625432,10778400
2023-07-28,147.5502471923828,148.19909065944483,147.10828176840127,147.89817192456593,9103800
2023-07-31,148.53759765625,149.87289208348741,147.77590258882222,147.80411192295733,8892700
2023-08-01,147.80413818359375,148.57523171653716,146.83557927662042,148.0392255755503,6853900
2023-08-02,146.13031005859375,146.4030194553348,144.75740779094255,146.28076942585813,8299400
2023-08-03,147.02366638183594,147.5596581950537,145.14296717310685,145.7541886765053,6084000
2023-08-04,146.7133331298828,148.38715409339025,146.41241440230658,147.07065618313624,6209400
2023-08-07,147.40916442871094,148.29309514639542,147.25871943203992,147.25871943203992,7251800
2023-08-08,146.5816650390625,146.67569136732507,143.4879075627913,145.11472231111318,8623400
2023-08-09,144.61634826660156,146.2431632885542,144.3154438775193,146.0550962518034,6277800
2023-08-10,144.4000701904297,146.1679318819675,143.95810476754525,145.1711636851966,5995100
2023-08-11,145.23699951171875,145.30283087406434,143.5255706224924,143.9017047403057,5180700
2023-08-14,145.53787231445312,145.67891897693212,143.79822028471983,144.44706362930785,5044300
2023-08-15,141.83290100097656,144.12735582105773,141.26868562441484,143.73241079690175,10300300
2023-08-16,141.23109436035156,141.95516749633964,140.7515069300112,141.61664110081486,6978200
2023-08-17,139.76414489746094,142.2372542213868,139.5478541905709,141.87993118346174,9953900
2023-08-18,140.0838623046875,140.5822463780734,138.64512875720078,138.84259411154915,8517500
2023-08-21,140.56344604492188,141.14647252018165,139.19054374369367,140.72330374582677,8327000
2023-08-22,137.64834594726562,140.71387974078053,137.14996192697072,140.35654238713786,9673300
2023-08-23,138.5792999267578,138.78617796270962,136.7832433034955,137.62015377672074,7858000
2023-08-24,138.44764709472656,140.49761638052095,138.2219724072368,138.7015454667466,6534000
2023-08-25,138.27838134765625,139.75472243593128,137.14996494383848,138.49465769081132,6695500
2023-08-28,138.75796508789062,139.74533489819532,138.35362170430923,138.76737776566313,5094100
2023-08-29,139.88638305664062,139.9710254145166,138.4006291608985,138.8990275844994,6337000
2023-08-30,139.32215881347656,140.25309545797032,138.41001882441265,139.75471146583337,6277300
2023-08-31,137.60134887695312,139.50085895109873,137.25342414131575,139.4162165882018,10933900
2023-09-01,138.06210327148438,139.24693832833148,137.00890220569406,137.3756378910462,7903500
2023-09-05,136.5387420654297,139.36920319243367,136.36007336787995,138.38183336553914,7854700
2023-09-06,136.31304931640625,136.8584393175543,135.51374662227437,136.06854930010627,8629200
2023-09-07,135.1470184326172,136.60456288869358,134.8367014053034,135.53256513460647,8373700
2023-09-08,135.2504425048828,135.52313749044623,134.1408228617059,134.8178755104192,7107900
2023-09-11,135.84288024902344,136.39768294977497,135.1188071954874,136.11557526086284,6854200
2023-09-12,137.6107635498047,138.53231653252053,135.457369177011,135.88052364736993,8363200
2023-09-13,137.6765594482422,138.8896038639501,137.1217567444918,138.55107750514435,8325900
2023-09-14,140.34715270996094,140.95837410125364,138.72035221039306,139.02125656733,10034900
2023-09-15,139.93338012695312,140.79849978022395,139.46320546657168,140.03681912618072,19863400
2023-09-18,140.2248992919922,140.2437102977801,138.93662519308836,139.32217189447775,6512400
2023-09-19,140.0462188720703,140.78910287820727,138.42883122468425,140.58222487765715,7943400
2023-09-20,139.45384216308594,141.28752092938885,139.30338279031352,140.72330545579,7332000
2023-09-21,138.36302185058594,139.9710257740391,137.88344878149712,138.77677791737364,8052400
2023-09-22,137.037109375,138.7109301020789,136.52932702968312,138.50405209324057,7071700
2023-09-25,137.7141876220703,137.78001897736758,135.12822638033307,136.6798117345326,7044700
2023-09-26,136.28485107421875,137.14057259381482,135.62660927014298,135.97454835476495,7468400
2023-09-27,137.0841522216797,137.37565827783592,135.88990431067654,136.5293494471504,6717800
2023-09-28,138.78616333007812,139.98980940402407,137.3004095687964,137.55430792225792,8868100
2023-09-29,136.3694610595703,139.8863582985992,136.21900172619158,139.73591331381226,11917800
2023-10-02,135.1940460205078,136.93368391413614,134.12204820895175,136.1908141533554,9170600
2023-10-03,134.19728088378906,135.02477867086904,133.85875449633997,134.6580429468487,9431100
2023-10-04,134.79908752441406,134.9119248569258,133.46377879625967,134.64862818200334,8128700
2023-10-05,135.36746215820312,135.55693133960906,133.40658332997998,134.55279382335263,8576200
2023-10-06,137.45150756835938,138.1903911218125,134.64752846347048,135.37694433963748,10270600
2023-10-09,137.13890075683594,137.73568242415,135.9358408359839,136.08741039936837,6964900
2023-10-10,137.97250366210938,139.03347614529983,137.62201169643586,137.75463145002604,11288800
2023-10-11,138.44615173339844,139.46922462849858,137.3757259962922,138.78717603176514,8698200
2023-10-12,138.1240692138672,139.21345915158898,137.47992027355335,138.58824556518886,10484400
2023-10-13,140.19863891601562,145.03928168920007,140.04706935081757,140.67228296640758,29427000
2023-10-16,140.05653381347656,141.63850300767174,138.9860937692048,141.57218591083802,12663500
2023-10-17,139.75343322753906,141.4396051424437,139.05243472464048,139.79133285173438,11482700
2023-10-18,138.2188262939453,139.706061268437,137.7072825656575,138.86297533908285,9620300
2023-10-19,137.63148498535156,139.2703038448197,137.24310784044647,137.8114720413774,11143600
2023-10-20,135.41482543945312,137.48938860591738,134.62857461422652,136.94944192742966,13332900
2023-10-23,133.56761169433594,136.1063366664098,133.31183988001058,135.40535277788072,10133400
2023-10-24,133.72865295410156,134.25913195204492,132.96135194247145,133.7476027624477,8881400
2023-10-25,132.9992218017578,133.7381052430868,132.15613610821745,133.1602734724665,8242600
2023-10-26,133.34027099609375,134.2023066571367,132.08037605790858,132.39298287304953,9109400
2023-10-27,128.53753662109375,131.76779281322345,128.0638925268039,131.62569091225413,17434700
2023-10-30,130.1763458251953,130.76365989782184,128.8690834524757,129.24800741422763,9855500
2023-10-31,131.72988891601562,131.90040830075068,130.2237042141286,130.4510585756186,9672500
2023-11-01,131.61622619628906,133.1224109809578,131.17099958127815,131.90988322864285,9432000
2023-11-02,133.96548461914062,134.02231959380507,131.8909213170707,132.70558968102353,10186200
2023-11-03,135.4622039794922,136.19161989432564,134.3728284006059,134.6949028990368,9538700
2023-11-06,136.4852752685547,136.589477540853,135.26326548846805,135.62323960267491,7625100
2023-11-07,136.4189453125,136.65576732228422,135.2916846876805,135.94530129293153,6297900
2023-11-08,137.091552734375,137.205222695659,136.0495299077011,136.51370634039606,7618200
2023-11-09,136.6842041015625,137.97251659482677,136.1253075486498,137.77359417303023,7992500
2023-11-10,138.7113800048828,138.75874729751894,136.4852617956672,137.2999300838166,7983300
2023-11-13,138.09567260742188,138.54089921767564,137.50835854898958,138.01988781690304,6676300
2023-11-14,140.61546325683594,141.38276438904606,138.79667164043798,138.94822676761797,9927700
2023-11-15,141.84695434570312,142.24481369464235,140.63442648575344,140.63442648575344,8365300
2023-11-16,143.46676635742188,143.54255113282872,142.1784540844415,142.1784540844415,8126200
2023-11-17,144.76458740234375,144.8024725697852,143.5520452271586,144.1772588984719,7812400
2023-11-20,145.2097930908203,145.64555199659807,143.9120129602485,144.06358253221205,7019000
2023-11-21,144.9066619873047,145.53187560312782,144.52775252863756,145.12453420331482,7083500
2023-11-22,145.24769592285156,145.7687073039535,144.84035449600086,145.32348071050913,5174500
2023-11-24,145.44659423828125,146.2991621172823,145.2003045600638,145.49396152952596,3496900
2023-11-27,145.1150665283203,145.43714101363966,144.66037228701836,145.34240642173663,6259100
2023-11-28,145.44659423828125,145.75920101513483,144.66982558884604,145.14346959235732,6582700
2023-11-29,146.18548583984375,147.42643076249206,145.88234675260315,146.0433839722745,9126100
2023-11-30,147.85272216796875,147.90008946187166,146.24233535655063,146.74439687209036,9869800
2023-12-01,148.57266235351562,149.5389002641886,147.60643889731196,147.60643889731196,8916000
2023-12-04,149.6620330810547,149.71886804710846,147.66325486618118,147.79587460512917,9607500
2023-12-05,149.6431121826172,150.1451737523716,148.69582402014166,148.97053122729264,9135600
2023-12-06,148.07061767578125,150.8272298337835,147.77696064362786,150.46725568883625,9366000
2023-12-07,148.5253143310547,149.01790825495266,147.91905044566917,148.43059418130548,8130900
2023-12-08,150.1641082763672,150.41039796992956,148.70527656015864,148.97051606229314,7369400
2023-12-11,150.7135467529297,150.90300148739232,149.81361146891027,150.16411790485932,8093900
2023-12-12,152.05870056152344,152.18183819415106,150.50514854635935,150.83669073201253,10223000
2023-12-13,152.57020568847656,153.48907622122266,151.3482105066473,152.0586765193189,12379100
2023-12-14,155.34579467773438,156.1509809623848,153.18597877206992,153.299648728851,13643000
2023-12-15,156.52040100097656,156.5677682945357,153.83010639865176,154.48373746814988,20309300
2023-12-18,157.46771240234375,158.3202804494149,156.89934815876703,157.17405537499184,8469600
2023-12-19,159.5706787109375,159.58962852032627,156.82354898280948,157.249825740006,10345700
2023-12-20,157.77081298828125,160.48005713823136,157.6760784102786,159.1349099665033,10734700
2023-12-21,158.67076110839844,159.22965763367768,156.94668978089607,158.04554747615234,7601700
2023-12-22,158.57603454589844,159.36228546485532,158.41499729085479,158.67076914508667,6576300
2023-12-26,159.5138397216797,159.87381381865765,158.36761478125823,158.63286874261556,4683600
2023-12-27,160.47059631347656,160.53691341777682,158.74653950976872,158.99282920902155,6428600
2023-12-28,161.32318115234375,161.66420547787502,160.09170361823246,160.42326026550225,6320100
2023-12-29,161.13369750976562,161.69259397084912,160.68847098531793,161.03896292625708,6435100
2024-01-02,163.00933837890625,163.0945908390409,160.00643682914077,160.1769417494101,9977400
2024-01-03,162.2988739013672,162.9714403661268,161.38947095422876,162.80093544417744,9852300
2024-01-04,163.3759002685547,165.2249734767481,162.54666787031996,162.64198661978116,11972500
2024-01-05,164.19558715820312,165.25356125376524,163.43308081610093,163.43308081610093,10066000
2024-01-08,163.95733642578125,164.2813969569435,161.545920016577,163.95733642578125,11229900
2024-01-09,162.6610870361328,163.73811350184837,162.12733683301676,163.57608322901686,9923600
2024-01-10,163.0041961669922,163.0613816047552,161.03121130256366,162.0320000942187,9670200
2024-01-11,162.3179473876953,162.37513282741753,160.73574901857515,162.34654010755642,11919500
2024-01-12,161.12652587890625,168.04623999703182,160.98354774460927,165.6538904699053,19436500
2024-01-16,160.11622619628906,160.21153041789913,156.5991760965609,157.14245233618308,17206400
2024-01-17,159.25836181640625,161.14556819005074,158.68649299642755,159.4966441272969,11107500
2024-01-18,159.57293701171875,159.67778183706136,157.49512171042235,159.2869952568206,9382300
2024-01-19,162.32748413085938,162.57530711076893,159.2488798931695,159.69685192528067,13115700
2024-01-22,162.13682556152344,163.91917269589808,161.75557965953493,162.47042663346258,12837500
2024-01-23,161.06932067871094,161.79369368869092,160.54509667114718,161.71744160180904,8360800
2024-01-24,162.50857543945312,162.99466623586284,160.94544368265935,161.42200842001844,9967100
2024-01-25,164.83421325683594,164.88187263916845,162.89936159166894,164.23373703536978,8873500
2024-01-26,164.2051239013672,164.94856363380785,163.72855922448986,164.51965833333819,7443000
2024-01-29,164.634033203125,164.73887801633018,163.27106517505794,164.16700911633845,6971200
2024-01-30,168.00814819335938,168.47517236034656,164.72938024672698,164.72938024672698,10822100
2024-01-31,166.18763732910156,169.94296936922615,166.16857066951718,167.94139187726532,11521800
2024-02-01,165.58717346191406,166.64514772156565,163.3949728422143,165.50139530281825,9354800
2024-02-02,166.54029846191406,167.57922057647215,165.1391970596281,165.1773303806104,8607600
2024-02-05,166.3210906982422,166.88343358893525,164.81514440685976,165.71108842584943,7820200
2024-02-06,166.89295959472656,167.626858743029,165.61575517744677,166.42592096467948,6764800
2024-02-07,167.2074737548828,167.6268529930128,165.80638700000247,167.45529669210487,7225500
2024-02-08,166.60702514648438,167.09311591388456,165.43468003475408,166.79764812133146,6060300
2024-02-09,166.80715942382812,166.8929521169806,165.52996960737374,166.79763336618873,6296700
2024-02-12,167.55062866210938,168.52282482580503,165.55859149452672,166.58797310133355,8539300
2024-02-13,166.09230041503906,167.96996622980632,164.52916900282452,167.10262965214707,8397600
2024-02-14,167.77935791015625,167.8460839454223,166.24481907863344,166.86436188079088,7056700
2024-02-15,171.4393768310547,171.7634518732101,167.8937343759437,167.8937343759437,8723400
2024-02-16,170.6387481689453,171.54421815228707,169.80953027964074,171.19156494301498,8152600
2024-02-20,171.30593872070312,172.00173363675566,170.04781550672885,170.79125525671367,9668000
2024-02-21,172.42111206054688,172.50690476436938,170.15267385428854,171.51564198980836,7024000
2024-02-22,174.48941040039062,174.8229969721862,172.7451818115598,173.2979986219762,9296500
2024-02-23,175.3662872314453,176.5195656852943,174.60378078668188,175.19471637316317,7105800
2024-02-26,174.7657928466797,175.81424091701768,173.9270343904093,175.1375127000542,7145400
2024-02-27,174.85159301757812,174.93737117679154,173.69831453855065,174.71815547760136,5717100
2024-02-28,175.7379913330078,176.51954982455467,174.3845494233734,174.83250683043596,6131600
2024-02-29,177.3392333984375,177.6918865818416,175.23282581162007,176.9579874998168,9643000
2024-03-01,176.60536193847656,177.7014696100117,176.42427954673636,176.9961485312048,6311800
2024-03-04,177.93020629882812,178.7975576256145,175.6331752799481,176.0525545827284,7063600
2024-03-05,179.71253967285156,180.4273866766866,177.62518409467728,177.62518409467728,6617800
2024-03-06,180.64662170410156,181.1613197464156,178.83568158449552,180.37974662423542,7572900
2024-03-07,179.06442260742188,181.57115767973485,177.88255141389413,181.00881480258207,7618300
2024-03-08,179.39797973632812,181.53299438655495,179.11203806673385,179.60766932445742,6172200
2024-03-11,179.46473693847656,179.6077150814977,177.49176654847534,178.50208143397947,5762600
2024-03-12,180.9420623779297,181.24707073410943,179.10252981436707,180.09377788475337,5708400
2024-03-13,182.409912109375,182.74349867848787,180.94208466575625,181.437716033799,7795500
2024-03-14,179.1597442626953,182.64820154761136,178.33052629337638,182.07631805894928,10310900
2024-03-15,181.38052368164062,181.99052590228584,177.73956247395188,177.73956247395188,17214200
2024-03-18,183.62991333007812,183.6680321068183,180.989740825109,181.69506181540558,9013800
2024-03-19,184.70697021484375,184.84040777090843,183.3630685943363,183.67760309297506,8478700
2024-03-20,187.12789916992188,187.34711486243472,184.53538600625475,185.08820281034855,9367000
2024-03-21,189.7299346923828,190.08258791393138,187.12789552103195,187.30899243272455,11203800
2024-03-22,187.40431213378906,191.083392477514,187.3280600307956,189.6822909901627,8108800
2024-03-25,185.68869018554688,187.70932000646243,185.25024423049462,187.38525947737247,8620000
2024-03-26,186.5560302734375,187.44244825833212,184.9643057766157,185.4694632408453,5961500
2024-03-27,190.1683807373047,190.2446328340464,187.17555502229447,187.28992589560684,8725800
2024-03-28,190.91183471679688,191.3121473467988,189.23431755076805,190.13980217725017,8628300
2024-04-01,189.61558532714844,191.52184432986456,189.2629320655986,190.6163742122948,7309000
2024-04-02,189.5393524169922,190.4162299018132,188.79591249413082,189.09138034249835,7014700
2024-04-03,189.0055694580078,190.2065073077986,188.43368598081162,189.71087593046866,9353400
2024-04-04,187.56752014160156,191.43103611802593,187.47166000683382,190.92293205560827,9243800
2024-04-05,189.29315185546875,189.93547176986357,187.0498229672658,188.05644940533662,6532300
2024-04-08,190.28060913085938,190.75995368251904,189.45613591686737,189.45613591686737,8001000
2024-04-09,189.00555419921875,190.66409690966574,186.85809993213326,189.88756106284035,7351500
2024-04-10,187.39495849609375,188.9288668988633,186.1582413721076,187.4716553790757,7681400
2024-04-11,187.35659790039062,188.44951748332386,185.2570811252899,187.90305769185724,10137700
2024-04-12,175.23876953125,181.1251198648831,174.99909726257042,180.54033357260192,31532300
2024-04-15,175.3346405029297,179.71585650140818,174.67314271511265,176.8781304650247,14766600
2024-04-16,173.3309783935547,175.59348507440095,172.22847723934825,175.34421656606602,16451800
2024-04-17,172.6407470703125,174.88407621184723,171.79709592165912,173.8774496601014,9017100
2024-04-18,173.76239013671875,175.78522461530977,172.53526932423483,173.61859263073782,9557700
2024-04-19,178.1244354248047,178.20113230723476,173.91579091483374,174.86488374948237,13402300
2024-04-22,181.58531188964844,182.27556923453258,178.29700056215378,178.30659681566635,11529700
2024-04-23,184.20252990722656,184.28880841859586,182.64945818883783,183.23425914662198,9144400
2024-04-24,185.1037139892578,185.2475115190469,182.31392488385833,182.65905358378856,6964900
2024-04-25,185.38169860839844,185.9281583935314,183.28216722919768,184.30797154370308,9802300
2024-04-26,185.49676513671875,186.8197461895444,185.08452120379513,185.57346202257514,6413700
2024-04-29,185.29542541503906,186.2349366235766,184.48053384037513,185.4871603065969,5387800
2024-04-30,183.8190460205078,186.93478547211615,183.7231712629308,184.8448357100977,8153700
2024-05-01,183.93409729003906,186.42669488243652,182.90829289804591,184.3271633446403,7445300
2024-05-02,183.7423553466797,185.50633976958161,181.6907612697659,185.09411048063117,6501700
2024-05-03,182.63986206054688,184.57641821151952,180.67456103420002,184.06831413963806,8922800
2024-05-06,184.0683135986328,184.260048499611,181.97837830963059,183.80946343667284,7911100
2024-05-07,183.82862854003906,184.95987461709856,183.7327537819952,183.78069116101713,7688800
2024-05-08,187.56752014160156,188.52620925988919,183.10962159293808,183.10962159293808,9227600
2024-05-09,189.34112548828125,189.42740400932445,187.04027715650727,187.10737779672857,7977300
2024-05-10,190.5586395263672,191.10508471525102,190.0792949687619,190.33813049739558,7529800
2024-05-13,190.52029418945312,191.59403600454803,189.85879632323068,190.5874094528372,7049200
2024-05-14,193.1854248046875,193.25254005969873,189.9738252708075,190.77912056033855,8596200
2024-05-15,193.7606658935547,194.31670735941614,191.51733677946362,193.66479112658575,8370000
2024-05-16,194.1057891845703,196.03274906827554,193.6456224984565,193.86611690223924,8497900
2024-05-17,196.32994079589844,196.5792093322775,194.43174041156257,195.39042954302607,9260500
2024-05-20,187.5004425048828,197.3749445599267,187.32787083564088,195.94649233225823,17373300
2024-05-21,191.27764892578125,191.64194082806156,188.47827857361983,188.86174835342052,14420800
2024-05-22,190.11761474609375,192.638971517041,189.5232322425133,190.7791125018505,9425300
2024-05-23,188.78504943847656,190.1080450328782,187.97017250806806,189.63828212351265,8069400
2024-05-24,192.41847229003906,192.4663950364615,189.3985932153428,189.58074646273366,7356200
2024-05-28,191.2584991455078,192.13090984541736,190.45320371256201,191.6036278494041,6910200
2024-05-29,189.9259033203125,190.76955443221763,188.75630141642043,189.82044693132437,6120000
2024-05-30,191.09552001953125,191.59404249956677,190.2039314566132,190.35732523946047,6829100
2024-05-31,194.25917053222656,194.901490452382,190.15598249141297,191.06673418033685,14417900
2024-06-03,193.48265075683594,194.05785546823523,190.9612936179844,193.95239907688003,6444300
2024-06-04,190.93252563476562,193.63602130368506,190.08887454138957,191.89121473962575,6848300
2024-06-05,189.11099243164062,191.56524863165387,188.78504167288506,191.5077150020791,8351600
2024-06-06,188.77549743652344,189.8396430536934,187.26076671659627,189.11102988577807,7640300
2024-06-07,191.68988037109375,192.61980995746194,188.8713321096013,189.2739797714667,6964500
2024-06-10,191.36395263671875,192.54313626193007,190.24228802320997,191.0092423122621,6070800
2024-06-11,186.33082580566406,189.76293475540382,185.60222730997666,189.73417525086586,9235300
2024-06-12,183.6177215576172,188.59332031104074,183.40680878602598,187.9030629910031,12751300
2024-06-13,185.6597442626953,186.54173652510667,182.99458959650315,184.37510431277676,8587800
2024-06-14,185.7747802734375,186.81016629946183,183.5122733191848,183.54103282309364,6874000
2024-06-17,186.92520141601562,187.50042074214187,184.68187237530643,185.48716772913508,8725400
2024-06-18,188.86175537109375,189.78210335662163,186.11032229627904,186.5609073499265,9023000
2024-06-20,190.4627685546875,191.21054490916163,188.00852671144565,188.276958498773,8731100
2024-06-21,188.190673828125,189.0247286665629,186.19659873864725,188.58373987114496,20972100
2024-06-24,190.66407775878906,190.99961014010174,188.95761246648183,189.63827348154393,9785900
2024-06-25,189.88754272460938,191.80492077987228,189.57117359007896,189.90670597268976,6862500
2024-06-26,189.27398681640625,189.7629276320688,188.1715001746751,189.29316469485687,7758600
2024-06-27,190.94210815429688,191.6036059802996,188.76587978010525,189.28358009107907,7913500
2024-06-28,193.90447998046875,194.23044543894838,191.0667680283696,191.74742919531556,15307600
2024-07-01,196.96267700195312,198.5349265754009,194.28794079062752,194.46049781077463,10205800
2024-07-02,200.2030487060547,200.2318082090956,196.31077325787848,196.8092810628776,7802900
2024-07-03,200.06884765625,201.68903471376527,199.07180271542398,200.89332093759472,5560900
2024-07-05,197.4178009033203,199.90492578496287,197.15753116800815,199.5386153283969,8093100
2024-07-08,197.78414916992188,199.45186733579698,196.6273505271732,197.65882429121405,8707000
2024-07-09,200.1555938720703,202.20890663088076,198.05406339705047,198.2275912793329,9058900
2024-07-10,200.31947326660156,200.48335172261358,198.17938920186893,198.71922757684789,8328500
2024-07-11,199.9820556640625,200.60866530004373,197.98658073254825,198.7867035323604,10658100
2024-07-12,197.56243896484375,199.9820770572198,194.82467866192138,196.65627534258937,15443400
2024-07-15,202.4884796142578,203.99231931553012,199.27835346292989,199.731435258761,10719700
2024-07-16,205.92994689941406,206.04563705444227,200.58938632777566,202.44026700381434,11557000
2024-07-17,209.0629425048828,209.72810570857078,205.59254689491155,206.10346637118087,11572500
2024-07-18,202.42098999023438,208.84124221450833,201.7076384383101,207.86760619146685,12415100
2024-07-19,202.2281951904297,204.70568563674118,201.3991534690736,203.59707529601897,8095900
2024-07-22,202.710205078125,204.53216706260875,202.16073195111863,202.8837329720962,7663200
2024-07-23,202.7583770751953,203.86697258733173,201.81366000427525,203.42354026627365,5557300
2024-07-24,201.08103942871094,204.39720644869962,200.57976931414956,202.00648720315863,7119000
2024-07-25,201.15814208984375,202.62342813048153,200.56046601291564,201.1388579458968,6403800
2024-07-26,204.5996551513672,205.48653464267102,201.10996020508134,201.7076510542703,8027800
2024-07-29,203.25970458984375,205.92034320445043,202.97050122294223,204.99489537226438,6533600
2024-07-30,207.44345092773438,208.02184290665085,205.2937320559166,205.5540018271571,8850700
2024-07-31,205.1394805908203,208.6002417445629,205.01415571416632,207.0481990555499,9071600
2024-08-01,200.47372436523438,206.13240750216778,198.9506004887708,205.5250819532728,10918600
2024-08-02,191.97122192382812,197.3021480368774,189.8022189578119,196.540593467653,18041700
2024-08-05,187.8838653564453,189.10815124254898,184.02785978968814,187.06447299920575,13927000
2024-08-06,193.12802124023438,195.30667364113896,187.01625639153167,188.3658523579827,10605800
2024-08-07,193.18585205078125,198.3432648205562,192.99305473526,196.1838966420379,9204400
2024-08-08,196.71409606933594,197.53350302957801,194.52580907593605,195.18133758602812,7761200
2024-08-09,198.39149475097656,199.03737393584737,195.5958818132959,196.1453696820707,5540200
2024-08-12,198.76742553710938,199.68322380780327,196.32850348454394,198.9795069946796,6936000
2024-08-13,200.4544219970703,200.59901630057058,198.00585058819286,200.25197526267817,6387800
2024-08-14,202.67161560058594,203.1728856288483,199.66392188355775,200.26161262416412,6999800
2024-08-15,203.9344940185547,206.19025370793764,203.50069634128775,205.33229307174528,7001000
2024-08-16,206.26736450195312,206.38303995381162,203.9730366434738,204.06944265968446,7931200
2024-08-19,207.69407653808594,207.77119840700038,206.12276442611807,206.29627759905622,6090800
2024-08-20,206.79757690429688,208.22429480560302,205.9878045786156,207.26029344076227,5640000
2024-08-21,206.8746795654297,207.26027419175705,205.17802790680824,206.71078640427385,5202300
2024-08-22,208.8316192626953,208.9954977287081,206.62404791162533,206.8554135333752,5247100
2024-08-23,210.45114135742188,211.29946728870814,208.70630119288492,209.76670860699275,7214000
2024-08-26,211.2801513671875,211.77178670733872,210.20047467846717,211.12590763751555,5105200
2024-08-27,212.25379943847656,212.48516504618274,211.2994475643601,211.60792033180917,5185200
2024-08-28,213.32383728027344,214.2107314043105,211.299443413212,211.35728113662915,6506400
2024-08-29,214.21072387695312,214.95299424737954,211.05843567605964,214.1528714460767,6416100
2024-08-30,216.70751953125,217.36303342834742,213.94082548692816,214.49031335022525,8574100
2024-09-03,212.3695068359375,216.032715019767,211.3476677272337,214.29750959484844,8956100
2024-09-04,211.4344024658203,214.0757712679163,209.39072445966104,213.08283641697943,7389500
2024-09-05,209.7956085205078,212.85149088939755,208.2532005501347,212.2248812160305,8067900
2024-09-06,204.81173706054688,210.86566447314522,203.49104518429826,209.76670350231032,7777000
2024-09-09,209.005126953125,210.29688521091413,206.4697987366713,207.4434494984693,8935100
2024-09-10,198.16012573242188,210.769265828774,193.38832173704978,210.7307122448926,28406900
2024-09-11,199.7699737548828,200.22305551650228,194.56437291900994,197.86125540966165,13658700
2024-09-12,199.16265869140625,201.26417429842346,197.514210126776,200.1748482086534,9054400
2024-09-13,196.9647674560547,200.36769112363794,195.7115627301204,199.41332446960854,10226700
2024-09-16,200.37728881835938,200.71469512013172,198.18900198882895,198.4203675708578,8634900
2024-09-17,201.71726989746094,202.37278371399074,200.18451137690533,200.2519838182576,7573300
2024-09-18,200.05918884277344,203.73203144648693,199.25906599771233,201.48590664975958,8259900
2024-09-19,202.90298461914062,204.2815140938797,199.87602119841407,202.22818666728926,11635200
2024-09-20,203.4910430908203,203.80916530403834,201.9582844621734,202.37279798547686,20885000
2024-09-23,203.82843017578125,204.17547122015796,202.4306312810249,203.4042672649328,7223500
2024-09-24,203.97303771972656,205.2840801158477,202.79695492131674,203.54887478135018,7323200
2024-09-25,202.62344360351562,204.5996492884681,201.10031972421785,204.0597961831719,8976500
2024-09-26,202.2281951904297,204.07907595472616,201.48591005736264,203.5296028527362,7807500
2024-09-27,202.92227172851562,204.79243658632572,201.7943919833347,203.06686603834945,7032500
2024-09-30,203.2693328857422,203.36573890816123,197.87091923913886,198.8831236365637,8663800
2024-10-01,199.58682250976562,201.56302811498028,198.76743023115927,201.37986551461756,8540100
2024-10-02,199.8278045654297,201.42805010604297,198.2854114534517,199.6253725484252,5810900
2024-10-03,197.8419952392578,199.0566463684385,196.98403461617457,198.74815887229946,7251300
2024-10-04,204.86412048339844,205.30057644632367,200.68381627913752,203.00189752185364,10211700
2024-10-07,204.5828399658203,206.9106297822478,203.3801626203171,204.67983675803367,6718900
2024-10-08,204.40826416015625,204.97081299762056,202.10958521366825,204.2433814525666,6021800
2024-10-09,206.99790954589844,207.79324177053485,203.0794849747064,203.3898480577516,7024000
2024-10-10,206.4353790283203,208.34610048894507,205.106608749474,208.34610048894507,7927100
2024-10-11,215.6009979248047,217.8705955254054,208.68555897315463,209.18020708117118,18320700
2024-10-14,214.81536865234375,216.96856708937395,212.29361498349442,216.48361275309927,9048900
2024-10-15,215.697998046875,218.66591634009174,215.14515777638977,216.92978625602393,9235800
2024-10-16,216.910400390625,216.94919023024082,214.38863162622326,215.63982224842857,6382500
2024-10-17,217.6669158935547,219.0538930763408,216.59031660888084,217.521435503585,6470200
2024-10-18,218.58831787109375,219.12177061330635,216.38663578902958,218.2294563898017,7000500
2024-10-21,216.28965759277344,218.90840833464267,216.19266079507577,218.4428562648874,5870000
2024-10-22,217.37594604492188,218.50104375579213,214.4468322523353,216.30905529120685,9586800
2024-10-23,216.68731689453125,218.0354894619669,215.833792460598,216.92979408147747,6180500
2024-10-24,218.21006774902344,218.28766222544806,214.98997837538428,215.15486108792416,6002200
2024-10-25,215.6204071044922,218.83080262847554,214.23344472630617,218.22946395257756,6369700
2024-10-28,218.71441650390625,218.85020313281026,216.2411463063524,216.6291186743872,6843000
2024-10-29,216.19264221191406,219.9267966077979,216.10535398126922,218.43314372922367,6580000
2024-10-30,217.6572265625,219.5000472712289,214.91238301870854,215.84348713272396,7110900
2024-10-31,215.24212646484375,218.89868622999063,215.14514447933752,217.93847133580033,7829900
2024-11-01,216.23146057128906,219.34485939228048,215.99867714182966,216.83279926451777,6923500
2024-11-04,213.1665496826172,217.0267824685998,212.57490473705727,215.950183134864,8229600
2024-11-05,214.82508850097656,215.28094678500298,213.37991917505954,213.40901525279463,5600700
2024-11-06,239.6256561279297,240.53737273122323,227.70548396691856,227.92855883805424,23987800
2024-11-07,229.26702880859375,237.21058362240817,228.1419311373641,237.14268290793603,16451100
2024-11-08,229.84896850585938,232.13795371871322,228.68508098059854,232.13795371871322,9502100
2024-11-11,232.08944702148438,234.81490290851687,231.80818000946172,232.7780887124302,9017100
2024-11-12,232.35133361816406,234.194169089919,231.57540367214264,233.31154859132423,6861000
2024-11-13,233.90321350097656,236.74503922660472,233.0787850879371,233.34066461202306,11472600
2024-11-14,234.59182739257812,236.9390048192966,233.7965099040101,235.1252801712944,10172200
2024-11-15,237.9282989501953,239.00489819067897,234.1941593644623,234.1941593644623,11518800
2024-11-18,237.65673828125,240.46946771808433,235.37744681373624,240.30458500761375,9051400
2024-11-19,235.77511596679688,237.77312563640768,234.28146299425183,234.96039616359047,6792700
2024-11-20,233.5346221923828,237.24937439416908,231.4590181077945,237.04568704958282,9015300
2024-11-21,237.3948516845703,238.10289570204407,234.8245995104416,235.9108925350345,8783500
2024-11-22,241.07081604003906,241.6527523940075,235.71691574566026,236.2794645809059,7997300
2024-11-25,242.75845336914062,246.65749066946253,241.56546975622135,242.07952020730173,10295400
2024-11-26,242.44808959960938,243.44709442063177,240.8671336131068,242.95244628971668,6212100
2024-11-27,242.2734832763672,243.63136431157088,241.2841870760072,241.8467358877818,5472300
2024-11-29,242.2056121826172,244.19392806320383,241.94373267843793,242.34139881448183,5494800
2024-12-02,238.8400421142578,242.71967731611377,237.65675219372102,242.04074411571574,8899700
2024-12-03,237.45306396484375,241.54606521705796,237.2687789369744,240.76044150846369,6657700
2024-12-04,236.07577514648438,237.96710897912115,234.9409837266818,237.3366594350314,7346300
2024-12-05,238.09320068359375,239.74204263244474,237.25907854952092,238.00591244621754,6572500
2024-12-06,239.9166259765625,240.28519603281265,237.47245181338516,238.30657391988672,5519700
2024-12-09,236.4734344482422,240.41126134683526,236.42493605399883,239.6935383907093,7076500
2024-12-10,235.5520477294922,240.49858844470623,234.93130670009893,236.55105259242768,9108300
2024-12-11,236.2018585205078,236.91959626812363,234.892475888952,236.6577167818861,7884400
2024-12-12,234.26206970214844,236.75474240518315,233.7868090654814,235.68783681251583,6113800
2024-12-13,232.71990966796875,235.4162548301433,231.94397970195718,234.7858200575525,10392700
2024-12-16,232.3707275390625,233.42792446749883,230.3727179900156,233.36973231358596,9032000
2024-12-17,231.18743896484375,231.82758226052997,229.50950105308948,231.46870597678523,8083600
2024-12-18,223.4378662109375,231.87608388142587,222.62314644125652,231.80818316746954,11322400
2024-12-19,225.94996643066406,229.2476505164938,225.2807269733339,225.2807269733339,11790800
2024-12-20,230.4503173828125,232.0118710112261,224.6211565141942,224.941228167182,32348400
2024-12-23,231.21653747558594,231.43961233565523,227.81216322118433,228.96635695747324,8611500
2024-12-24,235.0186004638672,235.19319174479392,231.876105403525,232.2252583661107,3729100
2024-12-26,235.82362365722656,235.94000797666132,233.54433207073802,234.16507310711287,4451800
2024-12-27,233.9128875732422,236.0660861464205,232.8168859680783,235.41624907067862,5730200
2024-12-30,232.11856079101562,233.59281138216528,229.97505601890364,231.58510803780834,5723800
