Date,Close,High,Low,Open,Volume
2019-01-02,134.4988555908203,136.31292667935668,127.440842274426,127.86710685444321,28146200
2019-01-03,130.59320068359375,135.9759249408471,129.97858753588125,133.51751772787816,22717900
2019-01-04,136.74911499023438,136.79868275555486,132.5856798446048,132.8434110479297,29002100
2019-01-07,136.84825134277344,137.66110522026977,134.72688105755734,136.36251144124867,20089300
2019-01-08,141.2892303466797,141.8939207100118,138.3252537910098,138.67221298139705,26263800
2019-01-09,142.9744415283203,143.44035128383746,140.04021745735898,141.70558542315467,22205900
2019-01-10,142.94473266601562,143.30159946279355,139.61398093807526,141.83448713202247,16125000
2019-01-11,142.54820251464844,144.09462006114,141.3289140839084,141.90385178630427,12908000
2019-01-14,144.1243438720703,145.29407954885505,140.0402143204262,140.76385525654737,20520300
2019-01-15,147.65338134765625,149.36831739412628,144.7191567349876,144.73897174350674,24069000
2019-01-16,146.25564575195312,148.34727863691265,145.72035315090284,147.70294298969063,18025700
2019-01-17,147.009033203125,147.70293659145,145.2246994003183,145.6707790695301,15787900
2019-01-18,148.73388671875,151.10308102949585,147.25686693303894,148.4464178404582,31029600
2019-01-22,146.28538513183594,150.2109041829542,145.09581923662802,147.9011854169663,22378700
2019-01-23,143.04385375976562,147.50468070575025,141.81464266708224,146.98920313450117,20098400
2019-01-24,144.56053161621094,145.1652220873857,141.27934804142765,143.38088830966026,20955500
2019-01-25,147.7128448486328,148.5257139119325,145.26434528122348,146.1961648899975,22237200
2019-01-28,146.1862335205078,147.66326809816766,144.93720761906218,146.76118627303399,15508500
2019-01-29,142.93478393554688,146.81074980813162,142.18139028966868,146.800827180608,17632100
2019-01-30,149.11056518554688,149.63595023069124,144.4316524195393,144.94712996181704,44613200
2019-01-31,165.2389373779297,170.18548889138478,163.56364669766086,164.15842964512674,77233600
2019-02-01,164.26748657226562,167.62797571991626,164.21791880145875,164.39634462521155,30806500
2019-02-04,167.77667236328125,167.82624013658665,162.1956768854242,164.25757222204984,20036000
2019-02-05,169.67002868652344,170.4828825909837,167.22152921815598,167.6775163746691,22557000
2019-02-06,169.005859375,170.96861888411965,167.79647848403775,169.7096702269458,13281200
2019-02-07,164.93165588378906,167.7667599987707,163.81148776857412,166.73580479734449,17517600
2019-02-08,165.87339782714844,165.91304297260072,162.78056219917465,163.0382934595186,12561400
2019-02-11,164.34678649902344,166.8349465555215,163.64297554052686,166.43841949175643,12811200
2019-02-12,163.60330200195312,166.8745781643805,163.06800941673683,165.4074659623436,16292300
2019-02-13,162.64175415039062,164.77303203865117,162.30470240389937,163.94034799052733,14205100
2019-02-14,162.52279663085938,163.43478612823927,160.83759831774523,161.7694179484916,12755200
2019-02-15,161.0854034423828,163.26624895610345,159.4596805911411,163.07790052577138,15504400
2019-02-19,160.8772430419922,162.72105216534464,158.93431350398367,159.1028318222628,14345400
2019-02-20,161.1448974609375,162.2948031818548,159.84630355453947,160.83759846030406,11770700
2019-02-21,158.6468048095703,160.82766535586853,158.20072519817566,160.5203512781938,15607800
2019-02-22,160.480712890625,160.99619041650877,158.91446530787059,159.18211913634306,15858500
2019-02-25,163.1869354248047,164.62432490003548,161.48190726019044,161.65044067700464,18737100
2019-02-26,162.70123291015625,164.79286570447985,162.37410378581643,162.90939636367105,13784100
2019-02-27,161.39271545410156,162.50296086881065,159.01361381516514,161.48192836222083,12697500
2019-02-28,160.04457092285156,162.07672864976868,159.459710516976,160.95656048607134,11114200
2019-03-01,160.8673553466797,161.70996216778929,160.28249491252492,161.1845770149436,11097800
2019-03-04,165.91299438476562,166.04186754017775,162.40381769038245,162.47320045609553,18894700
2019-03-05,169.76914978027344,170.38376287008228,165.10015952891004,165.91301343665094,28187900
2019-03-06,171.00827026367188,172.0590555174548,169.77907432212362,171.39487465270062,21531700
2019-03-07,167.65771484375,170.24499519282546,166.15094232842895,170.00707896641893,18306500
2019-03-08,168.1236114501953,168.14342645636808,164.52520632922034,164.75319990787847,13184800
2019-03-11,170.57212829589844,172.7827117860263,170.08638832793187,170.10621846208326,18884000
2019-03-12,170.4234161376953,172.2870553762765,169.72951273799794,170.59193445433897,12155300
2019-03-13,171.86077880859375,172.51503702270958,170.62166027850708,170.81993134408785,11973300
2019-03-14,168.6886444091797,169.66010913612425,166.69614718712864,168.282209886595,18037400
2019-03-15,164.53512573242188,166.12120364657443,161.095331167797,165.7048615974504,37135400
2019-03-18,159.07308959960938,162.47322375608724,157.89344627970175,162.1461097585963,37524200
2019-03-19,160.1635284423828,162.39394202571714,159.42005724793805,160.0743004033197,25611500
2019-03-20,163.99981689453125,164.67389010942523,159.8363816895949,160.0941128965911,20211500
2019-03-21,164.6342315673828,164.94153051538478,162.32451301742458,163.45458841140837,16223000
2019-03-22,162.90939331054688,165.96258328787198,162.6615695960818,164.20798715419053,16389200
2019-03-25,164.8424072265625,165.09023092895288,160.5897591489653,161.5810539585268,12631200
2019-03-26,166.22032165527344,167.97491786442606,164.9019127484539,165.89320764895325,15437900
2019-03-27,164.42605590820312,167.46933806163872,163.35545575940287,166.38883041064906,10620300
2019-03-28,164.10885620117188,165.26866929524382,161.90818054802259,163.13739153814683,10443000
2019-03-29,165.2389373779297,165.734584792165,163.37529826009805,164.94154590419674,13455500
2019-04-01,167.2314453125,167.42970126577598,165.82380838049292,166.36902359647164,10381500
2019-04-02,172.6835479736328,173.37745129573844,168.07403328839868,168.65889357946216,23946500
2019-04-03,172.029296875,176.41083330215372,171.44443655984026,172.98094656020862,27391100
2019-04-04,174.4877166748047,176.4504761631489,174.00197677260604,174.4877166748047,17847700
2019-04-05,174.1903533935547,175.45920974547903,173.57575535226783,175.3402591893489,9594100
2019-04-08,173.4072265625,173.97227197124408,172.71332308980124,173.68480307754075,7297400
2019-04-09,176.0341339111328,177.63011915787962,174.0218066599249,174.09118943102257,19751000
2019-04-10,176.27206420898438,177.23360633426717,175.00319283671809,176.62891584767104,11701500
2019-04-11,175.9647216796875,176.8469733823574,175.45916681387345,176.6883777216429,8071000
2019-04-12,177.54090881347656,178.06629385948273,176.4009106916839,176.4504784580155,12329800
2019-04-15,178.08612060546875,178.9287273107787,175.3303220264931,176.94613753448198,10834800
2019-04-16,177.31289672851562,178.6015829987426,176.74786655580616,177.4417698933258,11215200
2019-04-17,177.22369384765625,179.166638428535,176.80735182160203,178.0365628932567,9973700
2019-04-18,176.72802734375,177.32281024589594,175.79620785583487,177.24350485054597,11655600
2019-04-22,179.8605194091797,180.0885129633047,176.69828677961848,176.69828677961848,13389900
2019-04-23,182.18014526367188,182.61631736740568,179.9001643470362,181.14920539426612,19954800
2019-04-24,180.99061584472656,183.5283282450124,180.06870376711515,182.88399264176886,37289900
2019-04-25,191.57765197753906,196.75221270198747,190.44757636679515,195.26527031280025,54148800
2019-04-26,189.8230438232422,191.2207579743512,187.44392726368935,190.82424611073804,22075000
2019-04-29,193.0844268798828,193.70894753134465,188.9903739442293,189.2877654509235,19641300
2019-04-30,191.7164306640625,195.67170282342383,190.6061851986811,192.4995621180769,23494700
2019-05-01,191.34962463378906,194.47219705000802,191.32979450349492,193.08439044856792,15996600
2019-05-02,190.85398864746094,192.31119322891132,188.09819028446353,191.31989841845302,13209500
2019-05-03,193.76841735839844,194.4524132667719,192.02374376132806,192.6879095362235,14575400
2019-05-06,192.19224548339844,192.5887573629574,188.89123190151273,189.5752277508168,13994900
2019-05-07,188.11802673339844,191.2207693086788,186.2147424485166,190.86390255989102,16253000
2019-05-08,187.89002990722656,189.05976576230006,186.90865763048612,187.74134172164767,12505700
2019-05-09,187.00778198242188,188.11804258663693,184.63858771124293,185.5704073630469,12967000
2019-05-10,186.70046997070312,188.34602306561183,182.9831142523029,186.6112570636917,12578500
2019-05-13,179.95968627929688,183.8158231950035,179.2657828097535,181.9026311199795,16833300
2019-05-14,179.15673828125,181.89272211859387,176.5496427581366,180.93116477372462,17628100
2019-05-15,184.64849853515625,185.6497009023566,178.45290563573982,178.84941753091877,16746900
2019-05-16,185.3622283935547,186.9383835658683,183.43911397532904,183.43911397532904,12953100
2019-05-17,183.68692016601562,185.9470709855185,182.67579528593566,183.23091792567917,10485400
2019-05-20,181.12939453125,182.62624429559708,179.7911404457111,180.29671049516125,10352000
2019-05-21,183.21112060546875,184.08344978385523,182.28920853365662,182.96329689409416,7502800
2019-05-22,183.70677185058594,185.11440874536711,182.0116509740916,183.12189638384365,9213800
2019-05-23,179.29550170898438,182.29912401217322,178.10595086753645,180.83201181191941,12768800
2019-05-24,179.48382568359375,182.0314604610457,179.25583212551234,180.74277425605263,8807700
2019-05-28,182.70556640625,183.1020934544297,179.87046229709617,179.9596752107015,14843300
2019-05-29,180.60400390625,182.9533677663223,179.77131989583935,181.90259768757196,12797700
2019-05-30,181.4168701171875,181.88277991976952,179.31532981683242,181.48626801908497,8581500
2019-05-31,175.92510986328125,178.968377388357,175.61781085963088,178.71064615567346,15226500
2019-06-03,162.72105407714844,173.52617771495474,159.60838865233333,173.47660994406445,56059600
2019-06-04,166.04190063476562,166.81510946943578,159.43987277631106,162.2848995086612,46044300
2019-06-05,166.7060546875,167.25126988535305,163.1968775407025,166.02205881437155,19758300
2019-06-06,166.86468505859375,168.2227543348642,165.7742545350446,166.83494741940248,12446400
2019-06-07,171.84097290039062,172.35643534550604,167.37022332653441,168.68864732746155,16917300
2019-06-10,173.29818725585938,176.311717193424,172.28706219004877,173.2287893501652,14767900
2019-06-11,176.5496063232422,178.4132302235143,175.25099745596955,176.92628805389447,15266600
2019-06-12,173.51622009277344,177.70940762391527,171.37503500614181,176.82715593344454,17699800
2019-06-13,175.92510986328125,176.48023259580583,173.0900057999222,174.001995307064,12253600
2019-06-14,179.75149536132812,180.2570502849708,178.43307140748,178.9386263311227,16773700
2019-06-17,187.36463928222656,187.85037921736884,182.80469192297429,183.39945977368052,29459900
2019-06-18,186.829345703125,192.83659020623713,185.64970238549856,192.3112051342461,37571400
2019-06-19,185.8479766845703,186.46258985143928,182.94348968380297,185.3721593343821,21417100
2019-06-20,187.880126953125,189.4959425300229,186.00658013966265,189.2877639392114,14635700
2019-06-21,189.47610473632812,190.3286189470669,187.10691055343167,187.10691055343167,22751200
2019-06-24,190.9233856201172,192.2913621662736,189.9023531803661,190.7449446896004,15509000
2019-06-25,187.1961212158203,191.458692218337,186.4923103226598,191.200960995286,16750300
2019-06-26,186.0264129638672,189.09941821704652,185.67945368281707,187.89003717436265,12808600
2019-06-27,187.85040283203125,197.14875478877397,186.6311142151453,188.22709977300468,11159000
2019-06-28,191.31991577148438,191.5181717263665,188.28655579650456,188.8912462907689,16378900
2019-07-01,191.31991577148438,193.58006693425207,190.25922296762738,193.51068415672523,14181800
2019-07-02,193.30252075195312,193.30252075195312,191.03246190726327,191.31993079552282,9050000
2019-07-03,195.4833526611328,195.68160861736712,192.4698227988755,192.4698227988755,10246100
2019-07-05,194.69032287597656,195.35450380586803,192.47973936427107,194.47223677606365,11164100
2019-07-08,194.05587768554688,194.96786714791654,191.9543374081715,193.49084747695187,9723900
2019-07-09,197.47586059570312,197.72368431682693,193.19345943422346,193.2727648400982,14698600
2019-07-10,200.96519470214844,201.19320340152802,197.93183497191214,198.25896407775548,20571700
2019-07-11,199.478271484375,202.02590667605622,198.467161561897,201.49059895148787,13678500
2019-07-12,203.08656311035156,203.51282774462422,197.42627820949053,197.941740620574,15366300
2019-07-15,202.13494873046875,203.54258568756845,200.06314599877723,202.47198536964194,16030300
2019-07-16,202.0655517578125,203.68136730888554,201.33200320163752,202.11511952873352,12132700
2019-07-17,200.04330444335938,202.5810168479359,199.83512586872124,202.40257590882334,12083700
2019-07-18,199.03219604492188,200.70748690695692,197.6443891848717,198.40767539491912,11937900
2019-07-19,196.6332550048828,200.56869692864873,196.34578614217662,200.41999361955826,12098300
2019-07-22,200.55880737304688,200.80663111774905,197.07935231681313,198.16978284388716,13589000
2019-07-23,200.59844970703125,202.46208908139556,199.21064280652215,201.07426705492568,14583700
2019-07-24,202.87843322753906,203.0271214234148,195.50319619288334,195.90963076289162,32532500
2019-07-25,198.96282958984375,206.8436219526672,196.53414469654135,204.90067706321759,39889900
2019-07-26,198.0111541748047,201.11391201920256,194.5416220616041,198.447326346332,24434000
2019-07-29,194.2343292236328,197.89220990195136,193.5999010792876,197.26768926146963,16530800
2019-07-30,195.32473754882812,196.9802133181637,191.8155603102032,193.68910703842727,11903600
2019-07-31,192.53921508789062,197.0297800289434,191.00270488074463,195.23553857855745,14593500
2019-08-01,191.0522918701172,196.74233093578692,189.2184050924544,192.479759170631,17777000
2019-08-02,187.37457275390625,190.94322544251955,186.43284559132607,189.4364680327754,15297000
2019-08-05,180.14804077148438,184.05374559259906,177.7788462652801,183.08228070275624,23086700
2019-08-06,182.90382385253906,184.17268016509672,181.49618685348165,182.09096986760073,18035700
2019-08-07,183.53822326660156,184.7476041135495,179.64244202468092,182.00172845167083,15833200
2019-08-08,188.504638671875,188.68306449043996,182.44782632880313,184.99544631383543,14828900
2019-08-09,186.21473693847656,189.31747942194767,185.4910808332626,188.3460147390881,11058800
2019-08-12,183.7563018798828,185.95697742193772,182.85423515844815,185.223428991891,10930900
2019-08-13,186.8095245361328,189.71402651548019,183.75633436925915,183.9050376827455,13577000
2019-08-14,178.14561462402344,184.37094543800103,177.74908758513192,184.18259698527254,18903700
2019-08-15,181.00051879882812,181.60520924822666,178.4628064623224,179.37479588788173,12925900
2019-08-16,182.10084533691406,183.48866708372955,180.77251398181335,182.1504131003642,12654600
2019-08-19,184.54937744140625,185.86780152869838,183.24087598414363,184.39076662053793,9691200
2019-08-20,182.20989990234375,184.38083799567198,180.8022630617929,183.8356228151167,10083400
2019-08-21,181.95216369628906,184.28169740239255,181.54572919776624,183.38953813213305,8398200
2019-08-22,180.45529174804688,182.50727916503908,178.34384419146897,181.83319086164633,10821400
2019-08-23,176.20269775390625,181.53587004240555,175.12218976359284,179.26579587365882,17323400
2019-08-26,178.78993225097656,178.9287129191165,176.68839209744098,177.83828257947536,8773600
2019-08-27,179.7217559814453,182.4378941392219,179.43427200976495,180.34626143965681,14399600
2019-08-28,180.17774963378906,180.36609807872819,177.36247584090782,178.95846118228755,9386100
2019-08-29,183.95458984375,184.46014476439868,181.87286463927418,182.17025611505056,10128700
2019-08-30,184.0537109375,185.17387894584937,181.8629578139007,185.15404881380138,10774500
2019-09-03,180.80227661132812,184.05372268054123,180.5247152487826,182.39826200894478,9779400
2019-09-04,185.51092529296875,186.11561578150497,182.28921689728358,183.04259556908295,11308000
2019-09-05,189.23818969726562,189.69419200509188,186.30396527407314,186.88882563279574,13876700
2019-09-06,185.8578643798828,188.55418740073307,184.72778893187632,188.55418740073307,15226800
2019-09-09,187.1168212890625,187.33490737878313,184.2321646040486,186.09578874444315,14722400
2019-09-10,184.54937744140625,186.4625845439744,182.94348447650563,185.80832625236286,15455900
2019-09-11,186.84918212890625,187.79090926366644,184.46015777711304,184.83685468140106,11761700
2019-09-12,185.8380584716797,189.26793039867314,185.6001422473146,188.2072527077104,11419800
2019-09-13,185.56048583984375,186.33369461463457,184.916135110212,185.6992665141406,11441100
2019-09-16,184.5989532470703,186.15527850743285,184.15287352918097,185.30276421561635,8444800
2019-09-17,186.44276428222656,186.68068052612696,183.9248665269878,185.03512720589518,9671100
2019-09-18,186.50222778320312,187.43404743884602,184.39076473907446,186.4526600114425,9681900
2019-09-19,188.4848175048828,189.4364672937098,186.51213514758413,187.0177052428198,10392700
2019-09-20,188.2766571044922,191.41907564903988,186.48241552685442,189.0003133644597,19934200
2019-09-23,185.19374084472656,188.44518726422032,183.59775527517326,187.69179337675325,13327600
2019-09-24,179.7019500732422,186.4030985923449,178.81969815929259,186.3436233145893,18546600
2019-09-25,181.20867919921875,181.82327708991846,176.3215883274959,179.8704252668067,18068300
2019-09-26,178.5421142578125,179.8208779461365,176.12335242778306,179.75149517282722,16083300
2019-09-27,175.55831909179688,179.18644664593606,174.13085212743323,178.91880793458682,14656200
2019-09-30,176.52976989746094,177.1146301664258,175.3104815971198,176.32159134571614,10740000
2019-10-01,174.27955627441406,178.27447356464504,173.35765926557306,177.5904776543643,17073000
2019-10-02,173.080078125,174.99326982848052,171.58321329643329,173.31797919637933,16151700
2019-10-03,177.8184814453125,178.27446862221802,172.11853585227658,174.04165035077614,16086300
2019-10-04,178.879150390625,179.40453544439083,176.5496165982193,177.9869910873137,10430200
2019-10-07,178.1158447265625,179.6027869459555,176.53968960423595,178.43306632715974,9178300
2019-10-08,176.20269775390625,178.79988598316362,176.17296011204164,176.70825279156682,9466900
2019-10-09,178.2843780517578,179.1467996981967,176.39100132993687,177.6003822110821,7556900
2019-10-10,178.4628143310547,180.02906204160385,177.61030013736234,178.750298314045,8605000
2019-10-11,182.58660888671875,184.86659016737028,180.55445132948677,180.56435883307805,14930500
2019-10-14,181.6845245361328,183.0128560461247,180.98071364132852,182.59651401131947,7006000
2019-10-15,187.2456512451172,188.72268576164964,182.06118431104667,182.1999649610194,15039100
2019-10-16,187.89993286132812,188.0486210313374,185.27299255881692,186.680644489377,10516900
2019-10-17,188.7326202392578,189.17869988321854,187.12672747061578,188.6434073356574,9603000
2019-10-18,184.232177734375,189.82308080594515,182.31897056109966,188.5740394528963,16874200
2019-10-21,188.10812377929688,188.25682709698793,185.1243314328732,185.41180031220577,8122600
2019-10-22,180.75270080566406,188.99035865677462,179.92001675504446,188.34602304935783,19537600
2019-10-23,184.52952575683594,184.75753445744107,180.41565828049383,180.4255657834059,12300400
2019-10-24,184.75753784179688,185.1044819615779,181.208700485608,183.01284923596253,11413500
2019-10-25,186.25439453125,187.35473245387462,183.47876584007477,184.21232949714437,8061200
2019-10-28,187.7512664794922,187.8801396694771,183.468879955715,185.57042051014523,13657900
2019-10-29,187.66201782226562,190.85398831648254,186.8293338131547,190.02130430737162,13574900
2019-10-30,186.6112823486328,188.7921283070634,184.36103848026198,187.90987636872714,28734600
2019-10-31,189.98167419433594,196.36561619589327,186.6112773601283,194.9877167981132,42286500
2019-11-01,191.93450927734375,192.42024921250243,188.25681375358042,191.17122311261366,21711800
2019-11-04,193.0249481201172,195.65187360892588,192.1228661122772,192.8564297987559,16371300
2019-11-05,192.62844848632812,194.04599305250838,191.91471488801213,193.66929611840797,9942000
2019-11-06,189.8825225830078,192.67796606260498,189.6842666475544,192.34092945973836,10973000
2019-11-07,188.76235961914062,191.75607423951277,187.82063255630302,190.23939436044753,13473000
2019-11-08,189.17872619628906,190.6656686336176,188.0486505489578,188.34604206161563,10760800
2019-11-11,187.9594268798828,188.42533669366813,186.89873407480903,188.27663338286612,8631200
2019-11-12,192.77711486816406,193.3619752121112,188.08829436129892,188.3460255825402,17615500
2019-11-13,191.5082550048828,193.99639963970563,191.06217534637915,193.00510478704902,10860700
2019-11-14,191.46859741210938,192.3409417349273,189.78339916426867,191.25051133140488,9040500
2019-11-15,193.40164184570312,193.5998978013367,191.69661340052664,192.56894263050637,11524300
2019-11-18,195.68162536621094,196.9009290970368,191.3695012266803,192.8663512192221,16167200
2019-11-19,197.58493041992188,198.2590037722861,195.14633801809967,195.68163067286173,19056800
2019-11-20,195.79063415527344,197.8525291928546,193.72873911769227,196.8513268715214,12355400
2019-11-21,196.2069854736328,197.3568911478763,195.14630783301592,195.7014305375585,12131000
2019-11-22,197.08926391601562,197.56508124394298,195.89969790725704,196.65309172959883,9959800
2019-11-25,198.05078125,199.22051697839632,197.51548871392592,197.78314254494208,15272300
2019-11-26,197.23794555664062,198.4076662668738,196.31603344305245,198.25897808369487,11735500
2019-11-27,200.2415771484375,201.37165277087047,197.68403439746598,198.15985173165873,12736600
2019-11-29,199.88470458984375,202.02590522077313,199.45845503998015,199.84505944895685,7985200
2019-12-02,197.96160888671875,200.42001625656496,196.32597818369993,200.37046360723087,11503400
2019-12-03,197.08926391601562,197.19829183665968,193.381815457433,195.87988289948183,11595300
2019-12-04,196.98020935058594,198.28871070735886,196.32595110921986,198.25897307147488,8456300
2019-12-05,197.6245574951172,199.53774944612223,196.48457437804745,198.12020495922752,9740400
2019-12-06,199.29983520507812,199.81531276903877,198.31844784549213,198.7546200053081,12270600
2019-12-09,199.58729553222656,201.371629234345,198.46714267069663,198.90329968591797,11954800
2019-12-10,199.12139892578125,200.2911347568499,198.40766539772974,199.90453035631865,9475700
2019-12-11,200.49928283691406,200.8660722022871,198.53652334826828,198.53652334826828,8036800
2019-12-12,195.0372772216797,201.88712880922554,192.41035171100938,200.58853487278247,23734800
2019-12-13,192.42022705078125,195.08681238340188,191.4884075534089,194.69028540262767,18798000
2019-12-16,196.19708251953125,197.38663336055586,193.114154811215,193.57015711535357,14911500
2019-12-17,196.66299438476562,197.2676848781239,194.42267335863096,197.10907406407196,10175700
2019-12-18,200.7372283935547,202.52156233780065,198.3482039217021,198.3482039217021,23274400
2019-12-19,204.26622009277344,204.50413630878322,200.74712025150424,201.0147741037703,16514600
2019-12-20,204.50413513183594,205.90186453167533,201.6591085633621,205.67385582041007,27306900
2019-12-23,204.3851776123047,206.7742019794803,203.88953015650694,204.90065520160314,13348900
2019-12-24,203.3343963623047,204.98985695947684,203.21544581969275,204.50413215983875,6046300
2019-12-26,205.98114013671875,206.0108928966437,203.52273326440485,203.7804795933937,9350700
2019-12-27,206.28846740722656,207.11122883413438,204.79160248082297,206.85349761464175,10284200
2019-12-30,202.63058471679688,206.09019407630888,202.1250146606919,206.0505489375747,10524300
2019-12-31,203.46327209472656,203.77057108431418,201.8276416093914,202.22415350706075,8953500
2020-01-02,207.95382690429688,207.9637344071887,204.4743875184786,204.95020479858297,12077100
2020-01-03,206.8534698486328,208.56840549920506,205.148441700033,205.4061880108875,11188400
2020-01-06,210.749267578125,210.92769337069933,204.72219374942276,204.9006195419971,17058900
2020-01-07,211.2052764892578,212.7120488834595,209.90668266717276,210.96737540793467,14912400
2020-01-08,213.34649658203125,214.35762164844684,210.7592162031763,211.14582062181162,13475000
2020-01-09,216.399658203125,216.47896360236382,214.39723846872968,215.6462644733352,12642800
2020-01-10,216.16175842285156,217.96592235915483,215.52733030671448,217.291833977407,12119400
2020-01-13,219.97824096679688,220.0377162368791,217.3017479313842,217.68835231287758,14463400
2020-01-14,217.15304565429688,220.4441517899839,216.72679613272476,219.68085052642485,13288900
2020-01-15,219.224853515625,219.7502385844087,218.22365114653817,218.6895609435289,10036500
2020-01-16,219.83946228027344,220.69197645305633,218.47147055219048,220.6325011824369,10015300
2020-01-17,220.20623779296875,220.35492597036807,218.61025247639355,220.0971947542229,15905900
2020-01-21,219.5123291015625,220.4342260310125,217.2125178404662,220.2260625876987,14275800
2020-01-22,219.3933868408203,220.81093123768824,219.35372657567254,220.37475907681832,12212800
2020-01-23,217.84693908691406,219.56188997596948,217.3612143171232,218.82832638103466,11195000
2020-01-24,216.0428009033203,219.84936947725353,214.22872952215866,218.8779047645845,11905800
2020-01-27,212.99952697753906,214.17917031016634,210.6501629417429,211.24494592278575,13810700
2020-01-28,215.89410400390625,216.83584623519565,211.66128578161968,214.25847351180462,13413800
2020-01-29,221.28675842285156,222.2483156951887,216.5483699652949,219.51234719018524,33181300
2020-01-30,207.7060089111328,209.58946307756923,202.96762073363075,204.7321243582591,48775500
2020-01-31,200.15235900878906,206.8733372918856,199.30975228448216,206.61559093454187,31359900
2020-02-03,202.41249084472656,203.35421789448145,200.737200185984,201.6690197329266,15495600
2020-02-04,208.00338745117188,208.766688674191,203.4136877364672,204.82132452213955,19628900
2020-02-05,208.2809600830078,210.87814773155097,206.89315335308982,210.6600616559983,12538200
2020-02-06,209.0145263671875,209.35156298788317,207.5176614545207,208.63782948172818,10567500
2020-02-07,210.4816436767578,210.967383613283,208.1025268892811,208.4693162805183,12242500
2020-02-10,211.2052764892578,211.93884011724154,208.82617492027316,209.67868908891847,11856400
2020-02-11,205.38636779785156,209.02441782373353,204.71227948225044,208.36025213654113,25030800
2020-02-12,208.92529296875,209.38129524606632,205.59454173422142,206.04063650858083,13813700
2020-02-13,211.2845916748047,212.46423501084925,207.35905726566108,207.69610902307352,15396600
2020-02-14,212.31553649902344,213.05900768129823,210.79885649725966,212.13711067573826,10741700
2020-02-18,215.90403747558594,216.08246330144772,211.54233073434534,211.69103404852362,15609200
2020-02-19,215.59671020507812,216.41948669926148,214.2287185489711,216.09235760210728,12135100
2020-02-20,212.71206665039062,216.86559480295082,211.09625108363406,214.63518122349623,13109200
2020-02-21,208.35035705566406,212.3750270986265,207.0121180018901,211.62163328593365,14092300
2020-02-24,198.9727020263672,201.87718865486534,196.4448971524232,200.04330227154202,23080100
2020-02-25,195.05711364746094,201.72852449754058,194.24424451924557,200.48940579669573,21433500
2020-02-26,195.4833526611328,199.4584549193443,193.78824684047552,195.47344515740704,16524500
2020-02-27,188.09820556640625,194.1748480885161,187.85038184365735,190.15019325122768,21682600
2020-02-28,190.79452514648438,191.06217899708437,180.2372408143527,181.1095700157063,32568900
2020-03-02,194.72998046875,194.85885365128047,187.2060555030283,192.34095603269014,24949000
2020-03-03,184.27175903320312,195.52295918705542,182.36847514975724,194.51183442442752,27984100
2020-03-04,190.0906982421875,190.1600961433349,184.76744964693935,187.52324816700101,23062500
2020-03-05,183.55807495117188,187.34482873238224,182.2892186883273,185.15406034636916,19333400
2020-03-06,179.5135955810547,182.18018136792298,174.72563924503544,176.77762701445522,24559600
2020-03-09,168.02450561523438,173.47662821631866,163.7520265061749,168.1236411674569,29949000
2020-03-10,176.63882446289062,176.73794486823076,168.02447015120921,173.14946249940837,24517800
2020-03-11,168.75804138183594,174.34894375307698,166.2004988435292,172.49521209053785,20373900
2020-03-12,153.12533569335938,165.1497485564688,152.99646250655854,158.1511933411001,43266300
2020-03-13,168.7976837158203,169.30323863758935,156.22807243704884,162.10644356283814,35028600
2020-03-16,144.73892211914062,157.74471782802192,141.854266268708,150.99400388139074,39120400
2020-03-17,148.11929321289062,152.59995073103067,138.78129637211103,149.42780983914605,34255600
2020-03-18,145.68069458007812,146.8900603543709,135.9065269708406,138.53345221468916,37553100
2020-03-19,151.79698181152344,158.53777453936144,143.53949408136737,145.3436428023484,39862300
2020-03-20,148.42657470703125,157.88353611358346,146.71163883964718,154.66182782825337,32568400
2020-03-23,146.81076049804688,150.98410298108698,141.01168008224292,148.35717790867255,29830800
2020-03-24,159.57864379882812,159.90577292075932,151.24186544509297,153.8588832945832,30440400
2020-03-25,154.85018920898438,161.5711676910729,151.72760107288883,157.53659002543301,35184300
2020-03-26,161.91812133789062,162.5723796667803,155.65314481623162,156.87243342846332,26556800
2020-03-27,155.4251251220703,158.69640141000696,153.4028901241598,156.822854600928,24879900
2020-03-30,164.50537109375,165.29840996886728,156.6840556288971,157.79430097848623,22515200
2020-03-31,165.3479766845703,169.44201394815866,162.7706041382974,164.03946028004327,23676300
2020-04-01,158.21066284179688,162.72104227236392,156.66423018239112,160.21306753205042,19507600
2020-04-02,156.8129425048828,159.94543801619128,154.56269884871304,157.71502449327173,20886300
2020-04-03,152.83786010742188,156.5354014513651,149.51703084026698,155.7820075497119,25983300
2020-04-06,164.10885620117188,164.75319176700359,157.13013237963017,158.7558552370419,28453600
2020-04-07,167.36032104492188,171.88062340287595,164.5648621453682,170.2945455005244,31411900
2020-04-08,172.7628631591797,173.4765966526272,166.2798015739834,169.75924101007092,21664200
2020-04-09,173.66494750976562,175.53849417465915,170.07646498649927,174.36875838401778,23534300
2020-04-13,173.26844787597656,173.47662648317942,167.97493616094914,172.15820230679188,19355400
2020-04-14,176.61900329589844,179.65236314571018,175.08249323853468,177.42194971191222,21011800
2020-04-15,175.42945861816406,176.6388395990374,171.31559085805145,173.6649549167508,17423000
2020-04-16,174.71572875976562,176.50006263186586,171.00828033251065,176.40092708998696,23593200
2020-04-17,177.6796875,178.71062744877847,175.12214507061915,177.64002723699403,20974800
2020-04-20,176.68838500976562,178.92870574157294,175.23118048977148,175.86560853667004,16110700
2020-04-21,169.31312561035156,173.85325682499806,166.874534168283,173.7243836829588,24850500
2020-04-22,180.69320678710938,183.1714436753745,176.58924710518065,176.8965460591723,33242000
2020-04-23,183.5184326171875,185.42171704056207,181.5556577930537,182.4775699303214,21426600
2020-04-24,188.41543579101562,188.7524724391057,179.2558651348406,181.63496693142514,28792000
2020-04-27,185.86781311035156,192.06340688069662,185.77860019028932,190.98289895737918,29197800
2020-04-28,181.3177490234375,187.55298712512695,180.97078976717316,187.01769454861898,21731000
2020-04-29,192.49954223632812,195.19586533888122,188.346014547985,189.26791146399665,45954500
2020-04-30,202.92796325683594,207.86460707918596,199.81529821911894,205.11871627371636,46230100
2020-05-01,200.5092315673828,205.4756137669369,197.3172606533983,199.84506577329986,30415600
2020-05-04,203.47317504882812,204.11752577558354,197.02975853702785,198.45722553825703,19250700
2020-05-05,205.2674560546875,208.5486399749447,204.70241066309816,205.21788828115078,21071200
2020-05-06,206.65525817871094,209.7580161936325,204.86101675028578,206.30829889793858,21857000
2020-05-07,209.4209442138672,209.75799595802985,207.2202684404872,209.3218238046091,15152000
2020-05-08,210.50149536132812,211.35400965041373,209.01455288915287,210.39245230833018,12506000
2020-05-11,211.32421875,213.1283825511253,208.53868277495025,209.0541603075515,12911900
2020-05-12,208.2710723876953,213.40597290270924,208.17193684357613,211.43329053203627,14704600
2020-05-13,203.3145751953125,208.9451225557358,200.3505982153826,207.6068684880649,20684600
2020-05-14,205.0096893310547,205.1286398749658,198.94296957623862,200.79668613999704,17178900
2020-05-15,209.0442657470703,209.50025291394357,202.343102786251,203.4831009553526,19383200
2020-05-18,211.33413696289062,212.77151137138245,209.1037237037267,210.3031819192295,20151900
2020-05-19,214.99205017089844,218.5706254884204,210.9773026621722,211.41347485337647,31843200
2020-05-20,227.9680938720703,229.3261630716245,221.2471155272125,221.554414532137,50162900
2020-05-21,229.37574768066406,235.13516916621032,229.187399211959,232.6767618203889,47782600
2020-05-22,232.86509704589844,233.93569739189326,226.7488091058961,229.49468518792358,33925600
2020-05-26,230.1786651611328,238.8029274814234,229.65328009154226,237.6827745670303,33178300
2020-05-27,227.1453094482422,228.5529463704739,219.20504286108883,227.07592667175928,34697600
2020-05-28,223.49734497070312,229.61363241933896,222.05004782499321,222.3474393070935,29377200
2020-05-29,223.1305694580078,225.50968633673713,220.93981615980846,223.23961250402408,23241500
2020-06-01,229.89120483398438,230.4165899230667,221.5544110604934,222.63491887570348,18223800
2020-06-02,230.6941375732422,230.9716989198073,224.58775769689183,228.929633958953,20919000
2020-06-03,228.15643310546875,230.62474767491267,226.5406176115093,230.08945509538248,15380300
2020-06-04,224.32012939453125,229.6136559660789,222.6547611255217,227.56166814251998,17041500
2020-06-05,228.76112365722656,229.3360765026521,223.34864695784768,224.73646886520714,16750400
2020-06-08,229.38560485839844,229.53430815020616,225.43034838721357,227.03624108222348,15466500
2020-06-09,236.5923309326172,237.68276127605165,228.40424123196033,229.5045790781684,27462900
2020-06-10,234.66920471191406,239.1102161352077,233.2318303325797,238.8623924447722,20720700
2020-06-11,222.47630310058594,230.8626644574939,221.60397389010276,227.93834758086746,26708200
2020-06-12,226.5901641845703,229.64335394306582,222.54567963926294,227.89866543766377,22091400
2020-06-15,230.47607421875,231.73502303147188,222.84310618379425,223.13057506180579,15340300
2020-06-16,233.5986328125,236.38418413576704,230.9717074264881,235.07566763151695,15236700
2020-06-17,233.47967529296875,235.52174026803576,229.71275182999162,232.95429023145962,19578100
2020-06-18,233.8861083984375,234.08436434245675,230.12909246135095,232.94438131987675,15782500
2020-06-19,236.71133422851562,238.73358456598012,233.49954800283712,235.7200391957088,30081300
2020-06-22,237.1375732421875,238.60468549637406,234.8476843848803,236.48331496125397,18917800
2020-06-23,240.13125610351562,243.05557271769652,237.77196965585082,239.1796064468067,24017900
2020-06-24,231.98281860351562,241.1027279455911,230.65447204559817,239.10030816881405,20834900
2020-06-25,233.6283721923828,235.23428019830692,230.7139779243627,232.57760203013643,18704300
2020-06-26,214.198974609375,231.0608931145595,213.52488630376178,230.61481349555714,76343900
2020-06-29,218.71929931640625,218.82834235704723,205.3070809473625,207.92409879678667,58514300
2020-06-30,225.09332275390625,225.51957226740208,216.56818122440345,218.66972140918193,33927100
2020-07-01,235.48211669921875,236.91949134115922,225.57907477480111,226.51089444123383,43399700
2020-07-02,231.38804626464844,237.91076831095558,230.58509984175245,236.91947344299328,30633600
2020-07-06,238.18833923339844,238.30728978202592,230.2480724673563,231.7250921993472,26206200
2020-07-07,238.76329040527344,245.49417612610122,236.7410554631184,237.32591582434424,27887800
2020-07-08,241.45960998535156,244.8399291745789,234.53045329150478,236.03722575248477,29791300
2020-07-09,242.37159729003906,244.3839246791393,237.15739168530018,242.86724472826,22174900
2020-07-10,242.9366455078125,243.3529875457348,237.23669990075217,241.56865372181096,22982700
2020-07-13,236.9194793701172,247.97241137402958,236.34452651720005,244.85974601579528,24674900
2020-07-14,237.64309692382812,238.2378798510956,230.01013002900538,234.6989501731745,23378100
2020-07-15,238.18833923339844,242.6888265852968,235.97775582429836,239.4472880015589,19133600
2020-07-16,238.8326873779297,239.65546400958866,234.2727396389268,235.92820040649573,18880700
2020-07-17,239.92306518554688,242.03452782621963,235.789367926705,238.90203281140873,18152400
2020-07-20,243.28358459472656,243.90810520163038,233.58872199953782,237.97024349927685,20872200
2020-07-21,239.64552307128906,244.760607979897,237.99006253468102,244.0766121329838,19364200
2020-07-22,237.7819061279297,239.79423359282484,236.04714002881593,238.1685105392652,15427900
2020-07-23,230.5751953125,240.309703175952,229.73258861347995,237.54399711408567,21771800
2020-07-24,228.70166015625,231.4574588539895,224.92481376383182,228.18618255692917,18325800
2020-07-27,231.46734619140625,232.90472069074355,228.82059077169882,229.44511136404245,13163100
2020-07-28,228.1167755126953,232.91465428162354,227.82930664968208,232.58752515242662,14170100
2020-07-29,231.25918579101562,231.66562033942958,228.30513115753575,229.12790775824203,13588300
2020-07-30,232.45864868164062,232.84525307867406,227.006526857551,228.21590781769854,20615300
2020-07-31,251.46176147460938,253.622792101852,246.83241636433706,253.59305446658362,53005100
2020-08-03,249.7666473388672,253.17668878432048,248.15083195595844,250.45062805293662,23124900
2020-08-04,247.6551971435547,250.5993440932362,245.27608039961166,249.37013301923434,17183500
2020-08-05,246.95135498046875,250.07394266649422,245.61311608013628,248.01204767368492,13050100
2020-08-06,262.9707336425781,264.27925028936903,246.50532325955945,246.87209756542,45241600
2020-08-07,266.10321044921875,276.46225445247427,261.13681322492374,261.78114887182363,72766400
2020-08-10,260.7106018066406,271.47605167970966,257.42941756527375,265.70673739925354,30248800
2020-08-11,253.9003448486328,263.6051295214165,252.90905003737163,257.92499936219986,28238300
2020-08-12,257.6276550292969,261.6027271450453,255.86312100417206,256.7156503787785,21415700
2020-08-13,259.02532958984375,262.85174340322044,257.3104088778803,259.2731532998424,17374000
2020-08-14,258.9658508300781,260.3635801658666,256.42813849404035,260.02654355504006,14792700
2020-08-17,258.88653564453125,261.80094457457125,257.14184723691153,260.2148669541819,13351100
2020-08-18,260.0562744140625,262.8418103841831,257.00309973841337,258.67839037193426,18690400
2020-08-19,260.3041076660156,265.57780346029676,259.07491174852066,259.11457201254495,23291500
2020-08-20,266.6682434082031,267.2828413890221,259.18394896753364,259.22360923298226,20299700
2020-08-21,264.6856689453125,268.1353559405538,264.100808566831,266.35103716728554,15538600
2020-08-24,269.02752685546875,274.8365002201754,266.4303089079624,268.71030523947917,23685600
2020-08-25,278.37542724609375,280.6256556665897,267.9073560424017,270.03863392111543,42127200
2020-08-26,301.264404296875,302.0177980204833,281.5277213297594,281.5277213297594,69015200
2020-08-27,290.6674499511719,298.60773063791044,289.47788414162295,297.5470379871194,30301300
2020-08-28,291.1036376953125,294.64256742942354,288.44697486350793,292.4319691112148,17157400
2020-08-31,290.6476745605469,294.2956325042199,289.0120137865058,291.39114572986756,17345100
2020-09-01,292.8681640625,298.8654860327322,290.1619181282009,292.14450790373803,17295900
2020-09-02,299.86676025390625,300.9571908870327,290.49900969231174,296.27827692191954,24341400
2020-09-03,288.5857238769531,295.0093247720663,281.1609358518354,293.4133244875022,32294100
2020-09-04,280.268798828125,286.48420653598356,268.77969535194666,284.7494405794508,30333700
2020-09-08,268.799560546875,276.86868625746473,267.0747168972243,268.9185111086546,24864000
2020-09-09,271.3371887207031,276.05576121203666,268.98782510273014,273.36933077161376,22918800
2020-09-10,265.7562561035156,276.7298983195981,264.705485890159,273.1116778489327,24814700
2020-09-11,264.2890930175781,269.0275112197422,260.35368168986014,267.70907219012685,18913900
2020-09-14,263.8331298828125,274.231833888043,263.3870653318415,268.5913635232722,24093800
2020-09-15,270.0485534667969,272.1302484280536,266.95568815618236,268.31378749780447,18478500
2020-09-16,261.2260437011719,270.0684082831144,259.51112273740233,264.9632451579217,29183400
2020-09-17,252.60174560546875,259.2235875410871,248.01204588823967,256.0316171077512,31281400
2020-09-18,250.33169555664062,256.9436457361105,247.87328848243533,256.1505916786772,28130800
2020-09-21,245.98983764648438,247.7741715951275,242.0048428081355,245.38514711738756,24709400
2020-09-22,252.5323944091797,253.09743980433467,246.05923944460713,251.1049272276944,30293100
2020-09-23,246.85226440429688,255.7441658916591,245.98982754107175,253.03793500420102,19641300
2020-09-24,247.35780334472656,250.04421905053735,243.4818368410572,244.35418115160107,20006800
2020-09-25,252.60174560546875,253.5236424995527,244.46320872552587,247.22891453373578,18351300
2020-09-28,254.5843505859375,257.34014905830304,252.60176088633872,257.141877987576,18826300
2020-09-29,259.5110778808594,261.0376501133525,254.66363171848434,255.56571362963953,20200200
2020-09-30,259.6201477050781,263.76375343697214,257.8358288522011,259.6994682440942,20142500
2020-10-01,264.3089599609375,265.99414311385937,262.4948733807721,263.04010371853553,20009800
2020-10-02,257.67718505859375,262.84182274311667,256.92379129394055,258.9361186241271,16367600
2020-10-05,262.34619140625,262.56427749613204,258.5693602261399,259.91753703229796,12822300
2020-10-06,256.40838623046875,263.377189356894,255.9920289905563,259.50122200607643,18696900
2020-10-07,255.8730010986328,257.9150659039337,252.6017404595939,256.9535087673083,23133400
2020-10-08,261.4639587402344,262.3164578536441,256.8940734112496,257.4888564158184,16312800
2020-10-09,262.14794921875,262.44532558890444,259.88779804981755,262.21731687050624,14107800
2020-10-12,273.34954833984375,277.74097715969367,265.53814026864677,267.84787415489484,31019300
2020-10-13,273.7362060546875,276.6704306794632,271.01014490194666,275.16364297199124,18063300
2020-10-14,269.45379638671875,276.3234630231196,269.13657474718195,275.20329490670065,15577800
2020-10-15,264.398193359375,266.6980049306729,261.37475582736255,265.2705377658619,15416100
2020-10-16,263.614990234375,269.00763578005694,262.9904697379874,265.05237963881984,16622700
2020-10-19,259.1245422363281,266.21229640113023,257.61778452183506,263.2185959841503,13587000
2020-10-20,265.2308349609375,267.3522203594009,260.5915825452743,260.77000834928066,18763200
2020-10-21,276.30364990234375,280.586021057658,273.9641781096813,277.12641139284636,28998600
2020-10-22,275.69891357421875,279.9912371337842,272.6457388053963,277.4336795285745,16720000
2020-10-23,282.3109130859375,282.75697768725735,274.41029068205205,276.3730354317049,17535200
2020-10-26,274.69769287109375,282.7470322158828,271.87252683746,280.69504467935377,21322900
2020-10-27,280.8239440917969,282.033325094517,273.9046947153265,276.3333793505012,16287200
2020-10-28,265.3399353027344,276.3631304196497,264.93350073882925,276.3631304196497,23121800
2020-10-29,278.38531494140625,281.131220993011,271.3966984619704,274.14257426165767,32368100
2020-10-30,260.81951904296875,274.2912398653018,256.8444480951657,272.1103795495679,47247800
2020-11-02,259.0848388671875,268.11555177589446,255.09984397803464,262.29665514165265,27165700
2020-11-03,262.990478515625,267.699128460698,258.6089727709659,260.86912353452436,17961900
2020-11-04,284.8783264160156,286.42474400302376,276.1945736182633,278.55386026436815,35364400
2020-11-05,292.11480712890625,294.79131576439545,286.4347060664534,289.3590082032344,23823600
2020-11-06,290.8558654785156,292.0355089320338,285.55243125292134,291.39117324150493,13891000
2020-11-09,276.3432312011719,290.03300950810046,276.10533013779497,287.3466091610849,25117700
2020-11-10,270.05841064453125,271.61475060003454,261.7018034978435,270.7225914112201,29067700
2020-11-11,274.0732421875,275.976511574874,270.10806233656234,271.0894346690546,14957000
2020-11-12,272.68536376953125,277.3147238557322,272.04102819165286,274.76708892660645,12899500
2020-11-13,274.53912353515625,275.34206995147815,270.72263227436497,275.3024096865472,10391200
2020-11-16,276.5316162109375,276.97771101570106,272.23932261444486,272.6556495304327,12970400
2020-11-17,272.6061096191406,275.26277280878617,270.91100373531947,275.26277280878617,15040300
2020-11-18,269.6024169921875,274.97524750176086,269.47354384268675,272.13020634101,12152900
2020-11-19,270.5639953613281,271.0893803762783,266.8466399955723,268.66069610321836,12963700
2020-11-20,267.35223388671875,270.6234948000177,267.06474990888495,270.1873226446554,18114700
2020-11-23,266.09326171875,268.5913440305697,262.22721796464464,268.53186876142325,20990800
2020-11-24,274.50946044921875,275.4016200149844,265.5382213801,266.1528195198069,16930400
2020-11-25,273.19097900390625,277.74101931681827,270.27656935219704,275.7187993456942,12467000
2020-11-27,275.39166259765625,276.7001792631914,272.42770021677893,274.97533563711863,7808400
2020-11-30,274.5589599609375,275.28261615577065,268.65085060588,273.62714029983425,16693300
2020-12-01,284.0555725097656,286.7816337824195,276.53164702747165,276.72991812988835,20738900
2020-12-02,285.01708984375,289.24001566629744,278.3853247499967,282.8758892964831,17361600
2020-12-03,279.396484375,284.15468797747155,278.62327553330033,283.7581760525857,12921700
2020-12-04,277.2651672363281,280.99241510731923,276.8686251154019,277.8599199138845,10880300
2020-12-07,283.0939636230469,285.9786352022847,275.7782332052152,276.759605404161,13007700
2020-12-08,280.9329528808594,283.93657504961703,279.09905136815115,283.5202481560011,10747700
2020-12-09,275.5007019042969,285.1261672616319,269.38439883876845,281.190725155916,25189700
2020-12-10,274.7076721191406,276.30367283824955,269.4934506140206,273.1414392925882,20065100
2020-12-11,271.1686706542969,274.0731873049459,267.8974100331047,272.1401504139316,14391400
2020-12-14,271.8031921386719,274.80681492964203,269.1960813172571,270.9903229373326,16376900
2020-12-15,273.1512756347656,273.6766606794515,265.1416267975304,272.43754215406807,23979500
2020-12-16,273.270263671875,275.44117155415506,270.1377683264025,272.36818173124277,15885000
2020-12-17,272.09063720703125,277.99874638748975,271.2281852255585,274.65808738822363,16377800
2020-12-18,273.993896484375,275.5799743294607,268.7797060305971,273.3693758749041,26693200
2020-12-21,270.41534423828125,272.27898349056596,265.4588697383409,270.60369268943253,16553700
2020-12-22,264.76495361328125,269.1365677921802,262.32637660769075,269.1365677921802,17312900
2020-12-23,265.77606201171875,269.8007471510173,263.912453005065,264.5667112714952,14329000
2020-12-24,265.072265625,268.04615049794745,263.8827298269738,266.5393930530124,6702000
2020-12-28,274.58868408203125,274.8860604477784,263.3474036780008,266.40057862337534,23299700
2020-12-29,274.37060546875,278.068146393808,273.8749580110601,274.5391389152094,16383000
2020-12-30,269.50335693359375,275.6592901874679,269.34474610917545,275.53044725380437,11803800
2020-12-31,270.7821350097656,274.6779169436286,267.4612908420822,269.63222922548516,12900400
2021-01-04,266.5988464355469,272.6060909653944,262.89141327903155,272.3880048825454,15106100
2021-01-05,268.61114501953125,270.02868928007945,265.87516177389597,265.9544822965635,9871600
2021-01-06,261.017822265625,265.41917344429424,257.7465616404671,259.7192285430629,24354100
2021-01-07,266.4005432128906,269.24555432407766,262.4750244472199,263.5852697343255,15789800
2021-01-08,265.2408142089844,266.60880616888306,260.8890145757392,265.9743628388743,18528300
2021-01-11,254.6041717529297,261.17646160643693,253.67235215141747,258.21249961443124,30412300
2021-01-12,248.90423583984375,257.45911577126066,248.1211195147358,254.39601812321422,26383500
2021-01-13,249.4494171142578,251.73930562929598,247.03065543788503,249.3602042145452,19528900
2021-01-14,243.5016632080078,252.80992112440126,242.48063073575494,251.19410569943693,29739400
2021-01-15,249.17185974121094,251.6500967233896,245.00842463634237,245.74197310245407,24942900
2021-01-19,258.8271179199219,259.9175484170947,250.52006138498896,254.6636670223244,28028500
2021-01-20,265.1515808105469,267.96685480321304,261.3053516121977,266.588940318972,25199900
2021-01-21,270.4946594238281,271.2183156581373,265.1614875305611,266.91609902631524,20838700
2021-01-22,272.1104431152344,276.045884978016,269.6322059283925,269.6421285577539,21954000
2021-01-25,275.58990478515625,277.6617074955917,269.1464879361957,275.7187779624426,19087000
2021-01-26,279.59478759765625,282.9057400516259,275.3917058025725,275.7188501462418,19373600
2021-01-27,269.77099609375,280.9825384725556,265.78597141936456,280.0705338960137,35346200
2021-01-28,262.6931457519531,284.2934698675285,262.39576938583184,274.76711024718605,37758800
2021-01-29,256.0812072753906,264.23957548201406,252.63152026244686,262.9905341831644,30389500
2021-02-01,259.729248046875,261.87044916907644,252.69104653677272,257.2609025889881,22914300
2021-02-02,264.75506591796875,266.50967749963957,260.9782342364985,261.7018905062424,17320800
2021-02-03,264.3287658691406,266.8565858893887,261.5432297590339,263.30773338307216,14223400
2021-02-04,264.1701965332031,265.82567250447573,261.7018816482722,264.6856892976803,16060000
2021-02-05,265.76617431640625,266.8268671421213,263.35733491932723,264.4774727682164,12454400
2021-02-08,264.25933837890625,267.510783914806,262.6931060011381,266.41046127473913,13755200
2021-02-09,267.1044616699219,271.0101665628999,263.43665790685554,264.1206539072756,14613400
2021-02-10,269.50335693359375,271.41654895302236,265.3894888847332,270.0783249536004,14687200
2021-02-11,268.0362243652344,271.19842705014383,266.15273998135564,269.52316661445394,12828600
2021-02-12,268.1452331542969,268.8193063320809,266.00403283788114,268.1650481588498,9097600
2021-02-16,271.5850830078125,274.19219360834205,267.6991934307805,268.4426646551784,15417200
2021-02-17,271.1885681152344,271.5850800468727,267.233280673253,268.8788339288771,12763200
2021-02-18,267.044921875,269.5826341540799,263.71415560125973,267.22334767932983,15249100
2021-02-19,259.2830810546875,267.9172508111953,257.8853516724328,267.5108162885324,25622600
2021-02-22,258.0637512207031,260.7799194308348,255.2881379971181,255.70449510661345,17434900
2021-02-23,263.54559326171875,265.1316708251241,252.7405022555908,257.24097351837185,21924600
2021-02-24,262.0091552734375,264.0611429978449,256.14070634660726,260.04638046071045,15736100
2021-02-25,252.472900390625,264.6162629103088,251.82854963033122,260.01664005540107,19053100
2021-02-26,255.37734985351562,263.23830999745786,254.23736693604718,254.23736693604718,26619500
2021-03-01,262.6039733886719,264.3288170823331,255.65498545881434,258.5495802943094,22157300
2021-03-02,256.7453918457031,264.3882674335836,256.398432563095,263.4663703912783,15191700
2021-03-03,253.18663024902344,258.71804239737355,252.87933125477727,258.02415412891276,15513500
2021-03-04,255.39727783203125,264.17021505070284,251.2933016975846,254.23744928258006,31626500
2021-03-05,261.9794006347656,263.13922891518143,253.38487613689907,258.4008407623917,26820100
2021-03-08,253.08749389648438,263.2680814436607,252.82976267251672,263.2383438072783,18391800
2021-03-09,263.4266662597656,266.19238717808435,257.548295450208,258.90636446418875,22039700
2021-03-10,262.593994140625,266.62857135494477,260.58166684791667,266.3014573722322,14210300
2021-03-11,271.4958190917969,275.4808132153141,265.4885751472502,265.77602885197024,21834000
2021-03-12,266.06353759765625,267.3918690959222,261.72166121793634,266.79711637424987,20600200
2021-03-15,271.36688232421875,273.5576348032241,266.16258595087754,266.7375234774735,16844800
2021-03-16,276.8488464355469,279.6839656622003,272.40783426494863,273.6766905634166,22437700
2021-03-17,281.5376892089844,283.7383652141493,273.01254656501544,273.30992295006973,21315000
2021-03-18,276.1945495605469,282.7073635915674,275.85751296216336,277.4336680480965,18728300
2021-03-19,287.58453369140625,290.2511192513727,278.7521232217431,278.7719382280029,38930500
2021-03-22,290.98468017578125,297.10095206901144,284.2537801031509,287.9215829149258,28273100
2021-03-23,288.1000061035156,295.4058437753718,287.2871371252847,290.5980580528056,23000900
2021-03-24,279.6839599609375,289.1805518720229,278.71248006006977,288.46681832793877,18675000
2021-03-25,276.3134765625,285.5523504792906,275.33210448455355,278.53399727437875,24505600
2021-03-26,280.55621337890625,282.0233404165776,275.35191623589384,275.87730121358805,17629200
2021-03-29,288.2883605957031,290.6278017995311,282.22164126844325,283.28230371151227,21718800
2021-03-30,285.4928894042969,289.92397816866935,284.2042183237241,287.30694549487737,17474500
2021-03-31,291.9660949707031,293.91894719587566,286.0976156652558,287.4656075110616,19498200
2021-04-01,296.0601806640625,299.76761443789854,294.01811529914414,295.8024342727096,17616000
2021-04-05,306.2209167480469,308.0647107745958,298.0625486822573,298.2707423964187,28237000
2021-04-06,303.5939636230469,308.63965066599314,302.59274616641994,306.1514909677622,17335200
2021-04-07,310.36456298828125,311.51446887434105,302.8406372032178,303.6733214134147,22855200
2021-04-08,310.29510498046875,313.1302240000469,307.3509580476352,312.1091915082921,20894100
2021-04-09,309.7400207519531,312.00017209461026,307.628557605802,308.6892504940814,15988600
2021-04-12,308.8280029296875,309.43267826117784,305.249412826226,308.3422478867747,10881900
2021-04-13,307.0635070800781,311.692837158811,306.6273349193004,309.492161348312,14036900
2021-04-14,300.1839904785156,305.34862949680166,299.3215685788472,304.62497318061077,17421400
2021-04-15,305.1404113769531,307.44022286569765,301.4527930422147,303.67328399580504,14558300
2021-04-16,303.5146484375,306.2605545198828,301.9583082701033,305.4873457507172,13059200
2021-04-19,299.6089172363281,305.02140838300113,297.94354930746647,302.3548230704228,14553500
2021-04-20,300.0154113769531,302.44409611177736,294.62276441424297,299.36115307795654,16796400
2021-04-21,298.84564208984375,299.35121211426787,294.8011726501994,299.32147448059095,14863500
2021-04-22,293.938720703125,300.28303157065153,293.4629185644019,298.7068462303825,16375400
2021-04-23,298.50860595703125,299.9558878847626,294.5632417888713,296.15924213713583,17536800
2021-04-26,300.4019775390625,303.1379305508812,298.93485037916275,300.69935387124417,16172600
2021-04-27,300.9273986816406,302.6819797559511,298.48879145737527,301.6312095868947,15309300
2021-04-28,304.42669677734375,308.2134508908724,302.71174555790657,304.68441290284227,33907200
2021-04-29,326.6415100097656,328.9214756054503,318.8102580682576,327.24618522573235,56526800
2021-04-30,322.2501220703125,326.94888031144205,321.67518435826673,323.30092246115237,26332400
2021-05-03,319.77191162109375,325.6899436819477,319.0383630387981,323.3306871128496,18719500
2021-05-04,315.5886535644531,319.3853302579071,310.3942775786296,317.2342068523723,24032600
2021-05-05,312.2776794433594,318.2651085526417,311.75229440533417,315.4200972947365,15577600
2021-05-06,317.2341613769531,317.45224745015986,310.54292125818995,311.78203979870165,19012200
2021-05-07,316.30230712890625,320.1287204934024,315.9751931809259,319.5735978682808,15916700
2021-05-10,303.30645751953125,311.841490842598,302.176366977457,311.6135124100819,24239200
2021-05-11,303.86163330078125,304.16893230854123,297.0811796183367,298.13194982266197,18920100
2021-05-12,299.9162292480469,302.3052533431608,295.5941984466041,298.5086075749561,24645500
2021-05-13,302.6026916503906,306.17132909823965,300.13434677159415,303.41553047906933,18079200
2021-05-14,313.1897277832031,314.0918098146502,306.38942871995596,306.8454461766793,19245700
2021-05-17,312.71392822265625,312.9320143438868,308.8676985856401,310.82055104559214,15401300
2021-05-18,307.2617492675781,313.7448261843899,307.1130610875427,312.8427442229503,14522400
2021-05-19,310.8601379394531,311.9208306537847,300.92737476678593,301.54197271283465,19106200
2021-05-20,315.83642578125,316.470868982354,310.43388720270923,310.85021408300645,17320200
2021-05-21,313.4772033691406,317.14497642113264,313.0608461919929,316.5105634034792,13600900
2021-05-24,321.8041076660156,323.1126243548416,315.261554473809,315.43998031721526,16445400
2021-05-25,324.9365234375,326.3144074465937,321.97253148283835,324.23268236442,16437000
2021-05-26,324.80767822265625,326.9587711328472,322.9836993061915,325.4916740978203,9686900
2021-05-27,329.8533935546875,330.8744261398363,323.91554650384444,325.14474255728777,20477700
2021-05-28,325.8684387207031,329.9723845728138,325.4718964918096,328.11866763524284,12037400
2021-06-01,326.264892578125,328.5349663508822,323.7965779781596,327.2760024770691,11765900
2021-06-02,326.2846984863281,328.9810217269072,324.2723711221696,327.50400205992975,11654300
2021-06-03,323.2017822265625,324.5301136988752,320.6640698239475,322.94403588426127,12610800
2021-06-04,327.4742736816406,329.5658913832166,322.3492657782319,323.06299931067736,13289400
2021-06-07,333.6499938964844,334.7503468667708,326.0665946490602,326.6118249458043,20136700
2021-06-08,330.7752380371094,335.3550151234234,329.34777112034703,333.76896766205743,14580500
2021-06-09,327.3751525878906,333.8681223174045,327.1273288539104,332.817352105482,13727900
2021-06-10,329.56585693359375,331.03298411135006,325.6898906801004,327.91041157777425,13240200
2021-06-11,328.3763122558594,329.9326220393936,326.06657852133054,329.6847983491086,13587900
2021-06-14,333.83837890625,333.887961803341,326.9389747420912,329.0107774921073,12250800
2021-06-15,333.8185729980469,336.96099128707715,332.1135444811946,334.0564741044241,15795200
2021-06-16,328.1979064941406,334.61158579150225,325.8584650203184,333.76900931696525,17232200
2021-06-17,333.58062744140625,335.0378320276333,327.2759766952282,327.61301330165884,17794100
2021-06-18,326.790283203125,333.2237774793998,326.136024933211,331.6178845677562,23039500
2021-06-21,329.3973693847656,330.02188997148664,324.79774682676305,328.20780348130495,11337500
2021-06-22,336.0787048339844,336.9609718056598,329.70468596146765,329.79389887120124,15345300
2021-06-23,337.6251525878906,340.4305343138909,335.25597332384814,336.3959564970195,14817800
2021-06-24,340.19256591796875,341.8975943029009,338.8146817809146,338.87415705290726,12329100
2021-06-25,338.3983154296875,341.1243762456423,336.72302472627456,339.60769634720594,14594400
2021-06-28,352.54412841796875,355.0223656374678,338.79484291257626,339.4788388053115,29156100
2021-06-29,348.8268127441406,353.63456930188124,346.01150831701534,353.1686594409052,21417300
2021-06-30,344.68316650390625,349.84783509331055,344.14788900000565,349.1043638637491,15107500
2021-07-01,351.30499267578125,351.5825540207523,343.4836618715518,343.80088348063805,17137000
2021-07-02,351.6123352050781,353.33717875875,349.55042474255595,352.0088471395874,11521300
2021-07-06,349.7090148925781,355.6667069440098,346.1403471891255,353.3966331441592,13488500
2021-07-07,347.4389343261719,353.386703632117,346.95320951346713,352.1674302856265,14218900
2021-07-08,342.6410827636719,345.29774588660945,339.5779850936406,342.72040329828144,14406500
2021-07-09,347.36956787109375,347.65702160715523,342.26437499772095,342.3139578932592,13018700
2021-07-12,350.085693359375,351.1067258462657,346.5963463730506,348.1725015565857,10018600
2021-07-13,349.0250549316406,355.3693369178262,345.76368589230293,348.44019450850004,11456000
2021-07-14,344.6038513183594,352.10796098033563,343.71169195773086,351.4735177226943,13894200
2021-07-15,341.4613952636719,346.18989077833317,337.25831503012074,346.18989077833317,14781600
2021-07-16,338.1901550292969,342.97809584923465,337.179045171872,341.9075107208976,11026100
2021-07-19,334.0168762207031,336.8321505073757,331.627851541269,334.63147430591647,14372300
2021-07-20,338.685791015625,340.4602172096877,331.5881164912914,335.85067210625715,11024300
2021-07-21,343.2160949707031,343.50354875291197,338.2794347465661,338.5272585082852,9279700
2021-07-22,348.13287353515625,348.479832815673,342.2049188839143,343.6621236605478,12385400
2021-07-23,366.5709228515625,372.0626744163268,354.080601970597,357.7682199401789,33694300
2021-07-26,369.2176818847656,371.1804566344037,365.0146012815734,366.3627477950808,14925200
2021-07-27,364.6081848144531,369.9016960963588,361.3765536706244,368.67250006703915,15705400
2021-07-28,370.0305480957031,374.2633663025684,363.7358196168697,371.2994043200226,29676900
2021-07-29,355.2008056640625,362.3381109905446,353.6345427376173,357.8574688091655,33413200
2021-07-30,353.1983642578125,357.58982369964633,349.86762788183586,350.91839806606083,15976200
2021-08-02,348.8862609863281,356.2713900270993,347.6867723455861,354.9827187252499,13180400
2021-08-03,348.1823425292969,350.6903169230555,344.67318105471554,349.6593922111572,12406100
2021-08-04,355.79559326171875,357.3420109483392,348.45009412431125,349.35217615015995,14180600
2021-08-05,359.810302734375,360.73219970957473,353.79313557019657,356.5093041046294,10247200
2021-08-06,360.3456115722656,361.9713194447513,358.25396364410295,358.25396364410295,8925000
2021-08-09,358.46209716796875,362.59580978398236,357.6095981631221,360.59340518391826,7798900
2021-08-10,357.986328125,360.9304751555723,355.91452543710386,358.6802163961875,7469900
2021-08-11,356.8264465332031,359.2055478614427,354.6951688902367,358.9478318000606,8400300
2021-08-12,359.4930725097656,359.8400317588148,354.00129055177996,355.32965227693023,7170700
2021-08-13,360.0184631347656,361.48559043105394,358.3332800092168,359.810299682887,7195700
2021-08-16,363.3690490722656,363.75566859668425,354.2689693273235,359.36420928344654,11222100
2021-08-17,355.3296203613281,361.49547500530264,351.9790392177138,359.82018443349546,12328700
2021-08-18,352.3557434082031,356.72732678810877,352.05833682157106,353.14876713538985,10042400
2021-08-19,352.02862548828125,354.45730999360205,347.9444955095023,348.29145476053645,12004500
2021-08-20,356.2416687011719,356.8562667425622,350.23442360021545,351.51320258267305,8697700
2021-08-23,360.18701171875,362.50663817869156,355.97400834984796,356.31104498912975,10942000
2021-08-24,362.3282165527344,364.75687096002576,358.69015087883326,360.49431489699504,9235100
2021-08-25,365.18316650390625,367.63163602444916,362.21917398865673,362.4174450823312,9684500
2021-08-26,361.2080078125,366.2239571323963,360.9601841099284,365.17318705364596,7888700
2021-08-27,369.3862609863281,370.4865839162871,360.91067057838234,361.9218108404231,11219100
2021-08-30,377.3462829589844,378.1690443337999,367.2945391457995,369.3167890124131,13547300
2021-08-31,376.07745361328125,379.4280351230296,375.5024856460896,376.6424989511328,12345400
2021-09-01,378.7242126464844,380.984363857357,375.5124267815391,376.28563561020815,11567200
2021-09-02,372.0131530761719,378.42683236190425,370.80377207439494,378.1790086340969,14832900
2021-09-03,372.984619140625,373.8767784772449,369.862016084577,371.48775419959367,7509600
2021-09-07,378.85308837890625,379.6262972127844,369.9016963878122,372.6079424323459,10793800
2021-09-08,374.283203125,377.5544640235521,371.5274046568623,376.85065315181134,11067200
2021-09-09,374.70947265625,376.5235290146142,373.29192820798465,374.3526210127369,9098900
2021-09-10,375.3934631347656,380.4490731082647,374.9672135938655,378.04020354167477,11549600
2021-09-13,373.23248291015625,378.426858929052,371.0912821213487,378.3574610199331,13026300
2021-09-14,373.25225830078125,375.2943233243702,371.84460626658046,374.114680002249,8711600
2021-09-15,370.6650390625,374.2733371251888,364.46944532333697,373.7182143463136,17940300
2021-09-16,369.8124694824219,370.30811692774245,366.4916255483903,369.5448307526397,11934200
2021-09-17,361.5450744628906,368.17683971497365,358.4423166085418,368.17683971497365,26299000
2021-09-20,352.6036376953125,357.8872266459762,346.7549730917287,356.17227543400634,19822800
2021-09-21,354.36810302734375,356.90581548877753,352.0980292916366,355.37921290978545,11751900
2021-09-22,340.2223205566406,346.7946107075454,337.7242682523536,344.207345490811,43692900
2021-09-23,342.9483642578125,346.6260900015658,340.0141399174007,342.3535812862905,21806300
2021-09-24,349.887451171875,351.2653656500242,339.38964145891316,340.2520632105395,18801900
2021-09-27,350.50201416015625,352.0583543102863,344.0585977379562,346.7648435259705,15205800
2021-09-28,337.6846008300781,346.55670226470806,335.96968001839247,344.9408867412506,21710300
2021-09-29,336.6535949707031,342.2246968681128,335.92996916562356,340.162786850445,14452200
2021-09-30,336.43560791015625,339.81589707106764,335.2063815997219,337.4863781379668,16547100
2021-10-01,340.0240173339844,342.0164991835544,335.6920641746836,338.6361805009996,14905300
2021-10-04,323.3901062011719,333.0155700215492,319.89083684616867,332.60913553248565,42885000
2021-10-05,330.0615234375,332.26219920558924,323.3207305857964,325.7196471719252,35377900
2021-10-06,330.7356262207031,331.4691747245333,322.96384802328623,326.8695521281811,26443000
2021-10-07,326.3541259765625,335.890378594045,326.11622486820954,334.06639950885625,28307500
2021-10-08,327.1769104003906,330.4977547794494,325.8485786991518,328.6242229160633,15946100
2021-10-11,322.6169738769531,327.58334131762484,322.47817805429816,324.7779897434607,14708200
2021-10-12,320.9515686035156,321.55627427951157,314.6072867063975,320.2180199902008,31658700
2021-10-13,321.71484375,324.15342064578897,319.8512045646959,324.1236830099349,14761500
2021-10-14,325.67010498046875,327.6427721065974,324.25256056573227,325.5015715404052,14302200
2021-10-15,321.93292236328125,326.2054007094238,319.70250897020327,325.8187812003698,21596400
2021-10-18,332.42083740234375,332.96606776369435,324.64908879992856,326.0864785457651,21585000
2021-10-19,337.0303039550781,339.4788032818057,334.34390356078706,336.6932673587245,18786300
2021-10-20,337.8134765625,340.9856323597062,336.4950676495125,340.4602472700604,13639500
2021-10-21,338.9039001464844,339.33014968660194,334.8594000743426,337.3178222799958,16354400
2021-10-22,321.7841796875,326.7604987774042,318.3146480041585,323.5090531528066,35224500
2021-10-25,325.8287353515625,326.69115710668046,316.93681855417015,317.5117563069419,38409000
2021-10-26,313.0608215332031,327.3354612031208,306.9048890368602,325.4024544129807,65654000
2021-10-27,309.5020751953125,316.47087668883006,309.3434643911741,311.4549272341347,29971800
2021-10-28,314.1611633300781,322.6862744629049,305.42782825462723,310.2653517497801,50806800
2021-10-29,320.7532958984375,323.1621352287927,316.81785396180146,317.4027143186417,37059400
2021-11-01,327.1075134277344,330.5473080610597,323.16214869712104,323.20180896504496,31518900
2021-11-02,325.2239990234375,331.875609206315,320.9812583023062,328.4952901589308,28353000
2021-11-03,328.73321533203125,329.2586004276397,320.3865290771259,324.63916248704476,20786500
2021-11-04,332.9263916015625,334.33401339052415,329.7542358838118,331.1024126520275,22495300
2021-11-05,338.16046142578125,343.77119464377546,336.68344158594266,337.3475922815804,26872800
2021-11-08,335.6722717285156,341.78857452736924,335.39471036863415,341.4218002573743,18342500
2021-11-09,332.4505920410156,338.33888663242817,331.55843261090627,337.04029263097436,17556700
2021-11-10,324.78790283203125,330.2895778882843,322.6764396774072,329.5956592992424,21872600
2021-11-11,324.886962890625,329.56587577012334,324.15341438577855,326.94887310974923,12376600
2021-11-12,337.9224853515625,338.884012227192,326.9091848338951,327.30569668762257,25414300
2021-11-15,344.53448486328125,350.5714677319461,340.21245322079113,341.34251378022515,25076600
2021-11-16,339.9744873046875,343.6323678721777,337.9026846129846,340.83690901944357,18181100
2021-11-17,337.80352783203125,344.27668185234273,337.13937723798097,341.24332209715345,13602800
2021-11-18,335.7416687011719,339.4788395456353,332.3811645032816,336.7627012277553,17487200
2021-11-19,342.2940673828125,349.0348898794245,336.94108174709265,339.2210778386189,26488500
2021-11-22,338.04144287109375,350.7498189691129,337.5457954807086,346.01143112710747,27116800
2021-11-23,334.3141784667969,338.42804592460385,330.5968228871068,335.97954650603793,17225000
2021-11-24,338.0910339355469,338.80476746889843,329.91285106468973,333.0750841949081,13566200
2021-11-26,330.2200927734375,334.8097921741173,329.01071200317614,332.87675536649886,14750700
2021-11-29,335.08740234375,337.7044353109097,332.3910790981545,333.95734192750814,16650900
2021-11-30,321.6355285644531,332.8867315122885,320.61449604727216,332.08378507896754,25390000
2021-12-01,307.89617919921875,327.62294019861577,307.5888802231193,327.414776755562,30329600
2021-12-02,307.6880187988281,311.8613615896398,304.52578585047945,308.6892060123132,24396200
2021-12-03,304.1689147949219,311.0187659884353,296.89281406704816,310.9989509816925,27471000
2021-12-06,315.1029357910156,317.31353452456125,303.67330568804266,305.4477322028446,21758300
2021-12-07,319.9999084472656,323.6974493634686,318.2056670748786,318.7707124357527,18794000
2021-12-08,327.6824645996094,329.85340301556806,320.2576749155764,322.17086695735424,19937700
2021-12-09,326.94891357421875,333.20398240153276,325.14474947217417,326.6713521932828,16879200
2021-12-10,326.87945556640625,332.1134908245347,323.5288743506199,329.6649914939151,14528000
2021-12-13,331.57818603515625,338.1207377273347,326.72084759390367,328.06902424502766,22948700
2021-12-14,330.834716796875,332.77767638581724,324.79773509646463,325.194246965992,20461000
2021-12-15,338.685791015625,339.1318555324003,321.1597059007008,329.59560422727736,24681300
2021-12-16,331.98468017578125,341.46145769089816,330.8347743776726,336.0291806038767,22635000
2021-12-17,330.8843078613281,334.17538368642465,327.8707631250314,329.9029054140039,40012600
2021-12-20,322.6169738769531,327.0282185308509,319.7223791299833,326.90926796967403,17901800
2021-12-21,331.290771484375,333.0750902240933,320.9317275596732,323.56857565417766,16116800
2021-12-22,327.5733947753906,331.5980494399973,325.40245663710306,330.89420831620754,16764600
2021-12-23,332.3216552734375,333.7392298126932,325.50154228707476,327.22641579066516,13987700
2021-12-27,343.16644287109375,344.841733582663,335.06758091224634,335.90026495348917,17795000
2021-12-28,343.20611572265625,349.6396098349676,342.19500583233264,343.61255025505903,16637600
2021-12-29,339.9547119140625,346.64595320724465,338.66604050651506,343.8901542995369,10747000
2021-12-30,341.3623352050781,344.20737729608015,340.23227462440525,341.005483522315,10593300
2021-12-31,333.42205810546875,340.4503355784657,333.3427375694343,340.03397839408666,12870500
2022-01-03,335.5929870605469,338.1108543487535,334.2547328826255,335.3550557110125,14537900
2022-01-04,333.6004638671875,340.103355842502,328.9810261084693,336.9907056585959,15998000
2022-01-05,321.34808349609375,332.8371878445383,321.0209392355223,330.1210192265055,20564500
2022-01-06,329.56585693359375,336.21746674620033,319.91065537364796,320.00979090288706,27962800
2022-01-07,328.90167236328125,334.06630920719516,326.01700119657414,329.8433841639045,14722000
2022-01-10,325.2140808105469,325.48171950640443,312.6841004601609,322.47809757856305,24942400
2022-01-11,331.4593200683594,331.71706646122874,322.44845172018375,323.9353942908779,16226800
2022-01-12,330.3589172363281,333.4418295668102,327.15702411733304,332.2621863257024,14104900
2022-01-13,323.63800048828125,332.70834363177676,322.9242668826204,332.0640079361479,14797100
2022-01-14,329.0107421875,329.8335338228713,318.4137982227158,318.98876615498534,16868500
2022-01-18,315.3804016113281,321.3876450513981,314.8748618874619,320.47567087177566,22645600
2022-01-19,316.8078918457031,324.25252524740955,316.5501455249458,316.7979692173923,20814700
2022-01-20,313.8042297363281,324.9662170959959,313.2292921542872,321.080328784986,16925000
2022-01-21,300.5309143066406,315.53910466818434,300.4020411181144,312.0695722161433,28710700
2022-01-24,306.0226135253906,306.83548253324034,286.4941238429113,295.24724373871493,38878100
2022-01-25,297.537109375,303.5641983193583,294.98947463946723,297.33886857867225,25108500
2022-01-26,292.0652160644531,304.83309899106166,288.3181226187675,304.33745154982324,28348800
2022-01-27,292.07513427734375,299.08356599902004,291.69843738739166,295.15804679430795,21629900
2022-01-28,299.08355712890625,299.27190556829635,290.4791251947652,293.0465751951822,21871600
2022-01-31,310.5330505371094,311.0584356248489,296.7143971894849,298.0625437346582,21579500
2022-02-01,316.2231140136719,316.8773723625517,309.40299937896265,311.82176166806124,18023800
2022-02-02,320.1882629394531,325.1447375979586,314.11162016781816,324.96631177071333,58458300
2022-02-03,235.6902618408203,245.84112671168018,233.6977646059621,242.52028286095725,188119900
2022-02-04,235.02610778808594,240.49805995464288,228.1068735160375,232.92456740840566,89342200
2022-02-07,222.95213317871094,236.22557090302277,222.05995871878767,235.6307879297406,88613800
2022-02-08,218.2633056640625,223.8046556975706,214.26838839341522,218.92748656351395,94729700
2022-02-09,229.98040771484375,231.3384768338874,220.27563768264372,222.24830477510113,86563300
2022-02-10,226.0846405029297,232.9543070635339,224.72655617184256,226.28289646247256,49310400
2022-02-11,217.6387939453125,228.41416445140362,216.86558514893198,226.471234956997,46156900
2022-02-14,215.80490112304688,219.07617738521267,212.91032177090045,217.40088654976037,38184000
2022-02-15,219.076171875,219.22486005892043,213.18787777639622,218.55078679053494,42685500
2022-02-16,214.65499877929688,215.56700343123342,210.51139320740756,210.5609609793981,45817500
2022-02-17,205.90184020996094,215.60660920568276,205.35662506953668,212.15690769365995,38747500
2022-02-18,204.36537170410156,208.9154119206845,203.3938917567918,207.56725017584947,37128400
2022-02-22,200.32086181640625,205.673847868195,198.31844201699187,200.57859302783234,39852400
2022-02-23,196.7224578857422,205.13855651896256,196.32594600030123,202.38275807505894,44481400
2022-02-24,205.79281616210938,206.53628729690607,188.56410689144704,189.3967909321892,49957200
2022-02-25,208.64773559570312,209.48043476464565,201.4112801723448,203.15596878731102,37627600
2022-02-28,209.1929473876953,211.29448759324586,205.02951211449042,205.87210364692402,34239800
2022-03-01,201.71859741210938,209.9066875471143,200.45964869899032,208.0430483616429,27094900
2022-03-02,206.2983856201172,207.32932567756626,200.26140321055217,202.99737173398083,29452100
2022-03-03,201.203125,207.25993738193364,199.66661489556296,207.20046210869705,27263500
2022-03-04,198.3184814453125,204.09773329009735,197.0595325209042,200.6083705463484,32130900
2022-03-07,185.8380584716797,199.14123438340457,185.64971001813566,199.04209884176245,38560600
2022-03-08,188.63348388671875,194.98768728769406,184.489878816178,186.21473724141336,37508100
2022-03-09,196.77206420898438,197.36684727964817,192.23193113907226,194.03609536104702,31894700
2022-03-10,193.51068115234375,194.57135881377323,189.40672093356542,193.1438917592487,24853000
2022-03-11,185.97683715820312,191.87503879956054,185.04501753022495,190.96304930488995,34694500
2022-03-14,185.00537109375,190.61608870370827,184.20242464895531,185.40188300136523,31010500
2022-03-15,190.3583526611328,190.60617637861344,184.29163289751435,189.1390642063968,31721700
2022-03-16,201.85739135742188,201.95651177480704,192.82669394360815,193.00511977047762,40640300
2022-03-17,206.03074645996094,206.2290024321611,199.35933543297546,199.9441958450524,29499700
2022-03-18,214.60543823242188,214.91273723110518,204.2067492915965,204.9006526960362,52128000
2022-03-21,209.64894104003906,212.84091148088274,205.82254253724898,212.6327329191068,30142300
2022-03-22,214.76402282714844,217.5495740565906,208.3503439487697,209.52998723836356,31998800
2022-03-23,211.60182189941406,214.9127433273441,210.3131354683512,211.47294871851972,23717300
2022-03-24,217.6586151123047,218.74903035989297,212.92021186485715,213.12839043651937,31502300
2022-03-25,219.8890380859375,223.53699599289988,216.98453621485453,218.59042908411953,40039000
2022-03-28,221.64364624023438,222.08972596669338,217.6288984501806,220.19636400541526,26224100
2022-03-29,227.85903930664062,228.8800718121414,223.3288144925983,224.1020384066852,31417900
2022-03-30,225.86654663085938,229.1378076655561,224.73647106182824,226.9173167936126,25588000
2022-03-31,220.42434692382812,226.5009898417312,220.32521137788765,226.46132957297078,24192300
2022-04-01,222.89268493652344,225.30152450591893,220.76139162876885,222.595293413818,19544800
2022-04-04,231.85397338867188,232.3099757174328,223.89387621416836,224.01282676690582,28054800
2022-04-05,229.82180786132812,234.7981125352081,229.00895390219355,232.04231390079502,29727200
2022-04-06,221.3561553955078,226.99662582724713,219.4826086293868,224.9347306089512,28995100
2022-04-07,221.0092010498047,223.55683627381228,216.6574169233372,221.9806658434369,21037200
2022-04-08,220.39459228515625,223.17022097182485,218.11461103803705,220.44416005430307,18375700
2022-04-11,214.57569885253906,218.6895666015548,213.34648774183083,216.51862836918798,20516600
2022-04-12,212.27587890625,220.09719467995484,211.27467655152802,218.3227835510992,20128800
2022-04-13,213.11849975585938,214.72439268188097,209.49035672762682,209.97609668254103,19231800
2022-04-14,208.35035705566406,213.1184982815987,208.1719312322115,213.01936274015176,18379500
2022-04-18,208.93524169921875,211.5225221343132,206.4867419526521,208.17194034933556,16580800
2022-04-19,215.4182891845703,216.52853461621248,207.1806311048147,208.68740356630022,20089900
2022-04-20,198.67532348632812,212.29572095663042,197.18838112552498,211.7505057324773,43036500
2022-04-21,186.43283081054688,201.20311811315037,183.96450117399772,199.8450490008672,49954100
2022-04-22,182.50732421875,191.04237482821003,181.6746400436713,188.71282551297173,36426800
2022-04-25,185.3622283935547,185.55056170817895,180.07862505796282,181.139302675937,29281100
2022-04-26,179.3748016357422,185.56048699865713,177.93742711598594,185.00536429800306,31747400
2022-04-27,173.4270477294922,179.6325637703488,167.5288458276173,172.91157012244597,71062900
2022-04-28,203.9390869140625,206.7147155418311,191.22077206999722,201.1535507830585,100890600
2022-04-29,198.72486877441406,210.63031381765938,198.15982348077375,202.68014045202173,49193400
2022-05-02,209.29209899902344,210.03557018084996,199.240369225767,199.41879504894462,49915300
2022-05-03,210.18421936035156,213.02923038118348,206.27851572316553,208.617971879523,41556300
2022-05-04,221.46519470214844,222.34744654800306,205.15839680914934,208.81626224243902,41375900
2022-05-05,206.46690368652344,218.2533996208579,204.36536330702657,216.83585515286595,41129200
2022-05-06,201.9961700439453,207.55733514909008,199.27010901448142,205.53508504215011,34747200
2022-05-09,194.50196838378906,200.80660420921586,193.8774477905192,198.10035838901905,36303200
2022-05-10,195.92942810058594,201.19321664925386,192.49955626673494,197.77323719295447,34452500
2022-05-11,187.09701538085938,198.9231569416904,186.63110554161176,194.62094046425895,31153400
2022-05-12,189.57525634765625,196.32597270309722,183.17148415767517,185.43163548920708,38262200
2022-05-13,196.8909912109375,198.14993998847334,189.61489016381347,190.90357657872764,24549800
2022-05-16,198.2986297607422,203.58223351596016,194.22440702177838,195.33466762129902,27112600
2022-05-17,200.85617065429688,203.67145970606575,196.63325976558357,200.36052319724772,24872700
2022-05-18,190.56654357910156,199.25028175657994,189.96185306425463,198.25898682246762,23960000
2022-05-19,189.62478637695312,193.58996580154144,187.9495107758702,189.53557347013006,24446900
2022-05-20,191.855224609375,196.18719397649576,186.23458386341042,193.2727843024487,31465600
2022-05-23,194.5218048095703,195.27519865608267,189.57525266409456,193.4908647116595,25059200
2022-05-24,179.7019500732422,182.08105193923015,174.57695691850554,178.97830898394798,50406300
2022-05-25,182.229736328125,183.8356291645361,177.75900194507628,178.82958708537754,28030200
2022-05-26,189.9618377685547,191.15138856851496,180.67339469817318,181.28800779348728,23056500
2022-05-27,193.43138122558594,193.62963718300583,188.1477775238642,189.69419516808324,22562700
2022-05-31,191.954345703125,195.87988020083372,190.33853016005855,193.19346434021034,26131100
2022-06-01,186.99786376953125,197.79306430443702,183.38955104588305,194.79934956020318,36623500
2022-06-02,197.12890625,199.19080147626636,186.0957890702157,186.80952261492175,31951600
2022-06-03,189.11923217773438,194.89848302655813,188.12793731775005,194.27396242446108,19465000
2022-06-06,192.55905151367188,195.20580731781783,186.7599697806363,192.30132026201116,30574200
2022-06-07,193.94683837890625,194.81918271881858,189.8230631492287,190.2592201932253,18828700
2022-06-08,194.92822265625,200.27130140118285,192.7176393311409,192.97537055202793,22267200
2022-06-09,182.3982696533203,197.71377350934452,182.08104801085352,192.58878046517898,23501600
2022-06-10,174.04165649414062,181.50610603720847,173.4964412625436,181.44661563615782,27450800
2022-06-13,162.83006286621094,171.07764207572745,162.60206931923327,169.10496016660608,31749300
2022-06-14,162.30471801757812,165.2984330034951,159.9553538250922,164.58469942902533,27244300
2022-06-15,167.8757781982422,170.6613141290513,162.55251490737075,165.74448533100573,30008300
2022-06-16,159.46961975097656,163.64297830252244,158.22059351244727,162.29481651488845,26944100
2022-06-17,162.31463623046875,164.45582176964723,158.5080522282356,160.2725559821109,31374200
2022-06-21,155.68287658691406,166.29963714436744,154.61227621435427,164.48556555136005,50724900
2022-06-22,154.49331665039062,159.39030076437285,154.08688211001586,157.00129154437553,47267800
2022-06-23,157.36805725097656,158.3593520998016,152.90723043126386,154.90965026115896,40499200
2022-06-24,168.67874145507812,168.76795436460003,159.8958681588776,160.32211769945533,68736000
2022-06-27,168.0145721435547,170.25489309350084,166.54744485240766,169.8286435619368,29174600
2022-06-28,159.28125,169.8088116430463,159.21186722566654,168.42098977082756,27744500
2022-06-29,162.51287841796875,164.88207247948387,158.92439593906067,162.1461041676376,28595200
2022-06-30,159.84629821777344,163.79164757572488,157.11032981455412,160.7384575527912,35250600
2022-07-01,158.63693237304688,159.2217927733983,153.6507198986701,158.9144937537547,31423900
2022-07-05,166.7258758544922,166.78535112270356,155.65311468571062,156.76336002821185,28618600
2022-07-06,168.29214477539062,170.09629368542892,164.0196660402876,166.7358044722956,23085900
2022-07-07,170.69105529785156,171.2164403356707,166.31944156720544,167.97490208036592,24083400
2022-07-08,169.39248657226562,170.89924401158672,166.6862404572748,168.5003120381291,19249200
2022-07-11,161.4621124267578,166.0319823587457,160.50055519777845,165.61564033062461,21885600
2022-07-12,161.84872436523438,164.46574232541377,160.68891113440077,163.3654043690906,16639700
2022-07-13,162.06680297851562,163.54382264724677,158.2205740607195,158.7657892618441,16555100
2022-07-14,156.67416381835938,161.17463606202577,155.91086250108654,159.81656687331278,23765200
2022-07-15,163.26626586914062,163.54382722913314,158.42875707644262,159.14247548359506,23342800
2022-07-18,165.7742462158203,170.19542824056563,164.1980909139379,165.29842888667773,23574300
2022-07-19,174.2498016357422,174.95362761088478,168.0343789009671,168.88689304820255,25933700
2022-07-20,181.49615478515625,182.00172479561706,175.16178184563003,175.94491318004836,24784300
2022-07-21,181.5754852294922,182.24957362777684,177.31291412933265,179.05760283598016,27195800
2022-07-22,167.79649353027344,174.0713921211751,166.94397930324826,171.5634172107559,42583900
2022-07-25,165.19927978515625,169.08516888643103,163.37530090151066,167.52882872010937,26166300
2022-07-26,157.7645721435547,164.55494803766118,156.57502132751043,164.49547276575285,28468400
2022-07-27,168.103759765625,169.38252329392938,160.60957413231748,161.1746042549776,43846600
2022-07-28,159.3209228515625,160.1040391932578,153.50202643480458,159.6579594985726,73214300
2022-07-29,157.7150421142578,158.74598226905744,153.81924486012792,156.31731252016746,42065400
2022-08-01,158.5377960205078,163.75201720151597,153.8787127240558,155.88113278266974,40596700
2022-08-02,158.7955322265625,160.8276897938803,156.63450148211984,156.9318929768912,27374500
2022-08-03,167.33056640625,168.0641148826389,160.1635091886448,161.27375453190913,31721900
2022-08-04,169.08518981933594,170.65142255669952,165.348003557644,166.83494600847538,23938200
2022-08-05,165.65528869628906,170.1161156749895,164.3566948181987,165.53633815049744,25832700
2022-08-08,168.76797485351562,175.9647711552269,165.67513927360025,166.5375610889317,27299100
2022-08-09,167.0629119873047,168.05420679058827,165.14972027742735,167.47925398956878,18655100
2022-08-10,176.78753662109375,178.90890719547573,172.4357524234894,174.4580025790822,30262100
2022-08-11,175.9449462890625,181.50611156891782,174.83468565834784,178.14562229024335,24079100
2022-08-12,178.9287109375,179.88036059846178,177.35255583980407,179.23600990455236,21274000
2022-08-15,179.31532287597656,179.86053806278343,176.64873733810558,177.4021310965874,15878700
2022-08-16,177.90768432617188,179.41445670283701,175.49883002409837,177.87794669135258,21156700
2022-08-17,173.3279266357422,176.5892803390604,172.65383820977354,175.22128847897727,20118100
2022-08-18,173.13958740234375,174.23000282092323,170.3639583920266,172.82236574358237,18844500
2022-08-19,166.49789428710938,170.81994055822395,165.59581231831734,168.71838513218586,26240800
2022-08-22,161.63064575195312,164.04940786700593,160.84751426544375,164.04940786700593,19499700
2022-08-23,159.70753479003906,163.61323943034614,159.30110021811734,161.0656040719676,18111800
2022-08-24,161.8387908935547,164.0196516525699,158.37918156631125,159.20195810249263,20891500
2022-08-25,167.31072998046875,167.40986550779851,162.5921723231533,163.74206276000646,15550500
2022-08-26,160.37168884277344,169.43212368762408,160.26264579796614,167.01336169441478,24023600
2022-08-29,157.78440856933594,161.6306376497114,157.62579775394812,159.2614434264603,20052700
2022-08-30,155.7919158935547,160.25274310903546,154.5527972225878,158.95414916201582,19567900
2022-08-31,161.5116729736328,166.3789346284713,160.72855664749912,165.61564843587365,40953000
2022-09-01,163.9205322265625,165.90312211071253,158.95415001211242,162.1560284397458,30145700
2022-09-02,158.92442321777344,166.46816372077225,157.8339926567037,165.99234635137884,22634200
2022-09-06,157.15985107421875,160.28243837515123,156.31725967628307,158.70628347258065,19339800
2022-09-07,158.99378967285156,159.55883503081463,155.44495208745863,156.38667922477052,16831200
2022-09-08,160.64923095703125,160.81774925591185,156.36684533746566,157.32840249210523,22530800
2022-09-09,167.67752075195312,168.06412514515839,161.60089350110928,161.82888708531772,22086800
2022-09-12,167.48916625976562,169.8980052223089,165.82378322774733,165.93282625440304,23220400
2022-09-13,151.79698181152344,160.2229878472796,151.34097953534305,160.13375981705477,44444100
2022-09-14,150.1514434814453,152.20341611044483,147.75251157835422,151.995252646758,43064200
2022-09-15,148.24815368652344,152.85766887034347,147.4055469804249,148.49597740879247,34606300
2022-09-16,145.0165252685547,147.28659907579265,143.03393545484252,146.7612139852357,40122800
2022-09-19,146.73147583007812,147.28659855580412,143.83689652739272,143.9756772088242,22169500
2022-09-20,144.81826782226562,147.54432878807003,143.9558461024819,144.51096882445577,23217400
2022-09-21,140.88282775878906,148.29772457574842,140.76387720990476,145.11566125945427,38338600
2022-09-22,141.57672119140625,143.32139447816127,139.64368435905283,140.3177726437709,34418500
2022-09-23,139.18771362304688,141.37846677265173,137.68094121464907,140.188915976952,31710700
2022-09-26,135.182861328125,141.00177184409586,135.0044355321183,138.9002166711742,30497000
2022-09-27,133.23004150390625,138.20634662252763,132.9524801149117,136.71940412750206,30826500
2022-09-28,140.3772430419922,140.79358500078826,133.10114357577916,133.44808764513087,32658500
2022-09-29,135.22254943847656,138.6226838987271,134.02307587866284,138.14686655208894,38985400
2022-09-30,134.4988555908203,139.76264307360117,134.32042980799207,134.86564490989477,33166400
2022-10-03,137.4033660888672,138.4045683423802,134.91522170833778,135.9461615943145,27723100
2022-10-04,139.05882263183594,141.1504551039004,138.12700317139624,139.26700117923596,34670700
2022-10-05,137.77017211914062,138.98947583553354,133.60673622730505,137.03662351437458,27979300
2022-10-06,137.85940551757812,140.2186773765416,135.41090561119663,136.5211511918853,36231100
2022-10-07,132.28831481933594,137.0861789925336,131.2871123139666,135.56949885152673,33214800
2022-10-10,132.62535095214844,134.92516260493787,130.72206637361302,132.3874498335573,24024000
2022-10-11,127.42102813720703,131.50517303734162,125.88452572051676,130.4742179650908,38481400
2022-10-12,126.39009094238281,128.54119891036558,125.150972403732,127.20295996419793,34605200
2022-10-13,129.15579223632812,129.99839886279543,121.46335006942364,122.4546448648166,34325700
2022-10-14,125.65653228759766,130.642736410999,125.4186160877497,129.85962016618188,23559400
2022-10-17,132.8731689453125,133.61664016062548,129.04676981879663,129.16573549889992,29612200
2022-10-18,131.6439666748047,136.6400863506628,130.25614472942863,135.89661517041276,25445000
2022-10-19,132.0701904296875,135.8073757344359,131.06898821450804,131.73315385736456,30691000
2022-10-20,130.385009765625,135.57940019928222,130.1669236896268,131.7728164983782,26356300
2022-10-21,128.8782196044922,128.98726262746356,124.34801065222379,125.21043220829755,46348600
2022-10-24,128.5907440185547,132.31800648070262,123.48557502628236,126.14224500754587,63563400
2022-10-25,136.31295776367188,137.1456569846256,129.45319879479754,129.74068278951964,38433200
2022-10-26,128.68992614746094,134.37004234989396,127.411147107178,130.53372035500666,82791500
2022-10-27,97.08741760253906,101.60771958540467,95.54099253236453,97.12707030310553,232316600
2022-10-28,98.3364486694336,99.97208672735346,96.66116547189773,98.71314556260309,95928300
2022-10-31,92.34904479980469,98.45541799892014,91.79391446317196,97.36499502368316,121361400
2022-11-01,94.37126922607422,96.64133540102044,92.73563873008625,93.50884752374887,110189600
2022-11-02,89.7518310546875,94.37126083616003,89.69235578753322,93.38988111321918,71821100
2022-11-03,88.13603210449219,89.67253464279368,87.64038466059239,89.29584530810257,60664000
2022-11-04,89.9996566772461,90.59443205045059,87.32315615335703,89.56348454083917,55638100
2022-11-07,95.87804412841797,96.0366473799833,92.28955386062118,93.95492959844655,81987300
2022-11-08,95.63021087646484,96.94863477985906,93.96483530454036,95.08499570950359,52088300
2022-11-09,100.58668518066406,103.98682666795818,99.86303664453173,100.83450888217827,107677300
2022-11-10,110.89617156982422,111.76850842510328,103.69936793408547,106.18752043883316,80671000
2022-11-11,112.0361557006836,113.89979510985843,107.86280472795862,108.27915436886865,59961700
2022-11-14,113.22570037841797,115.25785030828123,109.83547376457382,110.02381464557875,53395000
2022-11-15,116.0608139038086,117.70635957873935,113.41405821741367,115.05960389234444,50670500
2022-11-16,112.24430847167969,115.0694970117229,111.67927076367104,113.50324948321516,33287800
2022-11-17,110.47980499267578,111.35214927717924,108.84417458519039,109.44886503222872,35093800
2022-11-18,111.07460021972656,113.32483638895054,109.65704816363142,112.80936635172509,33357700
2022-11-21,108.90364074707031,111.39179266223302,108.23947508635084,110.5491860828065,24351100
2022-11-22,110.46990203857422,110.64833541657183,107.37705934094218,108.90365433870404,29029000
2022-11-23,111.26293182373047,111.68918891166292,109.76608204588022,110.74746182954631,21343100
2022-11-25,110.44017791748047,111.74868699526077,110.05356591535897,110.33113486408374,12007600
2022-11-28,107.83305358886719,111.06467694794803,107.4365341325355,109.81564330754605,23309400
2022-11-29,108.50714111328125,109.97426092364222,107.59515160134391,108.5864465220532,23899200
2022-11-30,117.07191467285156,117.13139750383256,108.42782278422197,108.55669594886484,43348600
2022-12-01,119.39156341552734,120.14494211462276,117.36932085710157,118.16235226083045,36551400
2022-12-02,122.41500091552734,122.96021611715648,116.58618982465244,116.80427590530408,39950500
2022-12-05,121.3642349243164,123.58473338295278,120.29363461707071,120.69015408971502,35474900
2022-12-06,113.12657928466797,119.50060593921687,112.74988237378976,118.86617779381996,43689200
2022-12-07,112.93821716308594,114.87123900297024,111.89735459516106,112.76969886175841,29461100
2022-12-08,114.32603454589844,116.3185317086247,113.59247092643747,115.3768046454245,30619400
2022-12-09,114.89107513427734,116.5167980904086,112.8787477899795,114.29629973425023,26033400
2022-12-12,113.71142578125,114.71263564847612,112.15509324529451,114.17733554806748,24747100
2022-12-13,119.10408020019531,122.22666055478824,117.6072228281434,121.06683980846766,44701100
2022-12-14,120.53153228759766,123.05933707765865,118.35068673133345,118.35068673133345,36922000
2022-12-15,115.13890075683594,117.59730780116884,113.01753033834721,117.29992387771452,34531000
2022-12-16,118.39034271240234,122.23656395816606,117.78565225665622,119.1833816073748,67064000
2022-12-19,113.48343658447266,116.77453514998675,113.33474084591141,115.81297794533405,29769900
2022-12-20,116.07070922851562,116.30862543554926,111.48101684028215,112.2740557377687,28742500
2022-12-21,118.71747589111328,119.29242116853779,114.61351572943319,115.68410844245172,20392800
2022-12-22,116.1004638671875,117.587406248649,113.38431033837217,116.1797617130006,23618100
2022-12-23,117.012451171875,117.15123185315484,114.53421391619223,115.01994630067168,17796600
2022-12-27,115.86254119873047,117.56756957808179,115.03977220793341,116.9034038330725,21392300
2022-12-28,114.61351776123047,117.12149261971926,114.50447471842836,115.23803081847723,19612500
2022-12-29,119.21312713623047,119.97642088372568,114.76220757701917,115.38672820613152,22366200
2022-12-30,119.29242706298828,119.37173247171707,116.71506178314314,117.13141139747924,19583800
2023-01-03,123.65411376953125,125.26992916696545,121.21552941909272,121.75082952962498,35528500
2023-01-04,126.26122283935547,127.92659842487713,124.75445049089438,126.27113034212354,32397100
2023-01-05,125.8349609375,127.40120849436228,123.45585196908546,125.0320070283355,25447100
2023-01-06,128.88816833496094,129.1954673366725,124.94281126846515,127.84730565506447,27584500
2023-01-09,128.34292602539062,131.79262734629245,128.15457761222828,130.0182164886261,26649100
2023-01-10,131.83230590820312,132.27838555996667,126.04314012341165,126.16209066362623,28684400
2023-01-11,131.73318481445312,132.6848346183648,129.20537967608695,129.81999282847258,25423000
2023-01-12,135.51991271972656,136.4814547169637,130.61299157779078,132.27837463301904,30757700
2023-01-13,135.78758239746094,136.1940169703067,133.66621174104483,133.7950849290108,22423800
2023-01-17,134.18167114257812,135.55957037535876,133.08133325697926,134.99452505190794,21147600
2023-01-18,131.86204528808594,136.05521827168238,131.6439592108342,134.6277512663834,20215500
2023-01-19,134.9647979736328,136.25348440118418,130.98971077016242,131.3366700442586,28625200
2023-01-20,138.15673828125,138.72178352390978,133.43818092786725,134.70703694097787,28688600
2023-01-23,142.02281188964844,142.5085366667069,137.4529422032484,138.07744764888903,27470100
2023-01-24,141.8939666748047,143.73777599257548,140.12946277269688,140.4565919400712,21970200
2023-01-25,140.26821899414062,141.9236795516066,139.088575721669,139.9906576507307,26622000
2023-01-26,146.0177459716797,146.22590943609623,142.05256625826522,143.14298160387807,25482100
2023-01-27,150.41908264160156,151.85645711696716,146.10694408954603,146.94955074370452,35771900
2023-01-30,145.77980041503906,149.80445459430712,145.6707573898194,148.1093490783874,28040100
2023-01-31,147.67320251464844,148.5752845041938,146.23582793433843,146.66207748102659,29842100
2023-02-01,151.7870635986328,152.24306588807985,145.77981918793483,146.7413764088904,55661000
2023-02-02,187.12673950195312,195.4437029742972,178.591689945036,181.78366068183163,150475700
2023-02-03,184.90623474121094,195.05709986672147,181.29792194431568,181.87287479600266,76809700
2023-02-06,184.4403076171875,189.03991487291054,183.90501508191707,184.90621738212576,42483800
2023-02-07,189.95193481445312,192.0931355517408,182.7947840150465,183.96451992977168,47080700
2023-02-08,181.8332061767578,189.16879710609436,181.32765125110058,188.34602056954392,36139100
2023-02-09,176.37118530273438,185.02518547134846,175.72684967356224,184.50972301839462,37118800
2023-02-10,172.6339874267578,177.33273033452983,171.84096366888724,174.8148481387777,33433600
2023-02-13,177.8680419921875,179.42438229242248,174.2894818165588,176.66858359767645,31463200
2023-02-14,177.9176025390625,179.92992995474845,174.34895001230046,175.61780626083268,24034600
2023-02-15,175.61778259277344,176.63881498131627,173.80371137428614,174.88421902803222,25308900
2023-02-16,170.93887329101562,174.31919210142203,170.29452261218145,171.2461722508784,25827500
2023-02-17,171.37506103515625,171.67243739377372,168.22273550017792,168.73821306504692,24171300
2023-02-21,170.58201599121094,176.6189978696537,170.3837600506006,172.79259922463552,34592600
2023-02-22,169.63035583496094,171.25607864920406,168.21281157738866,169.5808031973344,22433200
2023-02-23,170.54234313964844,172.1779885623624,167.9055105848363,170.50269800483608,20017800
2023-02-24,168.90673828125,169.2338674150604,166.20050742549483,167.17197219726032,19791300
2023-02-27,168.06411743164062,171.61295470878045,167.5883001524476,170.3837588103686,19277000
2023-02-28,173.41709899902344,176.00437879733283,170.37381697866283,170.40355460988826,46051100
2023-03-01,171.91036987304688,176.3018144043206,171.54359557874108,173.070183159276,30998400
2023-03-02,173.0106964111328,173.48651372435538,169.93767619340952,170.8794184422329,17352000
2023-03-03,183.63739013671875,184.9954593827126,175.50877454317353,177.36249126591966,45877700
2023-03-06,183.2904052734375,188.00897827423148,183.03267406683992,186.36342525082924,33209400
2023-03-07,182.90382385253906,188.70290529933874,182.40817638275996,187.35474357650114,36701500
2023-03-08,183.35983276367188,183.6473016510427,179.76142716356793,181.27810726547136,19432400
2023-03-09,180.1083526611328,187.28531725397823,178.73045350925022,184.72779000880985,26582800
2023-03-10,177.94737243652344,183.16159418141785,177.2435614078917,179.43431504040515,25665000
2023-03-13,179.32522583007812,182.1801597351484,173.29816667086516,176.41083178227044,24728000
2023-03-14,192.33106994628906,192.6284614866516,184.93600221363553,185.9471274004833,41642600
2023-03-15,196.02854919433594,196.05828682863768,189.17869840894608,191.27033106859906,42123600
2023-03-16,203.14605712890625,203.9688337131776,194.38301382017207,196.53412194369412,50447100
2023-03-17,193.9071807861328,200.14241856268836,193.72873985262865,198.81408713109815,50141100
2023-03-20,196.08804321289062,197.62455334455456,191.95434526414255,196.75220898573428,25186300
2023-03-21,200.40017700195312,201.77807628307767,196.22681889275694,201.4311170239478,31827000
2023-03-22,198.07061767578125,205.56480417472733,197.93183700453997,200.73720319016448,28477800
2023-03-23,202.50172424316406,206.07039199137296,200.39026123164382,201.07425714388052,27389700
2023-03-24,204.2166290283203,205.7729690693424,201.77805237772068,203.39385255851317,27716400
2023-03-27,201.07424926757812,204.06796403208844,199.6071370845429,203.02710138580258,18527200
2023-03-28,198.93307495117188,199.28003425436725,196.177276038923,198.40768980699244,19127300
2023-03-29,203.56239318847656,203.9291674240944,200.7768420952451,201.78796702630524,18851100
2023-03-30,206.03074645996094,206.27857020670143,201.05445651610344,201.60957928864843,22608300
2023-03-31,210.0950164794922,210.3230100418726,204.97002432137518,205.4359340744729,25440300
2023-04-03,211.2152099609375,211.63155200058463,206.387593549827,207.02202167585494,17924600
2023-04-04,212.85086059570312,214.35763320963352,210.68982966080756,211.53243644925917,21026400
2023-04-05,209.63902282714844,213.31673323896115,208.11243547048335,212.2857781628593,19396600
2023-04-06,214.2188262939453,215.0515103499927,206.8336674517872,207.4284504209406,26104400
2023-04-10,212.8805694580078,213.78265140351988,208.82617714372924,212.84092431935147,16106100
2023-04-11,211.98841857910156,214.1395266783531,211.5522464067262,213.60421896645255,16710100
2023-04-12,212.13714599609375,214.95242037814737,210.72950880506693,212.96983022865118,18972200
2023-04-13,218.4318084716797,219.2248321863754,213.81237121638407,213.85201635173573,23310400
2023-04-14,219.5618896484375,220.17648758119475,215.6561857349428,215.983314832495,21591200
2023-04-17,216.95480346679688,219.0563438246389,215.23986751678353,217.87670046778837,15481900
2023-04-18,215.9932403564453,218.52104532046772,214.32787222191163,217.99566024521894,12281000
2023-04-19,213.82229614257812,215.4381115885571,211.07640517251718,211.61171286211123,15898100
2023-04-20,211.2152099609375,214.8631679041083,210.91781846805821,211.62162937104753,16475400
2023-04-21,211.03675842285156,211.55223597623976,207.7555749142046,208.3800955053103,17717200
2023-04-24,210.9376220703125,212.05779007834377,208.8757421166724,211.81987387171196,15750900
2023-04-25,205.74322509765625,209.4209200908101,205.32688312442886,208.98476311358897,19198200
2023-04-26,207.5771484375,212.24615412653236,207.06168597416203,210.65016871382687,41992700
2023-04-27,236.48330688476562,239.58606473531918,234.7088956844878,237.80173090551267,71196500
2023-04-28,238.22799682617188,238.3370247438833,233.69777188796778,236.92938780573903,39554000
2023-05-01,241.0630645751953,241.87593357965255,234.40157736953907,236.54276266287647,29143900
2023-05-02,237.15737915039062,242.78792649051843,236.90955544437884,241.06306805133124,24350100
2023-05-03,234.9666290283203,239.6455421682171,230.72388806474677,237.38539100541473,34463900
2023-05-04,231.48719787597656,236.126450919723,230.9023223675368,234.00508036001702,17889400
2023-05-05,230.75363159179688,232.63708590022182,227.84914471998914,230.21833898734732,27000500
2023-05-08,231.23936462402344,233.56889855403585,228.26547993603842,229.40546301604877,16400500
2023-05-09,231.33847045898438,233.82663017174102,229.06841194563827,229.44510882268386,16865600
2023-05-10,231.05101013183594,234.6890604898904,228.71155363342422,234.1141076501327,19119000
2023-05-11,233.73741149902344,236.13635840303854,230.2778020721307,231.02127322703902,20449000
2023-05-12,231.77467346191406,234.8972616787955,229.43521673831066,234.67917557631003,16161400
2023-05-15,236.7806854248047,238.16849214653735,233.28141585947415,234.85757102043314,20653200
2023-05-16,236.74105834960938,237.55391231265511,233.46978211198044,233.73742084776137,18163800
2023-05-17,240.3791046142578,241.71734364737938,236.06696576918233,236.37426476658152,21193100
2023-05-18,244.70115661621094,244.93905771597244,239.09042374878152,239.19946679482555,22943300
2023-05-19,243.5016632080078,246.52511548669978,241.29107995629087,245.315734575223,21733600
2023-05-22,246.15834045410156,251.36263833291363,242.9861848843443,243.27366885675846,27738500
2023-05-23,244.59207153320312,249.41967211499235,244.50284351016774,244.66145430005568,17748100
2023-05-24,247.0406036376953,247.41728540634753,242.81767776935007,243.14480689478242,17724300
2023-05-25,250.4903106689453,253.39479746511117,247.00094838612523,251.19412157731733,22371400
2023-05-26,259.75897216796875,260.0266109498383,250.51018722318975,250.72825822568853,25727200
2023-05-30,260.2347106933594,266.31135290723864,259.0154374005094,262.940956499197,23816500
2023-05-31,262.41558837890625,262.6931497421419,256.2001802172078,257.7366752187053,25473700
2023-06-01,270.2369384765625,271.6148531650025,263.5754645502763,263.58535692981263,25609500
2023-06-02,270.2369384765625,272.95310757952166,268.7599184812083,270.2865213819448,19416900
2023-06-05,269.02752685546875,273.1711321141078,267.2134403187121,267.9469888352594,20742900
2023-06-06,268.7598876953125,274.16245738799296,267.3423431472537,267.7884379849693,19419000
2023-06-07,261.3053283691406,271.8626124655505,260.5122743384185,269.30508506477685,26163600
2023-06-08,262.2767639160156,265.32004620136956,256.6264017277857,258.35124499287787,20899400
2023-06-09,262.6435546875,265.6174389213562,259.4218467674891,260.1950554582151,16949800
2023-06-12,268.69049072265625,269.3844093055368,263.0202822587517,264.8442916334225,15442500
2023-06-13,268.9581604003906,273.3198522484866,266.74756171115075,272.48716809809827,16164000
2023-06-14,270.9704284667969,272.5961361408235,265.9842170382982,269.5231465889594,19175100
2023-06-15,279.3765563964844,281.5177564592008,269.05720576715277,269.92951964285646,25973500
2023-06-16,278.5538635253906,285.3442395585109,277.6914418131458,282.2712193553558,43127700
2023-06-20,281.8548583984375,282.3207681995998,273.81547148594564,276.3036313019316,20701600
2023-06-21,279.18829345703125,281.52773476017416,275.93681733767835,281.06182497496616,20556200
2023-06-22,282.4000549316406,282.7767517792298,275.37177874177934,276.6505271956497,17563100
2023-06-23,286.2165832519531,287.1484028647073,276.5217204794401,279.05943296679476,51092000
2023-06-26,276.0458984375,287.26736422711815,275.183476694736,286.18685639120184,24232700
2023-06-27,284.55120849609375,286.83120507390686,278.2069267505543,279.55510363818735,26108300
2023-06-28,282.8065185546875,287.02941407913994,281.5872149884615,282.3406087612761,16722100
2023-06-29,279.07928466796875,284.0754200195691,278.2466004846892,282.0234320758143,15395700
2023-06-30,284.4818115234375,286.53376890451335,281.9440990867374,282.2811357109331,19694900
2023-07-03,283.53009033203125,286.8806711535022,282.3702925103913,284.2041936983937,8629300
2023-07-05,291.8074951171875,295.52485125008354,283.8672127367066,285.14599171696096,33865500
2023-07-06,289.4481506347656,295.52479242405417,288.7740774506401,293.31422444494905,47600500
2023-07-07,288.0009460449219,293.6216022185909,286.1472291650395,289.63657680646963,25586000
2023-07-10,291.53985595703125,295.53477346549835,284.5512082858447,292.97721550858023,37058300
2023-07-11,295.69342041015625,297.56695239636275,289.35903027391095,291.34162045085026,27585900
2023-07-12,306.6471862792969,306.7562444583795,297.4876303209256,299.12326099178875,36677100
2023-07-13,310.6817321777344,313.4870833791565,307.58889699038366,310.88989563213556,30281000
2023-07-14,306.1812438964844,312.13893578938223,304.68437895121997,309.0758382489042,23054100
2023-07-17,307.9160461425781,308.9965540556201,302.05748909882334,304.8628708724334,25323100
2023-07-18,309.33355712890625,311.4648653357093,304.9421280436291,308.17375905316084,20731900
2023-07-19,313.2591247558594,315.9058653137581,307.81689494508896,310.3050549337283,21763700
2023-07-20,299.8865051269531,312.7931833489161,299.5891287747079,310.7709333978952,23836900
2023-07-21,291.6983947753906,302.8008775182186,288.66503534415375,301.91864094603187,42139300
2023-07-24,289.07147216796875,294.9300282701008,285.79028868592326,293.2051849386824,24915700
2023-07-25,291.9065856933594,295.7032315280009,289.3192904924628,292.6203191709946,19585600
2023-07-26,295.970947265625,299.1430730271776,289.3589964867336,298.56813525384524,47256900
2023-07-27,308.9965515136719,322.5178296391777,307.14283473077046,322.2898209017809,64229200
2023-07-28,322.64666748046875,323.3604010020382,311.51441512024616,314.12152548725567,39220300
2023-07-31,315.8265686035156,322.8251083416329,314.8253510504006,320.87225613271846,25799600
2023-08-01,319.9007568359375,321.31833148178566,311.92084528786495,314.7757793342165,22817900
2023-08-02,311.5738220214844,315.61832117349945,307.94567993731965,315.23170173535897,20461100
2023-08-03,310.4636535644531,313.1996371815222,307.23202249512775,307.23202249512775,15180200
2023-08-04,308.02508544921875,315.63822327487594,307.49970034475876,312.2182436549531,17612800
2023-08-07,313.8042297363281,314.3097996848189,307.75732636425465,310.50323188631165,16236500
2023-08-08,309.91845703125,315.1227553397813,307.4104518521526,311.66311551194724,15183500
2023-08-09,302.5531005859375,310.89981675139177,300.21365919986573,310.1563455945085,19955800
2023-08-10,303.0784912109375,309.6210435617212,301.22477459946464,305.2593520785052,14358900
2023-08-11,299.0142517089844,302.0674271348413,297.74536501032554,299.93614883979996,14046300
2023-08-14,303.5245666503906,303.5443816563155,295.65368327400716,298.35992905267074,15641900
2023-08-15,299.3215026855469,304.5555384693023,297.4182031951271,303.4750306746695,11623600
2023-08-16,291.7281799316406,298.4590504137435,291.7182573021849,297.5867363272898,18547700
2023-08-17,282.6082458496094,293.47282896172703,282.4694803012663,290.49894440443103,23950100
2023-08-18,280.7842712402344,283.20303313726754,271.9914906051631,276.60100568899685,35347900
2023-08-21,287.3763732910156,287.97115625621416,279.396461784683,280.9825396079064,20181500
2023-08-22,285.0964050292969,290.35025563572106,284.2537983560618,290.0032963876927,12980200
2023-08-23,291.6785888671875,294.81108424364885,285.1658046520825,285.9885660720524,18287000
2023-08-24,284.2538146972656,296.8531644997961,284.144786778373,295.90152985922856,18360900
2023-08-25,283.0146789550781,285.8795355852113,273.6271155393811,283.6391995492964,23701400
2023-08-28,287.7332458496094,288.9128891125971,283.3120491446648,285.4929098624364,14239300
2023-08-29,295.39593505859375,296.5458406851911,285.67133525084813,286.0678471302465,20844500
2023-08-30,292.5311279296875,295.69336104721475,290.87565215344677,294.5831156113279,17717000
2023-08-31,293.31427001953125,298.478908110715,293.0862612959808,293.2250268545487,17229900
2023-09-01,293.7999572753906,299.1132828754372,291.906580579667,296.7639190428538,12842300
2023-09-05,297.537109375,298.76633542065633,292.9375175245404,294.4343520066862,14956000
2023-09-06,296.565673828125,300.6596958742699,293.0862194558126,299.0835407980036,15418100
2023-09-07,296.0700378417969,304.37706303978695,289.67617413817516,295.4058570001141,33748700
2023-09-08,295.296875,302.5927915043755,294.19652184534834,296.6152840075846,17548000
2023-09-11,304.8826599121094,306.34978726869906,298.65732909121135,298.78620226973936,19489300
2023-09-12,299.0340576171875,305.973122716666,297.616513007327,303.663388392477,13480400
2023-09-13,302.4043884277344,304.5059285575894,298.6969555666473,299.7278803744034,13210900
2023-09-14,309.0064392089844,310.1464222632418,302.37467408444013,304.06977984776057,19343100
2023-09-15,297.69580078125,309.2840418195797,296.1493829923059,308.89742224638235,28131100
2023-09-18,299.9162292480469,300.9571069378391,295.2075789541885,295.5941984466041,14234200
2023-09-19,302.414306640625,303.5047369520571,297.2000864026327,299.8468567834762,15924400
2023-09-20,297.0613708496094,305.3783197455341,296.82343949040535,302.3945122667024,19379500
2023-09-21,293.1556701660156,297.6462351362966,290.7170627767557,293.1259325272159,21319600
2023-09-22,296.4764709472656,302.7216470856656,295.6735244833445,296.6945570394368,25369600
2023-09-25,298.2112121582031,298.33019295011604,291.14330539019653,293.0664197919008,18987000
2023-09-26,296.3575134277344,297.6858449572033,293.4332116377571,295.0688421646148,19417200
2023-09-27,295.14813232421875,298.677139729877,284.2934713763144,297.8345632707552,36429800
2023-09-28,301.3139953613281,303.6633594810206,294.1172148146599,296.3377057544672,22167100
2023-09-29,297.59661865234375,307.93584693640213,296.75401197888146,304.704216042569,25373700
2023-10-02,304.1491394042969,304.5059910836601,299.0043159300185,300.10463885997774,16265600
2023-10-03,298.3203125,304.099548899281,297.03164113195834,301.61141908080776,17362300
2023-10-04,302.9198913574219,304.2284079253051,295.9015365648199,296.1295452893803,16880500
2023-10-05,302.1367492675781,303.5443709364718,296.8927913275171,301.97813847002794,19130000
2023-10-06,312.68414306640625,313.5564874187688,298.2905520081828,298.81593709513936,21803900
2023-10-09,315.5886535644531,317.541505874317,309.1056062125338,309.7796795347402,22503700
2023-10-10,319.038330078125,321.83378880843856,315.3903722999116,316.34200688294163,19038000
2023-10-11,324.9663391113281,325.97744913604026,320.13873722808717,320.19821250883945,22036300
2023-10-12,321.3381652832031,327.662631720703,319.8809605389769,325.1447341503426,20530500
2023-10-13,311.9505615234375,322.2203610808488,309.65075033810035,320.713603882826,21341000
2023-10-16,318.35430908203125,319.0184898882461,312.77331469106156,315.8661797826119,16536100
2023-10-17,321.1795654296875,321.57607736131524,314.5378771302187,315.4102215309524,16387800
2023-10-18,314.21075439453125,323.1026711047013,312.81302491646005,318.5922912851323,16851000
2023-10-19,310.0869445800781,319.08791890346794,309.0361744423842,317.09540654240755,18709200
2023-10-20,305.9631652832031,312.5552703274842,303.80214965849547,311.4053948634876,22312300
2023-10-23,311.2764892578125,314.5973026301898,304.5852493700825,306.8057400373974,17796800
2023-10-24,309.8291931152344,315.5787213935738,307.9259239452391,314.0223812193745,19525500
2023-10-25,296.9225769042969,308.17378070314754,296.2385809646329,307.3014363017255,42192500
2023-10-26,285.8398742675781,292.43197892863674,276.9677733145693,292.43197892863674,66684100
2023-10-27,294.1469421386719,296.70446963131815,290.41966369017985,291.9165286472556,29596300
2023-10-30,300.0252990722656,306.70661659471585,296.44670897879655,296.48636924282346,28435100
2023-10-31,298.64739990234375,301.0364242117363,294.2757858177128,300.6696499436243,19434200
2023-11-01,309.13531494140625,310.0175516552152,299.222366123352,299.222366123352,20434600
2023-11-02,308.1638488769531,316.04465564125337,305.64595129379006,314.537867992154,21631800
2023-11-03,311.86138916015625,312.8031011868626,308.31253639094047,309.82921641467783,16764300
2023-11-06,313.0509338378906,315.5589088571514,311.7127098538126,313.22938992076604,12887700
2023-11-07,316.0446472167969,318.20566283791453,312.3768439867447,314.299958512523,14055600
2023-11-08,316.9963073730469,318.53280249069024,312.1389680232896,315.37059933746826,13609700
2023-11-09,317.7595520019531,321.35795714702647,316.0247860148068,316.63941423329265,16103100
2023-11-10,325.9080505371094,326.2351948324801,316.6790963861259,317.1549288830637,19096200
2023-11-13,326.3243713378906,329.43702160039675,322.86476180916407,323.36040926035906,16908900
2023-11-14,333.38238525390625,335.1568115946723,330.4283155624995,331.62780417236013,17179400
2023-11-15,329.813720703125,335.4541911554932,327.1471349777592,334.9882813381861,14531200
2023-11-16,331.2808532714844,331.667442561079,323.5388423305294,326.5028044744622,18932600
2023-11-17,332.1234436035156,332.5794307757708,326.4829733409951,327.38505530805384,14494400
2023-11-20,337.01055908203125,338.8940135133267,331.28087524783984,331.97479384185925,16960500
2023-11-21,334.04656982421875,336.94113402174503,332.9759543798253,335.3847937518308,12027900
2023-11-22,338.5173034667969,339.9348782395706,335.6326315263406,336.2571521863876,10702700
2023-11-24,335.28570556640625,338.8840808634013,333.83839314189083,337.1691599420157,5467500
2023-11-27,331.786376953125,336.941091688836,331.2907295601576,333.25347387508214,15684500
2023-11-28,336.0390625,336.42568204806275,330.4977274078799,330.4977274078799,12637200
2023-11-29,329.30810546875,336.94105636917806,327.9004537094359,336.73289295648885,16024500
2023-11-30,324.3020935058594,330.59682164758357,319.593443122573,329.00085151227404,23146400
2023-12-01,321.992431640625,324.01465154921027,317.96777657976315,322.64668993525703,15276400
2023-12-04,317.2341613769531,318.0668454059469,310.92954076374997,314.5279458457028,19037100
2023-12-05,315.51922607421875,319.0779707276208,312.64447724367363,316.2032218970757,16952100
2023-12-06,314.6866149902344,319.4448189671764,314.28018040336576,319.1275973015341,11294300
2023-12-07,323.7469787597656,325.38260919838507,315.0037509944529,315.0037509944529,15905100
2023-12-08,329.8533935546875,330.26975074319756,320.18826782318274,320.27748073816616,14087400
2023-12-11,322.4484558105469,327.0183417667845,317.214419105385,326.5325866162208,25802500
2023-12-12,331.3105773925781,331.55840111361704,321.73466518140424,321.77432544730783,18485500
2023-12-13,331.82598876953125,335.4243934854844,329.7442940347382,331.02304245710206,16353300
2023-12-14,330.269775390625,331.7864555623714,325.7792101564801,330.9438487443071,19607300
2023-12-15,332.0044860839844,335.7119191603619,328.33668302041815,329.0999691679317,31776900
2023-12-18,341.6200256347656,344.5344349076749,334.0861787405234,334.5421961519274,18993900
2023-12-19,347.31005859375,350.5218745666176,342.11568311875016,342.57167029164464,17729400
2023-12-20,346.2395324707031,351.8700810717474,344.7625125327195,345.61501175139017,16369900
2023-12-21,351.0075988769531,353.30741024884486,346.17007504363573,349.90727608593943,15289600
2023-12-22,350.313720703125,354.0905518678329,348.1625974502464,352.4846287114761,11772800
2023-12-26,351.74114990234375,353.8724581015916,350.3731883758891,351.8997607137992,9898600
2023-12-27,354.7150573730469,355.8748857712245,352.2170049987148,352.9703988386223,13207900
2023-12-28,355.2008056640625,358.7496281934857,354.69523557044886,356.5687975042497,11798800
2023-12-29,350.87872314453125,356.8661526201397,348.7573678571759,355.8649351224526,14987100
2024-01-02,343.2755432128906,350.0857348081717,337.05021201896517,348.2617556958284,19042200
2024-01-03,341.47137451171875,344.921091847354,340.19259554865863,341.97694461960975,15451100
2024-01-04,344.0982360839844,345.11926848808156,340.41061832562946,341.50104862415935,12099900
2024-01-05,348.8862609863281,350.4227560194501,343.2457904424102,343.96941637649724,13920700
2024-01-08,355.5378112792969,355.8550328888557,348.98533664973183,351.61229217973874,13890200
2024-01-09,354.31854248046875,357.500621013295,352.266554698049,353.2975099042569,13463900
2024-01-10,367.2450256347656,369.6935252666552,355.95416211609205,357.03470018708344,22117200
2024-01-11,366.4520263671875,369.53493921555446,359.77067767079683,368.8906035328076,17205400
2024-01-12,371.22998046875,373.7776153686232,366.32308935332577,366.9376872898426,19310000
2024-01-16,364.26123046875,372.3402781857288,364.0332519935997,370.3973485723364,15306900
2024-01-17,365.16326904296875,365.3318024736922,355.48822189160364,363.1112814992652,12724800
2024-01-18,372.855712890625,373.5694463469894,367.72081315695874,368.25609056029504,16354300
2024-01-19,380.1120300292969,381.0140817393726,374.6797232506199,375.70075575671575,21670800
2024-01-22,378.45654296875,386.9519470116833,377.8419450079911,384.5728454450382,17680500
2024-01-23,381.8467712402344,384.9990814617669,378.75390603497135,381.2718033118794,15506100
2024-01-24,387.29888916015625,392.70142765086376,384.434032676857,386.60497070171994,15698500
2024-01-25,389.75732421875,392.047213033443,382.302797409854,386.7735471204069,15091100
2024-01-26,390.708984375,393.3359097959545,388.18116424199445,390.91714783237995,13163700
2024-01-29,397.52911376953125,399.4224908676714,389.678074236345,391.551606073067,18742400
2024-01-30,396.577392578125,402.8225376750017,396.0916678100326,400.0766619883151,18614700
2024-01-31,386.7438049316406,394.53536828693876,383.7302599797155,385.6137142301989,20180800
2024-02-01,391.3433532714844,397.0135606410284,389.6284024059907,390.5106692838904,29727100
2024-02-02,470.8551330566406,481.72963881592403,449.0664915252919,455.59912098341835,84707600
2024-02-05,455.4108581542969,467.7921235286552,455.22250967646124,465.7897184376787,40832400
2024-02-06,450.7615966796875,463.05364680414374,449.05656832277816,459.96081170368444,21655200
2024-02-07,465.50213623046875,467.415327994543,452.2088689116338,454.01303276517825,23066000
2024-02-08,465.9085998535156,466.49346021033546,460.98186302371124,464.24323169322327,18815100
2024-02-09,464.0350036621094,469.4673101663156,463.40059070831603,468.83289721252225,18413100
2024-02-12,464.8181457519531,474.97891789094643,462.5183344561305,464.1143348840818,19382000
2024-02-13,456.1145935058594,463.8169740536251,451.1283814896447,452.892885158852,20916600
2024-02-14,469.1600036621094,469.9827650386476,462.03259160066335,463.85657040992965,16858400
2024-02-15,479.8164367675781,484.366476420445,468.10924721096126,471.1426069795392,24212300
2024-02-16,469.19970703125,474.7905945088787,465.12546928119934,473.9479877976202,23324600
2024-02-20,467.64337158203125,472.0348007521129,462.49854860329634,465.63104413431995,18015500
2024-02-21,464.4480285644531,465.41060608263723,458.25579479701133,462.9297393124739,12921800
2024-02-22,482.4094543457031,486.2398976603028,472.416516880951,476.56451837363556,21625800
2024-02-23,480.3255920410156,490.57652055497664,478.6584567835847,484.3148150393008,18374300
2024-02-26,478.0530700683594,482.41941959747976,476.92181062419036,479.7698406915825,12101400
2024-02-27,483.32244873046875,483.5407662161046,476.2470421891275,476.3065805684811,10809600
2024-02-28,480.31561279296875,487.29180850441577,479.0553434545367,481.2881234084936,12715500
2024-02-29,486.3788757324219,487.93686726454155,478.91640943030325,484.70180744595217,17732000
2024-03-01,498.45574951171875,500.3908377455122,488.08574437139015,488.34373392761546,16273600
2024-03-04,494.37713623046875,500.55946621503625,492.6206937176718,499.150320771788,12324100
2024-03-05,486.46820068359375,491.7871644614326,484.15604619661946,491.21161670016596,15325300
2024-03-06,492.293212890625,499.12056222938503,490.50700115423484,493.8214351084789,11757900
2024-03-07,508.27001953125,515.8713680175964,497.542754953555,499.4282074814689,18586400
2024-03-08,502.0777893066406,519.5629320729014,495.52829549516997,510.254715842795,18597100
2024-03-11,479.88885498046875,493.51378374449246,472.35694844915304,493.2061587428033,20428300
2024-03-12,495.92523193359375,498.46563690206807,481.0201963453091,489.48491194914317,15448200
2024-03-13,491.7772216796875,497.14582052729384,487.27195954593,491.5986065562737,12090700
2024-03-14,488.06585693359375,497.5130167599525,484.4239615573876,496.4313625069967,12620000
2024-03-15,480.3950500488281,488.06587076219864,477.6164610806942,485.2674760460602,29153600
2024-03-18,493.17645263671875,493.6130875886428,483.0842738072249,488.1452478161507,11755300
2024-03-19,492.4421081542969,492.82913789689565,477.59661025996246,484.43389344040116,10903100
2024-03-20,501.65106201171875,504.3105740199144,491.3802985259637,495.6771461475813,11711100
2024-03-21,503.8739318847656,511.09818381772453,502.13732529141583,510.7707530405325,9712500
2024-03-22,505.6799621582031,506.06699186474566,500.48007571593536,503.11972128020517,8120600
2024-03-25,499.1701965332031,503.33806453967446,496.4114740821437,501.91901611098194,8380600
2024-03-26,492.0948181152344,506.09681547367757,491.41999934541593,501.2640919046953,11205400
2024-03-27,490.080322265625,496.0642018848251,484.3346567294072,495.4786906872178,9989700
2024-03-28,481.8636779785156,489.1177599265289,481.4369761827551,489.06812442310434,15212800
2024-04-01,487.58953857421875,493.62299295598973,478.0927737479156,483.4713059825083,9247000
2024-04-02,493.5634460449219,493.7222251422253,480.94079550745505,481.3873636113719,11081000
2024-04-03,502.8617248535156,503.3578981717305,494.9328849193272,495.11150004572073,12099200
2024-04-04,507.0097351074219,525.9436947950782,506.6723106155449,512.4676110901486,26476300
2024-04-05,523.3041381835938,526.638408576823,510.47304198515513,512.9043035265651,19263300
2024-04-08,515.2759399414062,527.4222518776436,514.9187097239936,525.2292047918388,13260600
2024-04-09,512.9440307617188,521.8453515412855,502.8617544246005,518.2331950359386,10863800
2024-04-10,515.8516235351562,518.5607107573752,501.92896968081385,505.39228040139363,11418500
2024-04-11,519.1560668945312,519.8507216900733,513.3309966786047,517.1217682967572,10369500
2024-04-12,507.98223876953125,516.2088008915841,505.43190063751956,513.787472668167,11984500
2024-04-15,496.4015808105469,514.5615428654139,493.4741460488993,512.7653372648631,13512900
2024-04-16,495.9352111816406,500.9068477028601,493.30546812148475,494.2978148508964,9847900
2024-04-17,490.387939453125,499.30912582005857,483.4117439696621,499.2495874459534,12193700
2024-04-18,497.9595031738281,508.28986501966875,495.2206471982187,495.99467632150186,14808700
2024-04-19,477.38818359375,498.9518557154104,472.0890564119866,498.9518557154104,25215400
2024-04-22,478.04315185546875,488.2444739766785,469.7768874878293,485.9719917197624,17271100
2024-04-23,492.3031921386719,494.94283793154807,485.22775549164936,487.4903047021122,15079200
2024-04-24,489.72308349609375,506.09680361298444,480.87133784126775,504.17164864318624,37772700
2024-04-25,438.0019836425781,442.35836983181287,411.32769996695043,418.17488602057387,82890700
2024-04-26,439.8973693847656,443.023255377978,428.6540645124844,438.0813579966591,32691400
2024-04-29,429.30902099609375,436.3943909124522,425.2800958497785,436.19590946046895,21502600
2024-04-30,426.8777770996094,436.2554348890997,426.43120898791216,427.7510167239678,18429500
2024-05-01,435.8287658691406,446.5163293249573,423.8412003264866,425.3198175578289,20344900
2024-05-02,438.29962158203125,440.56217052865486,428.97156996995193,435.4813609842379,15221300
2024-05-03,448.5010070800781,450.69411509659585,440.4530898609674,442.5171576767287,16489100
2024-05-06,462.115966796875,462.592304076786,449.8704131384758,452.093259876696,15094600
2024-05-07,464.6564025878906,467.92123166453916,457.779447321688,462.72134472049225,13406800
2024-05-08,468.9830322265625,471.9402058578811,459.4564983423583,459.9526716667021,11683900
2024-05-09,471.7814636230469,472.4363857703792,464.05107464244514,466.4029313871889,9437700
2024-05-10,472.55548095703125,473.8455194723548,466.0059870918143,473.4386537168411,10750000
2024-05-13,464.4281005859375,469.727227323813,459.3075889519875,469.13181336004914,14668800
2024-05-14,468.23876953125,468.9234911376046,456.55883016199584,459.82365909681533,10478600
2024-05-15,477.8545837402344,478.80722798374535,467.5937236699598,471.3447925555496,13100500
2024-05-16,469.6081848144531,474.0340420992476,469.13184755192253,471.3646273657603,16608200
2024-05-17,468.29833984375,469.1815126685142,464.83505951456476,467.2265884372279,10807300
2024-05-20,465.25177001953125,469.57841688472104,463.46555827728747,466.353290478326,11745100
2024-05-21,461.07403564453125,467.0975871671568,458.73208176825443,463.5449691486391,11742200
2024-05-22,464.19989013671875,470.094431348203,462.0861870387401,464.28919769640606,10078600
2024-05-23,462.2152404785156,470.7295617615154,458.00770019996276,469.26090804074687,11747900
2024-05-24,474.5600280761719,476.17755800168163,462.73124238654253,464.0411472655585,12024300
2024-05-28,476.24700927734375,477.17978725076165,471.2058714243165,472.93254487428226,10175800
2024-05-29,470.72955322265625,476.17755705003367,470.07463106847433,471.0272753949379,9226200
2024-05-30,463.4754943847656,468.1196997588506,461.1534068397315,468.06016138210737,10719600
2024-05-31,463.2572021484375,465.52968459800337,450.98187816881347,462.23508624663583,16919800
2024-06-03,473.8355712890625,475.9294383757683,464.65636518199324,467.2563084447153,11279400
2024-06-04,473.3394470214844,475.224929995745,469.60824398888354,473.34938017945996,7088700
2024-06-05,491.27117919921875,492.84900689624556,480.20651900327624,480.7423947273293,15690500
2024-06-06,489.9810485839844,498.97170602105643,487.1330187939292,489.2070194762899,10667300
2024-06-07,489.18719482421875,495.0916694898727,486.4185694824564,492.1146295476639,9380700
2024-06-10,498.7534484863281,498.81298686453346,489.63378005499686,490.0803178915368,11220900
2024-06-11,503.5861511230469,503.71516103182034,494.4565499121785,496.332099600009,9673700
2024-06-12,504.9456787109375,510.07612434807345,500.60912858458613,510.0562580327931,11983200
2024-06-13,500.2419738769531,505.46169688773693,497.5229233456596,501.8396375159677,9954600
2024-06-14,500.7982177734375,503.76827047428316,497.41095233353604,499.29827689365226,10243300
2024-06-17,503.25177001953125,507.3442927979167,492.70258957460356,498.3248520419291,11266600
2024-06-18,496.1593322753906,502.6259325307895,491.71913754817786,501.19553219490325,13060400
2024-06-20,498.3546447753906,500.31150990328194,493.45749528868265,498.652632230771,11801200
2024-06-21,491.4807434082031,500.09294409403304,489.1066959926516,500.09294409403304,22359200
2024-06-24,495.5832214355469,504.4139262555408,490.9940329117928,495.8712961742398,13525300
2024-06-25,507.1952819824219,507.3045339423374,492.1959639995384,493.73561634252076,12063200
2024-06-26,509.6984558105469,510.38385724147327,501.3147322130294,503.27159725374554,8882300
2024-06-27,516.0955200195312,519.3933892059828,510.47328813668884,510.8209300507455,10121200
2024-06-28,500.85784912109375,518.4000954188623,500.48037812073636,513.7016545830614,15855100
2024-07-01,501.3147277832031,503.2020522993896,489.8814984155555,501.58294679281164,10328200
2024-07-02,506.10260009765625,507.0959319918616,496.11962668652535,497.42088904280774,7739500
2024-07-03,506.55950927734375,507.8707146142386,502.6457793049679,502.99345152045885,6005600
2024-07-05,536.3098754882812,537.2634960736218,508.1886781515911,508.1886781515911,21354100
2024-07-08,525.7904663085938,539.190504390823,523.1382870220716,538.733549875278,14917500
2024-07-09,526.4659423828125,533.8960460931625,524.6680139481037,530.1909372581625,8753200
2024-07-10,531.1246337890625,535.2866968575805,524.8368259127777,527.2506151441854,10983300
2024-07-11,509.28131103515625,531.8895562792189,504.9801666469837,527.3500219197413,16458300
2024-07-12,495.5434875488281,504.70200901700827,490.93444322689584,494.4409036740209,19750500
2024-07-15,492.8515319824219,503.3013720814987,490.0801276462005,495.30506285278,12539200
2024-07-16,486.5240173339844,500.5896000264936,482.55068991736874,498.15592485818354,14075800
2024-07-17,458.909423828125,475.9748899890231,456.0585659449274,475.9748899890231,28076600
2024-07-18,472.6770324707031,476.04441214611455,461.442450113497,471.8326942182321,19267200
2024-07-19,473.61077880859375,483.46461539838543,472.53796325902186,472.88563552627363,15149400
2024-07-22,484.1499938964844,488.77892449316187,480.6733320174168,483.3354544094365,12023100
2024-07-23,485.431396484375,491.91785295092694,484.4678632735356,486.5737221720912,9455500
2024-07-24,458.1942443847656,473.1240232513889,457.508842874167,469.1606382402564,17649700
2024-07-25,450.38665771484375,460.4590282516497,439.6983958852032,460.17098380293606,18240500
2024-07-26,462.5947265625,466.6375647815951,456.35660278759616,461.10472855593935,14222400
2024-07-29,462.60455322265625,470.7995407344392,461.91915184199877,466.746760248626,11339600
2024-07-30,460.1014404296875,469.57783596951856,453.6547256053789,463.88603283345884,11390400
2024-07-31,471.663818359375,473.32269613102295,463.6377091692654,467.8792258794459,24285800
2024-08-01,494.4209899902344,523.6547393365818,488.81861406662085,517.525898740057,43083100
2024-08-02,484.88507080078125,497.8082988081169,472.97500015148046,485.7393217238086,24044700
2024-08-05,472.55780029296875,480.2561225927905,447.79401274658,448.34036348534045,21396200
2024-08-06,490.79541015625,499.20893351019396,475.4583614663161,475.8060337333228,20955000
2024-08-07,485.6597900390625,506.7482044500436,483.6134986714131,499.77502622697557,20105300
2024-08-08,506.2317810058594,506.5595672205357,491.42119757011926,494.1826592575275,16156800
2024-08-09,514.3175048828125,514.8837113715979,502.3279809305961,504.3245575432351,13696600
2024-08-12,512.5095825195312,514.5657867339853,505.70525325253175,513.4134878308477,9767400
2024-08-13,525.0156860351562,527.9559706517589,514.6950123852472,516.5425953987603,13743800
2024-08-14,523.2474975585938,530.4392104871642,519.6416980752537,524.538816844259,11444200
2024-08-15,533.7470703125,536.1708026803833,523.1879469001557,528.2439725420813,13482100
2024-08-16,523.903076171875,530.1014573197285,521.1614705192093,528.3532441619528,14776700
2024-08-19,525.750732421875,528.1148065447744,519.2741890909025,523.3567686125551,9879700
2024-08-20,523.2177124023438,527.5486857302659,522.3734045061494,524.8269052919596,7944400
2024-08-21,531.5914916992188,535.8032700316064,523.4163892745524,523.6349538269176,13423300
2024-08-22,528.3829956054688,540.6009650477762,525.0653012290355,533.4191952832433,15708300
2024-08-23,524.4791870117188,536.2700305512936,521.5587891134588,533.3396896345922,11323900
2024-08-26,517.6451416015625,524.479270276633,511.5163004380435,524.081913244852,9584000
2024-08-27,515.6385498046875,520.5158432413665,511.87384384105246,515.5193548304624,6282700
2024-08-28,513.3341064453125,517.615364659823,509.0329621910887,514.2181257900095,9106100
2024-08-29,514.7645263671875,523.6846897588916,512.2414846857666,515.5890089774397,8317400
2024-08-30,517.8338012695312,520.0489117955093,511.76455848669906,517.8735127156259,9157500
2024-09-03,508.3475646972656,521.9859928695383,505.22848784642304,516.1750252560046,12459100
2024-09-04,509.3210144042969,513.1453787891634,500.70884337263965,502.6955072728807,8335200
2024-09-05,513.41357421875,518.1517873635855,507.74165686241577,508.3078633902029,8640900
2024-09-06,496.9341735839844,521.0821016570909,494.92765391819984,518.4000932131843,14744500
2024-09-09,501.42401123046875,507.92037993887993,498.7320599932226,502.7848710640587,11047800
2024-09-10,501.42401123046875,510.7513818768451,496.6957417525211,504.7715348360927,9899000
2024-09-11,508.4170837402344,509.6984904565573,492.29532543071457,503.6292467318183,10782500
2024-09-12,522.09521484375,523.1978593142228,511.7844250205015,513.6022393471186,11970500
2024-09-13,521.121826171875,524.0621107021185,513.6618931917054,516.8703967615143,10321400
2024-09-16,530.2294311523438,531.0446869851908,514.4402669362904,521.5393768501115,9527600
2024-09-17,533.251953125,538.9988566946421,527.5348463816464,534.5245992433219,11690800
2024-09-18,534.8727416992188,541.0869894169668,530.8459213153205,533.9977707656788,10323500
2024-09-19,555.9017333984375,558.8547755441265,543.393738974814,546.8538127706381,15647000
2024-09-20,558.1388549804688,561.2708601396214,553.1177549056164,556.7966017328396,22066800
2024-09-23,561.1813354492188,570.696598725916,559.1927762027452,566.2422454333392,12830700
2024-09-24,560.1074829101562,564.5021812702805,551.0197537936696,563.4382949321094,12993000
2024-09-25,565.0589599609375,573.5799422527921,560.4951905177006,560.8233197330189,16543400
2024-09-26,564.5917358398438,574.0970460697704,559.1330900425771,572.436555499505,14400800
2024-09-27,564.114501953125,567.5746364892888,561.2808291532298,566.8388185533927,9398400
2024-09-30,569.1654052734375,571.392581823153,561.5690947166503,564.4525297734127,12792300
2024-10-01,573.1723022460938,579.7047261626475,566.8387463764593,574.6736740742251,15259300
2024-10-02,569.5333251953125,572.7050797135277,566.0832039311861,571.5715863452846,6524700
2024-10-03,579.436279296875,580.0228702133212,565.4765563823341,566.8884769556879,11581000
2024-10-04,592.531005859375,593.4357736219438,578.1039987005454,580.3908297151592,14169500
2024-10-07,581.4348754882812,599.5009195077625,580.6990575803541,594.7979355563699,12014200
2024-10-08,589.4984130859375,590.1645633879729,582.6179549512773,586.3167064096679,7857400
2024-10-09,587.1320190429688,590.9898285010107,578.2829068901802,590.5920924118491,9529700
2024-10-10,580.4901733398438,586.8535252444071,579.187669721319,584.2087686773417,7740400
2024-10-11,586.5751953125,587.8279971754954,579.3766215385939,581.4844891955055,8587100
2024-10-14,587.04248046875,596.6670986656153,586.585150741633,590.8207303998246,8252000
2024-10-15,582.9163818359375,587.2315217697361,576.8214423918522,586.7840837654622,9564200
2024-10-16,573.4904174804688,578.7501945674716,570.7462571969033,578.0740918292597,11268400
2024-10-17,573.629638671875,581.6236236428501,571.9095546343025,579.9930514580655,8701200
2024-10-18,573.1723022460938,580.6293988605148,571.9593103260983,577.7758214109436,7694300
2024-10-21,571.869873046875,573.9379917697427,565.8544931305977,572.7349521980965,8171900
2024-10-22,578.6805419921875,580.1918660440482,568.8471045236925,571.0046737501541,8544500
2024-10-23,560.4655151367188,581.6536126859226,559.2823198903102,576.652356767216,14248400
2024-10-24,564.5320434570312,565.6257266322763,558.3078440792799,563.885737507838,7184700
2024-10-25,569.9707641601562,577.9647500652169,568.4494872870167,570.6468669862153,11337900
2024-10-28,574.8526611328125,580.410710743533,570.8357934356153,578.67072146079,10925100
2024-10-29,589.88623046875,590.2739533915471,572.1085063582906,576.8313344603039,13019100
2024-10-30,588.4146118164062,597.7608636426235,586.0084723536592,597.5420905900066,26864900
2024-10-31,564.3333129882812,586.5256441132956,559.7894472847626,581.6536491028129,26838400
2024-11-01,563.91552734375,570.3882965161611,559.3418659763402,564.3629652502584,15303200
2024-11-04,557.4727172851562,565.4369071400736,554.698698856843,560.8731367595427,12064600
2024-11-05,569.1553955078125,570.1993768247104,563.4283359927113,564.0547369200507,9775400
2024-11-06,568.777587890625,569.7221655728422,551.9941447200907,559.5308004818795,18305400
2024-11-07,588.3152465820312,591.3974890420855,571.9195858236583,573.5899682554951,14653700
2024-11-08,585.9688110351562,589.7072516411704,581.1763757138644,588.1561777738406,9415700
2024-11-11,579.833984375,583.6420920185832,573.2121093173138,583.0057385461188,10209100
2024-11-12,581.4745483398438,596.2296222338206,577.059944903041,585.1732389751623,16287700
2024-11-13,576.68212890625,582.2898800347385,571.8797417717248,579.2771839216865,10757600
2024-11-14,573.8583984375,577.4378414789874,569.7321744285508,573.6993404002395,11053700
2024-11-15,550.9104614257812,569.2946816423462,548.3452030486293,567.9523677618081,17712900
2024-11-18,551.2286376953125,556.6971755268692,546.943295022024,553.8534897330912,14327300
2024-11-19,557.8803100585938,558.2183311036446,547.4502671516217,548.7030690284671,9522400
2024-11-20,562.2849731445312,563.1101814515828,551.0297217043255,559.7097624878369,9797300
2024-11-21,559.868896484375,566.7393414481576,545.9091728138703,566.2621066854078,11154700
2024-11-22,555.9414672851562,560.6046406773982,551.4175075908335,560.32621328156,9164000
2024-11-25,561.8773193359375,569.3145718667378,553.207230520728,558.8845280879963,13599800
2024-11-26,570.259033203125,574.1964018053228,561.9667762936829,562.7621877433986,10356600
2024-11-27,565.9439086914062,571.6908126970225,560.8730467836217,571.6013615253704,7200200
2024-11-29,571.03466796875,575.1510000832634,563.6571303183109,565.7450932068846,7130500
2024-12-02,589.438720703125,591.0991504414684,572.2774471807156,574.1963992934365,12522400
2024-12-03,610.1397094726562,610.6865511232141,587.8678218422003,591.5963703951107,14907200
2024-12-04,610.2689208984375,614.2460390304662,601.6385211482492,609.4536043990507,14697000
2024-12-05,605.4466552734375,616.353933785045,603.5774048146206,613.5500580968196,8081200
2024-12-06,620.2017822265625,626.1873039273537,605.0489714012239,606.6099369109293,16935500
2024-12-09,610.0601196289062,622.8167434326103,602.7024265777296,620.350888846341,11426000
2024-12-10,615.7771606445312,622.0113122599781,609.2347848248279,614.0272190903004,10938900
2024-12-11,629.060791015625,634.7481017123007,617.9746102226054,619.804050647096,10837200
2024-12-12,627.181640625,633.0180573346814,623.6221631603041,627.8876010257708,7474700
2024-12-13,616.8013305664062,627.4699920270454,613.3611619616729,623.6320266186848,8453300
2024-12-16,621.169677734375,628.0457250425881,615.5375430599308,626.8814359361309,10885600
2024-12-17,616.3933715820312,629.2597698587709,613.5076105410767,623.0902515630854,12897800
2024-12-18,594.2528686523438,624.2744678389638,593.3871523945554,617.9457625285903,17075500
2024-12-19,592.6406860351562,608.5122478337648,592.0734823017316,607.3878008993366,14958100
2024-12-20,582.3714599609375,600.143601343373,577.1472819775203,587.6752614717944,48989400
2024-12-23,596.8995361328125,598.133488050275,583.3664537804558,586.6999520795082,10205800
2024-12-24,604.7608032226562,604.9996130735921,596.3324917694366,599.7555139461255,4726100
2024-12-26,600.3823852539062,603.3178877600023,595.9941026607926,602.5019136601244,6081400
2024-12-27,596.8599243164062,598.8898690255031,586.8991472446073,596.4618673609139,8084200
2024-12-30,588.3319702148438,594.0039468527602,582.6998357068834,585.8542270232425,7025900
