Date,Close,High,Low,Open,Volume
2019-01-02,94.19315338134766,94.77999501810811,92.16248588194682,92.73070067123591,35329300
2019-01-03,90.72795867919922,93.32684044319628,90.54165470824236,93.24300187957324,42579100
2019-01-04,94.94764709472656,95.48791795712623,92.15315145623576,92.88903616051739,44060600
2019-01-07,95.06873321533203,96.19584553067855,94.06272025150858,94.67750555680239,35656100
2019-01-08,95.75804901123047,96.84790055480005,94.7427119468028,95.98160666219535,31514400
2019-01-09,97.12735748291016,97.69557220674126,96.16791504630794,96.74544674618706,32280800
2019-01-10,96.50325775146484,96.64298396891861,95.36682827277113,96.14929082644984,30067600
2019-01-11,95.75804901123047,96.3542074849832,94.67750733582264,96.12133285908699,28314200
2019-01-14,95.0594253540039,95.82325384444417,94.32354068165286,94.9196991567882,28437100
2019-01-15,97.81666564941406,97.85392644457843,94.90107061203932,95.48791925241571,31587600
2019-01-16,98.16133117675781,98.98105458718067,97.77010342547663,98.04955588026098,29853900
2019-01-17,98.85063171386719,99.32569087205175,97.58379307850137,97.80735074745706,28393000
2019-01-18,100.33170318603516,100.50869017626661,98.65501014000569,100.09882855963359,37427600
2019-01-22,98.44076538085938,99.76349159382995,97.67693686706806,99.4374685282062,32371300
2019-01-23,99.40021514892578,99.70761139377449,98.12405950340775,98.85063438398751,25874300
2019-01-24,98.92513275146484,99.67033435571054,98.12404351426993,99.53992514098293,23164800
2019-01-25,99.82869720458984,100.49006031768445,98.92514248028162,99.89390181836622,31225600
2019-01-28,97.88185119628906,99.18595034591583,97.49062358343163,98.98101956581851,29476700
2019-01-29,95.88845825195312,97.77939907751724,95.17120042426149,97.695560516658,31490500
2019-01-30,99.09281921386719,99.09281921386719,97.18325133435708,97.45338678308951,49471900
2019-01-31,97.2763900756836,98.01227475436224,96.11201693349011,96.68954857045516,55636400
2019-02-01,95.73941802978516,96.96899580836966,95.33887337655393,96.67091656225128,35535700
2019-02-04,98.49665069580078,98.55254543913937,95.73009897732443,95.82325451396552,31315100
2019-02-05,99.87528991699219,99.92186058707432,98.7015995866497,98.79474803358492,27325400
2019-02-06,98.76680755615234,99.67036244625316,98.30105819892687,99.67036244625316,20609800
2019-02-07,98.05887603759766,98.35695537081196,97.14601118884156,97.984361534373,29760700
2019-02-08,98.43146514892578,98.53393057366128,97.11805568778053,97.2391479593902,21461100
2019-02-11,98.04022216796875,99.2791169423194,97.77940371163596,98.92514294577926,18914100
2019-02-12,99.5678939819336,99.8007686534428,98.25448453014259,98.86926996740598,25056600
2019-02-13,99.49337005615234,100.39692489757431,99.40022161107984,100.13610640866298,18394900
2019-02-14,99.57719421386719,99.94047807179034,98.42213802731075,99.02760638600282,21784700
2019-02-15,100.8067855834961,100.88130718152279,100.00569617163606,100.51802327460611,26606900
2019-02-19,100.76020050048828,101.2166399252208,100.39691661991846,100.40623359568878,18038500
2019-02-20,100.236328125,100.97535556186591,99.43181760573435,100.90051571423173,21607700
2019-02-21,102.35050964355469,102.41599272737103,99.97439795817183,100.00246111736158,29063200
2019-02-22,103.80986785888672,104.02502353899213,102.73406804699364,102.94923086422106,27763200
2019-02-25,104.38985443115234,104.94178946368166,104.0811525062045,104.54889091402318,23750600
2019-02-26,105.11016845703125,105.93338542967308,103.99694883794052,104.08114545694866,21536700
2019-02-27,104.93243408203125,105.11017696322715,103.72566811747757,104.48340920138725,21487100
2019-02-28,104.80147552490234,105.59662945913828,104.5208367383544,104.8108322922573,29083900
2019-03-01,105.26917266845703,105.7275541692824,104.46466228253199,105.60594478987308,23501200
2019-03-04,105.01661682128906,105.94273676013616,103.65082168948928,105.72757397781771,26608000
2019-03-05,104.49274444580078,105.13822565212749,104.05307639235822,105.00725948520915,19538300
2019-03-06,104.5395278930664,105.39081517018386,104.24017561545702,104.6517876735904,17687000
2019-03-07,103.26726531982422,104.35242164385124,102.78082060923578,104.21209872096908,25339000
2019-03-08,103.37955474853516,103.56664727464745,101.77989009777112,102.11666235447116,22818400
2019-03-11,105.54984283447266,105.66209547609726,103.81921228392213,103.82856191264341,26491600
2019-03-12,106.28887176513672,106.6349935976822,105.3814581683487,105.5404875042275,26132700
2019-03-13,107.11209106445312,107.57982945338087,106.43854664245775,106.76596208728289,35513800
2019-03-14,107.19628143310547,107.76692284327532,106.95306260758369,107.14951187609965,30763400
2019-03-15,108.43111419677734,109.6846496238026,107.19627802741456,107.89788559430455,54681100
2019-03-18,109.9840087890625,110.021428718095,108.56208717143643,108.6743398214122,31207600
2019-03-19,110.058837890625,110.79786535826463,109.4414198276143,110.47044279551113,37588700
2019-03-20,109.93724060058594,111.08788031172752,109.17950660612823,109.81563117466132,28113300
2019-03-21,112.46299743652344,113.02428196631746,109.53495112527928,109.58172780989545,29854400
2019-03-22,109.4975814819336,111.87368668962769,109.48822471389998,111.78949718869366,33624500
2019-03-25,110.06819915771484,110.39561459673766,108.81465658630007,109.0391690106127,27067100
2019-03-26,110.30206298828125,111.05044007866555,109.31045281626866,110.9662506000597,26097700
2019-03-27,109.2356185913086,110.58270741533956,108.06627263631543,110.27399837031224,22733400
2019-03-28,109.38530731201172,109.99336868613277,108.63692298430551,109.86240249935247,18334800
2019-03-29,110.33012390136719,110.6856024767777,109.41335359819583,110.45173330258429,25399800
2019-04-01,111.34042358398438,111.42462019064217,110.47978681103898,111.27494050641506,22789100
2019-04-02,111.49945831298828,111.77074738362543,110.87268356635482,111.37784178714952,18142300
2019-04-03,112.22914123535156,112.65945966240936,111.46205062414057,112.12623822702027,22860700
2019-04-04,111.65850830078125,112.47237566341686,110.74173792204958,112.35075911505533,20112800
2019-04-05,112.1543197631836,112.47238560572077,111.66787493810098,111.68658133489869,15826200
2019-04-08,112.19172668457031,112.27591616608073,110.98496082307267,112.07946690543524,15116200
2019-04-09,111.58367156982422,111.8268975362352,110.92884066462729,110.9756102223576,17612000
2019-04-10,112.43494415283203,112.5846167099296,111.82688288503167,112.0326888960214,16477200
2019-04-11,112.56592559814453,113.05237039614994,112.182376682482,112.7623748706345,14209100
2019-04-12,113.1458969116211,113.17396720604151,112.60332588387266,112.85590143669346,19745100
2019-04-15,113.23945617675781,113.73525768050715,112.79042422523496,113.1365531698905,15792600
2019-04-16,112.97750854492188,113.8007325403763,112.35074092083379,113.7913757757588,14071800
2019-04-17,113.91300201416016,113.98784186792793,112.76236959524611,113.41720047291092,19300900
2019-04-18,115.4097671508789,115.55008295117011,113.47333059852848,114.30590432015464,27991000
2019-04-22,115.77458953857422,115.99910193101476,114.66137006680938,114.70814675308128,15648700
2019-04-23,117.34622955322266,117.4771957537588,115.84011110993427,116.09268674321895,24025500
2019-04-24,116.94393157958984,117.72972849653044,116.48554290758779,117.67360218449755,31257000
2019-04-25,120.81682586669922,122.89358555373819,120.51748070622843,121.66811320064403,38033900
2019-04-26,121.50908660888672,122.0984415879413,120.6952263229495,121.33134372477541,23654900
2019-04-29,121.39684295654297,121.78037764231968,121.00394436612264,121.51844524870612,16324200
2019-04-30,122.17325592041016,122.26679502065181,121.04132289583175,121.43422137502469,24166500
2019-05-01,119.62875366210938,122.22002089056878,119.4603675764864,122.10776825823385,26821700
2019-05-02,118.0665283203125,119.74103268066072,117.42104703213937,119.72232628463793,27350200
2019-05-03,120.58293914794922,121.07874064972249,119.03940832533303,119.14231133179021,24911100
2019-05-06,119.88134765625,120.26489657469453,117.97298124189926,118.2349136071191,24239800
2019-05-07,117.42103576660156,118.97393056101042,116.20492030238745,118.30038617486301,36017700
2019-05-08,117.41169738769531,118.2162080218855,116.7007330078506,117.34621429594131,28419000
2019-05-09,117.40233612060547,117.67362524379291,115.59686564617424,116.27041007103666,27235800
2019-05-10,118.92715454101562,119.6755387825415,115.83072883751645,116.85040218816742,30915100
2019-05-13,115.39105987548828,117.44911308249895,115.10106435633591,116.1020242297008,33944900
2019-05-14,116.6820068359375,117.75779928426198,115.71845988183323,115.87749633810007,25266300
2019-05-15,118.3251724243164,118.97304307998576,116.14683270659717,116.67264378573014,24722700
2019-05-16,121.0574722290039,121.4800064983759,118.73829750185118,119.01059083755406,30112200
2019-05-17,120.2499771118164,122.49404172856084,120.10912760407392,120.47531340087896,25770500
2019-05-20,118.51295471191406,119.79929734944015,118.08104336554746,118.79463228726247,23706900
2019-05-21,119.15143585205078,119.74296521710198,118.85097546866184,119.6490726904568,15293300
2019-05-22,119.87440490722656,120.40960730217815,118.79462304356026,118.88852272491032,15396500
2019-05-23,118.47538757324219,118.5786714923512,117.12331238748058,118.49416321147112,23603800
2019-05-24,118.53173065185547,119.63967964353034,118.2782201170455,119.1608256151626,14123400
2019-05-28,118.45662689208984,120.18427236889306,118.35334295993955,119.22655710041143,23128400
2019-05-29,117.31108856201172,117.73360841807327,116.46604168634961,117.72421701847176,22763100
2019-05-30,118.0528564453125,118.08102348175021,117.16085969806234,117.61155377168357,16829600
2019-05-31,116.1280517578125,117.01065728739485,115.79003292365503,116.64447141098105,26646800
2019-06-03,112.52250671386719,116.77590868409635,111.74319236988596,116.28765613046434,37983600
2019-06-04,115.63978576660156,115.75245391561096,113.28304574811533,113.87457502103312,29382600
2019-06-05,118.14674377441406,118.18430220919734,116.62565940161674,117.32047253625993,24926100
2019-06-06,120.0152359008789,120.15607824602701,117.93078925059689,118.71950208530272,21459000
2019-06-07,123.37667083740234,124.17477531315937,120.42840075276679,121.30162212376659,33885600
2019-06-10,124.50337219238281,125.89299851536416,123.94000281240413,124.31557284767094,26477100
2019-06-11,124.03390502929688,126.04323484606017,123.26396781600276,125.70521607655425,23913700
2019-06-12,123.4611587524414,123.91184569625841,122.72878709608393,123.37664330972353,17092500
2019-06-13,124.240478515625,124.87895048320266,123.52687534353302,123.92122820475676,17200800
2019-06-14,124.36251831054688,125.6206936442323,123.6019797032755,124.18411753559128,17821700
2019-06-17,124.73810577392578,125.56436270850101,124.43763828711417,124.53153795851239,14517800
2019-06-18,126.90707397460938,126.98219085842615,125.41416351733767,125.99630145806687,25934500
2019-06-19,127.40470123291016,127.63003754036998,125.63949041338371,126.75683069480398,23744400
2019-06-20,128.5878143310547,129.25446795304097,127.43292228457615,129.05728427335652,33042600
2019-06-21,128.60653686523438,129.32012568533872,128.12768290626582,128.24035105494573,36727900
2019-06-24,129.36708068847656,129.9492185826722,128.6347090386564,128.6347090386564,20628800
2019-06-25,125.28269958496094,129.18869162333857,124.62544475328221,128.8694556089633,33327400
2019-06-26,125.75218200683594,127.45167482915869,125.44234452632614,126.14654927255833,23657700
2019-06-27,125.95870208740234,126.48452013316594,125.35778150503504,125.94931785209609,16557500
2019-06-28,125.78033447265625,126.38125514492987,125.02918005054448,126.35308810772008,30043000
2019-07-01,127.39531707763672,128.35303947390202,126.7286779898957,128.2873211524864,22613500
2019-07-02,128.2403564453125,128.24974068240397,127.07606632739167,127.80843797875298,15237800
2019-07-03,129.066650390625,129.32955234604637,127.96807839401461,128.44694678409658,13629300
2019-07-05,128.69107055664062,128.94458828243083,127.43289482092752,127.63946269718878,18141100
2019-07-08,128.59715270996094,128.72860365919703,127.10422810361216,128.07133458593756,16779700
2019-07-09,128.12771606445312,128.6065701473444,127.50801243218257,127.69579750427232,19953100
2019-07-10,129.4327850341797,130.11820669464362,128.65346371520778,128.75674760873602,24204400
2019-07-11,129.94921875,130.71915600325744,129.45158197004756,129.7614337187673,22327900
2019-07-12,130.418701171875,130.63466758951597,129.5830455236234,130.37176565481306,18936800
2019-07-15,130.418701171875,131.01962192649322,130.00557979382822,130.92573656528842,16651500
2019-07-16,128.7098388671875,130.5595509790779,128.18403499667505,130.47504985569148,22726100
2019-07-17,127.94929504394531,129.5079237907478,127.90234520155985,129.29197170827115,20211000
2019-07-18,128.09010314941406,128.2778881521538,126.44695930305605,127.27323050760369,30381800
2019-07-19,128.2778778076172,132.08058469651903,128.11825985180639,131.65806489265796,48992400
2019-07-22,129.97740173339844,130.69100499753577,128.94457677137632,129.01969365850033,25074900
2019-07-23,130.78488159179688,131.4421507282906,129.60182293485272,131.2261843196345,18034600
2019-07-24,132.12757873535156,132.14636153851882,130.37176630685818,130.41870182415488,20738300
2019-07-25,131.62991333007812,132.02426614849804,130.81304065814243,131.855249610845,18356900
2019-07-26,132.709716796875,133.02895281557116,131.73322593760406,131.79894425812105,19037600
2019-07-29,132.41868591308594,132.8693730295489,130.86004232342364,132.85998878879857,16605900
2019-07-30,131.7801971435547,132.59707012589243,131.26377742543409,131.58301349587833,16846500
2019-07-31,127.94929504394531,131.91162104632787,126.83195469974108,131.76138728152654,38598800
2019-08-01,129.62998962402344,132.33414006352837,128.56898336714653,128.63471601145017,40557500
2019-08-02,128.54080200195312,129.87410859795295,127.00094191264206,129.6581422139498,30791600
2019-08-05,124.13719940185547,125.75216218439742,122.79450844727305,125.16064003322053,42749600
2019-08-06,126.4657211303711,127.39526175426947,125.07609514803792,125.63006582873544,32696700
2019-08-07,127.01976013183594,127.36716323250997,123.78042106637497,125.62073483582314,33414500
2019-08-08,130.40927124023438,130.50317089561892,127.63000476951689,128.25910667185676,27496500
2019-08-09,129.3013458251953,130.86937284024663,128.1276716228745,130.14638552003524,23466700
2019-08-12,127.49860382080078,129.44221569786,126.9821984950104,128.70045970706695,20484300
2019-08-13,130.1370391845703,130.3248242462156,126.75685076662751,127.74274024911765,25154600
2019-08-14,126.21800231933594,128.98767873970914,125.9259641508235,128.46012406435935,32527300
2019-08-15,125.93537139892578,126.78323939295453,124.5882239678287,126.60424455950005,28074400
2019-08-16,128.24346923828125,128.5543527918804,126.91515252057269,127.06588655409749,24449100
2019-08-19,130.3914031982422,130.5232919084522,128.9594583625398,129.8638483574022,24355700
2019-08-20,129.3079833984375,130.67399069770917,129.28915242691284,130.2029576634189,21170800
2019-08-21,130.74935913085938,131.40881695837308,130.00513317166792,130.52327244694763,14970300
2019-08-22,129.7978973388672,131.13562979776628,128.39421333720122,130.62692030627167,18697000
2019-08-23,125.66221618652344,130.33487109930962,125.10640055041495,129.24207080219483,38508600
2019-08-26,127.60287475585938,127.70650262165492,126.14266914684612,127.16953231692578,20312600
2019-08-27,127.87603759765625,128.79925820638564,126.85860464374024,128.48837471701248,23102100
2019-08-28,127.70649719238281,127.89490756542179,125.81294922493764,127.06589904909232,17393300
2019-08-29,130.1182098388672,130.41967799434562,128.97831751609732,129.29861665019854,20168700
2019-08-30,129.8732452392578,131.11676513239897,128.37536345044194,131.08850429674501,23940100
2019-09-03,128.15870666503906,129.25150713842604,127.83840753915433,128.69569141266268,18869300
2019-09-04,129.65658569335938,129.71310736974692,128.57320085503275,129.34570209843733,17995900
2019-09-05,131.9363555908203,132.2472391179814,130.7210823142099,131.0508111876561,26101800
2019-09-06,131.04141235351562,132.05883118559822,130.19354416039448,131.91752700747264,20824500
2019-09-09,129.5529327392578,131.6537360953013,128.55434498368882,131.50300207093187,25773900
2019-09-10,128.1963653564453,128.95943664952355,126.71731457867034,128.87465414469017,28903400
2019-09-11,128.23406982421875,128.37538840474798,127.26374261204462,128.03624393618668,24726100
2019-09-12,129.5529327392578,130.40078647045735,128.94058115580236,129.86381627397438,27010000
2019-09-13,129.3645477294922,130.06166757283842,128.65799802353388,129.79789016593057,23363100
2019-09-16,128.43191528320312,128.78047525465175,127.80073251405359,127.9608820786325,16731400
2019-09-17,129.43048095703125,129.5529541689385,128.52609103600494,129.02539937116904,17814200
2019-09-18,130.49497985839844,130.63628400146004,128.62026343666227,129.40217990276975,23982100
2019-09-19,132.8972930908203,134.12196771878425,131.95522683866946,132.1718980517229,35772100
2019-09-20,131.3616943359375,133.44365228863472,130.24063341919867,132.84073058233662,39167300
2019-09-23,131.07908630371094,131.5407039018818,130.4196428597447,131.16386880905182,17139300
2019-09-24,129.4210205078125,132.53925639866858,128.94998754847387,132.2283729205309,29773200
2019-09-25,131.28631591796875,131.85156125747696,128.14923447074904,129.53407261523665,21382000
2019-09-26,131.4559326171875,132.05885450831983,130.41966825341197,131.3617346067307,17456600
2019-09-27,129.75076293945312,132.22840143988893,128.7333298028649,132.03056122939054,22477700
2019-09-30,130.9754638671875,131.15445874683635,129.7978811061182,130.05224300745024,17280900
2019-10-01,129.1289825439453,132.1247452694083,129.06303102965373,131.56892982660128,21466600
2019-10-02,126.84918975830078,128.4695445382439,125.84118654478478,128.3565012105042,30521700
2019-10-03,128.38478088378906,128.82755314879915,125.50206060506926,127.13183110990826,24132900
2019-10-04,130.1182098388672,130.2406830738794,128.51669979356828,128.82758343835812,22897700
2019-10-07,129.17613220214844,130.1747202246016,129.08193419283285,129.1949775539282,15303700
2019-10-08,127.81010437011719,129.77901904310423,127.76299819078318,129.13842100348245,25550500
2019-10-09,130.23123168945312,130.6645740750219,129.03480363620312,129.49642123149835,19749900
2019-10-10,131.04141235351562,131.57838260518204,130.24065034469942,130.46675140448957,17654600
2019-10-11,131.5877685546875,132.85956337149543,131.41820357899897,132.002279883863,25446000
2019-10-14,131.46531677246094,132.1624364316741,131.4370559416705,131.5972054410786,13304300
2019-10-15,133.36830139160156,133.57554270369167,131.71025589658038,131.94577241577883,19695700
2019-10-16,132.27549743652344,132.82189747010992,131.4464747131802,132.63347276041398,20751600
2019-10-17,131.59719848632812,133.2269685998547,130.96601600738762,132.78419644115544,21460600
2019-10-18,129.4492950439453,131.88924258175905,128.64853317835568,131.66314156240998,32273500
2019-10-21,130.4102020263672,130.4761535526096,129.0724699026435,130.4290473731204,20078200
2019-10-22,128.4695587158203,131.8986789919642,128.3659308623604,130.9189365022612,27431000
2019-10-23,129.28916931152344,129.48699516187958,127.75359681926605,128.95002490755215,29844600
2019-10-24,131.8327178955078,132.28490554904315,130.63629005460123,131.3145787222974,37029300
2019-10-25,132.5769500732422,132.963200600433,131.13559017888338,131.26747884977937,25959700
2019-10-28,135.8365020751953,137.23075576346218,135.19588970504887,136.03432789002656,35280100
2019-10-29,134.5553436279297,136.12859276746443,134.3857642035696,135.73292661034722,20589500
2019-10-30,136.232177734375,136.59958293417193,134.51761055213072,135.20532914709477,18496600
2019-10-31,135.06399536132812,136.53361599460894,134.70602006269954,136.50535516510632,24605100
2019-11-01,135.39376831054688,136.0532118384025,134.68721859324643,135.90247778209527,33128400
2019-11-04,136.17564392089844,136.59957074826335,135.80823875387733,136.43942125236043,16912000
2019-11-05,136.0908660888672,136.61842076984976,135.57272689333539,136.57131459302198,18250200
2019-11-06,135.71400451660156,136.14736113399317,134.90382730783088,136.00604263113794,16575800
2019-11-07,135.90243530273438,136.4865259946565,135.4408321649153,135.5067693096953,17786700
2019-11-08,137.50399780273438,137.53225864058572,135.43144052836647,135.63869625580327,16732700
2019-11-11,137.64527893066406,137.9373171227263,136.34522310815422,136.9198840061692,14362600
2019-11-12,138.5496826171875,139.02071571611077,137.5981865574973,137.80544227100668,18641600
2019-11-13,138.7757568359375,138.91707537779078,137.80542988932166,138.23878662630173,16919200
2019-11-14,139.48228454589844,139.81201338372344,138.4836969224776,138.50254226672683,19729800
2019-11-15,141.2816925048828,141.30053785693727,139.68018257525807,140.3019354451368,23485700
2019-11-18,141.6302490234375,141.82808927823407,140.3490382358357,141.37590146343092,21534000
2019-11-19,141.67733764648438,142.56288218947344,141.4983427654815,142.13895526723965,23935700
2019-11-20,141.43157958984375,142.58481248234878,140.3350751282643,142.08381952029222,25696800
2019-11-21,141.29920959472656,141.60170346192638,140.37284736790474,141.2235861279266,18576100
2019-11-22,141.40321350097656,142.0743628652784,140.67536455680172,141.85695437699914,15901800
2019-11-25,142.9534454345703,143.0668878548469,141.71514172629512,141.79076519857867,22420900
2019-11-26,143.70965576171875,144.07831114870604,143.0385209302888,143.07632545195608,24620100
2019-11-27,143.98379516601562,144.15393715206415,143.22757490605133,143.99324269067327,15184400
2019-11-29,143.0952606201172,143.96490901164137,143.00072766342154,143.7758575219542,11977300
2019-12-02,141.3654022216797,143.52062079689225,140.20272193277103,143.5017113220351,27418400
2019-12-03,141.13853454589844,141.25196254984613,138.62410801789912,139.41814731664337,24066000
2019-12-04,141.64898681640625,141.96091382154867,141.0345514843031,141.92310929549308,17574700
2019-12-05,141.72457885742188,142.09324866665452,141.29920947776307,141.83802126937863,17869100
2019-12-06,143.44500732421875,143.55843533386508,142.04600898499862,142.726605890285,16403500
2019-12-09,143.07632446289062,143.87981117385542,142.6509550844922,142.80220201751874,16687400
2019-12-10,142.8589324951172,143.57733387433322,142.50917211917388,143.01016502189213,16476100
2019-12-11,143.39772033691406,143.55841480216526,142.10270266631767,143.24647339654746,18856600
2019-12-12,144.8534698486328,145.04252134219536,142.75496509556822,143.35047657910508,24612100
2019-12-13,146.0727996826172,146.4130979901103,144.4658410620046,144.62653548169607,23845400
2019-12-16,147.0181121826172,147.367858109915,146.34697732625102,146.62109978370296,24144200
2019-12-17,146.2240447998047,147.1882257299124,145.9971744563388,146.94244591856656,25425600
2019-12-18,145.92161560058594,146.97086796505727,145.74201163546948,145.85545406926653,24129200
2019-12-19,147.1882781982422,147.2449921984011,145.33553912540125,145.57185707519866,24958900
2019-12-20,148.7952117919922,149.8161068904541,147.73649775079065,148.7384978015833,53477500
2019-12-23,148.7952117919922,149.46634657676498,148.66287433980457,149.46634657676498,17718200
2019-12-24,148.76686096191406,149.0788023457909,148.5210810950226,148.86137947527905,8989200
2019-12-26,149.9862518310547,150.0429658225864,148.7857527900638,148.9369997166156,14520600
2019-12-27,150.2604217529297,150.81812869064836,149.56091538147822,150.7235957348265,18412800
2019-12-30,148.9653778076172,150.31712396658284,148.15244349190644,150.28876696680132,16348400
2019-12-31,149.0693817138672,149.13555767289498,147.88779179155736,148.19028573504713,18369400
2020-01-02,151.82955932617188,151.93353980620552,149.6648931447306,150.0902625907942,22622100
2020-01-03,149.93898010253906,151.196193090949,149.40963030188232,149.6554101548303,21116200
2020-01-06,150.32659912109375,150.392775081882,147.94450973571048,148.4833216779959,20813700
2020-01-07,148.9559783935547,150.9315936095211,148.71021284150058,150.60075703064527,21634100
2020-01-08,151.3285675048828,151.99971686703032,149.30568631614628,150.23204869357042,27746500
2020-01-09,153.2191162109375,153.34200617143892,152.21713032172246,152.9827982399451,21385000
2020-01-10,152.5101318359375,154.2872472384287,152.35888490302304,153.909144329844,20725900
2020-01-13,154.3439483642578,154.3723053588524,152.43449566058825,152.90713146876487,21626500
2020-01-14,153.25689697265625,154.64644744971824,152.86933213511907,154.44793405712338,23477400
2020-01-15,154.2494659423828,154.96788183722586,153.67286391435027,153.7201159716805,21417900
2020-01-16,157.0757598876953,157.14193581458065,155.05287950018712,155.3553732967519,23865400
2020-01-17,157.9549102783203,158.30465619935018,156.37629381209493,158.25738972858082,34371700
2020-01-21,157.3877410888672,158.98525260050442,157.32156514521276,157.55788307477562,29517200
2020-01-22,156.63153076171875,158.3235753219564,156.61262128751815,158.2384898999051,24138800
2020-01-23,157.59568786621094,157.6713113277231,156.22504688259176,157.09469505443082,19680800
2020-01-24,156.0076446533203,158.3613765241698,155.44993777757642,158.3424670503659,24918100
2020-01-27,153.39871215820312,154.43851694569852,151.4325450114777,152.33055036956728,32078100
2020-01-28,156.40467834472656,156.6882483457103,154.14547932010373,154.81661422070258,24899900
2020-01-29,158.84347534179688,159.51462470178666,156.6220951483202,158.6544238565207,34754500
2020-01-30,163.32400512695312,164.52450394494198,161.44290968960823,164.52450394494198,51597500
2020-01-31,160.91363525390625,162.9648735939353,160.29921427404815,162.7852840446557,36142700
2020-02-03,164.8365020751953,164.94993007628167,161.07430990386203,161.10266690413363,30107000
2020-02-04,170.26235961914062,170.75390501577263,166.66087620777762,167.44545356772943,36433300
2020-02-05,170.0543670654297,174.11903811687424,168.64592151325192,173.95834366438353,39186300
2020-02-06,173.58029174804688,173.7598957252574,170.2056639835047,171.06586491451017,27751400
2020-02-07,173.82598876953125,175.47076649707245,172.49315239154268,172.8429126812408,33529100
2020-02-10,178.3727569580078,178.50509441167975,173.2210293650427,173.53297073949096,35844300
2020-02-11,174.34593200683594,180.2633282452073,173.45737421261373,180.21606177076302,53159900
2020-02-12,174.60113525390625,175.67874437299267,171.89765772024018,175.4235169852956,47062900
2020-02-13,173.65586853027344,176.03794280419976,172.86182934859667,173.06034274994119,35295800
2020-02-14,175.20614624023438,175.26286024443658,172.65390066150297,173.22106955093307,23149500
2020-02-18,176.98321533203125,177.42749418236605,175.34789933909548,175.45187980244407,27792200
2020-02-19,177.5140380859375,178.36710062256168,176.74627891035584,178.25336280783833,29997500
2020-02-20,174.80316162109375,177.48558908217993,171.6562951458951,177.20123010558348,36862400
2020-02-21,169.27719116210938,173.9311563648692,168.00707065761887,173.6183629039544,48572600
2020-02-24,161.97869873046875,165.4478463263177,154.71813679067944,159.02140017038658,68311100
2020-02-25,159.30577087402344,165.72272971041576,158.90765961105674,165.11610394922226,68073300
2020-02-26,161.29627990722656,164.2251446871033,159.43849455284118,160.8602752572203,56206100
2020-02-27,149.93142700195312,158.31993443345746,149.7418592358991,154.80340681441123,93174900
2020-02-28,153.56175231933594,155.17311496563838,144.07374325016832,144.46236668665765,97012700
2020-03-02,163.7796630859375,163.90288871666775,153.84615862334914,156.68972022036928,71030800
2020-03-03,155.93141174316406,165.87440256658573,153.79874085302225,164.73698098446346,71677000
2020-03-04,161.65643310546875,161.79860535911507,156.98350737328664,159.7038570188698,49814400
2020-03-05,157.59962463378906,161.95974258543,157.0498678014542,157.39109568141728,47817300
2020-03-06,153.14474487304688,154.60443335618072,147.86519228321035,154.1305064578371,72821100
2020-03-09,142.76568603515625,149.52388595235027,142.17802150778155,143.1258749845001,70419300
2020-03-10,152.52859497070312,152.6328594420787,144.62349965654747,149.91252432041284,65354400
2020-03-11,145.6187744140625,149.4765316073589,143.268086730117,148.9362624974482,56371600
2020-03-12,131.8085479736328,145.46712479186598,131.3535821963336,137.72316093092766,93226400
2020-03-13,150.54757690429688,153.46696749285394,133.39142234015029,139.80839474524316,92727400
2020-03-16,128.35833740234375,141.5619460470006,127.96024061156848,132.6995087823673,87905900
2020-03-17,138.92689514160156,139.8083919587841,127.96022314871765,132.69949067274422,81059800
2020-03-18,133.07864379882812,138.386629909358,127.97920110693828,130.8038008732288,81593200
2020-03-19,135.26821899414062,142.32023895199598,131.75167511472426,135.32508790671272,85922700
2020-03-20,130.1876983642578,139.42927100819978,128.77539128682722,138.38662625800293,84866200
2020-03-23,128.88914489746094,133.23980446764403,125.60957912301353,129.865433072782,78975200
2020-03-24,140.60459899902344,141.79890378670194,133.90328159423055,136.25395446330393,82516700
2020-03-25,139.25868225097656,146.28228256625601,136.9080088143488,141.14491656968082,75638200
2020-03-26,147.96945190429688,148.49077436791936,140.63305855292953,140.66149300884524,64568100
2020-03-27,141.89369201660156,146.8130548956865,141.4197651798974,143.83679493970843,57042300
2020-03-30,151.8745574951172,152.2252731140304,142.18749387169183,144.49078532530984,63420300
2020-03-31,149.4860076904297,156.1873255730772,148.3959672991363,151.0878682333424,77927200
2020-04-01,144.17803955078125,149.52393430986507,142.95531453413534,145.021628839362,57969900
2020-04-02,147.16375732421875,147.37228629111345,142.5192800719628,143.94106059364518,49630700
2020-04-03,145.80836486816406,149.17324905260475,144.25388507525574,147.01214335180788,41243300
2020-04-06,156.65179443359375,157.81765050477165,149.36279672981783,151.95992123012604,67111700
2020-04-07,154.96458435058594,161.13510584413748,154.74656761748417,160.74648241184053,62769000
2020-04-08,156.51910400390625,157.9787925050275,154.97409766807493,157.0309386966601,48318200
2020-04-09,156.528564453125,158.64227422215973,154.81295151526945,157.6849471612122,51385100
2020-04-13,156.87928771972656,156.9361711005346,153.83668491764462,155.7797882301745,41905300
2020-04-14,164.6421661376953,164.6895617099437,159.2394035526362,160.1872571452114,52874300
2020-04-15,162.9171142578125,164.51898947901861,160.41478082759673,162.2725661589912,40940800
2020-04-16,167.8080291748047,168.0355192918761,163.88391504970426,165.21091903796932,50479600
2020-04-17,169.28665161132812,170.6136408101682,166.6990009789437,170.13971403013997,52765600
2020-04-20,165.93130493164062,169.42888821075923,165.86496267804998,167.41944252842458,36669600
2020-04-21,159.06878662109375,164.613721103294,157.447950718237,164.4525877384879,56203700
2020-04-22,164.47157287597656,164.92653858793065,161.91237085947336,162.45263993058774,34620200
2020-04-23,162.4810791015625,165.93126598218663,161.99767892251862,165.0308078621168,32790800
2020-04-24,165.44786071777344,165.45733404774205,161.8081061021307,163.08769987665707,34277600
2020-04-27,164.97396850585938,167.67534334996145,164.2630781053427,167.38151096517757,33194400
2020-04-28,160.95501708984375,166.5094397501478,160.55692031443468,166.43360972677016,34392700
2020-04-29,168.1776580810547,168.41462148214717,162.9170821472806,164.18720250599264,51286600
2020-04-30,169.86485290527344,170.9927865594313,167.04023871586077,170.61365089823016,53875900
2020-05-01,165.46682739257812,169.32458443172894,164.93601717144193,166.63268339420114,39370500
2020-05-04,169.51417541503906,169.66583549891993,164.73699847760517,165.39101993412743,30372900
2020-05-05,171.33401489257812,174.0733112718267,170.51886020205268,171.20131596449716,36839200
2020-05-06,173.02120971679688,174.59465034524186,172.15867383336482,172.5852051098927,32139300
2020-05-07,174.02589416503906,174.9263520238405,173.05907962437345,174.56616309508178,28316000
2020-05-08,175.04962158203125,175.35294172080944,173.79846216732196,175.33398059636073,30877800
2020-05-11,177.002197265625,177.7320341687052,173.3150471152791,173.59939164214202,30892700
2020-05-12,172.9927520751953,177.28652764537918,172.79371092227436,177.05905204204092,32038200
2020-05-13,170.37669372558594,174.45246731650903,167.33407714285644,173.0306868403567,44711500
2020-05-14,171.1160430908203,171.26770316795614,166.5189464364603,168.2819550596364,41873900
2020-05-15,173.60888671875,177.30551035404773,167.77010447055184,169.72268077345782,46610400
2020-05-18,175.2676239013672,176.49034876011717,174.3671658161669,176.06381750534854,35264500
2020-05-19,174.0543975830078,176.86952452057,173.92169862979046,175.3813871151814,26799100
2020-05-20,176.46861267089844,176.64920874209136,174.83376282051205,175.66068745873378,31261300
2020-05-21,174.34901428222656,177.42861841763434,174.21594577347696,176.22148762180447,29119500
2020-05-22,174.4250946044922,175.3280752270581,173.50311455025968,174.1209441606144,20826900
2020-05-26,172.5811004638672,177.26702615062376,172.13436738782855,177.11494371976403,36073600
2020-05-27,172.80921936035156,172.98031573057037,167.85715639177917,171.27892425897863,39517100
2020-05-28,172.4194793701172,175.03333595347735,171.44998664344763,171.79216481267713,33810200
2020-05-29,174.1779022216797,175.14740947643764,171.47850465305189,173.68364163055523,42130400
2020-06-01,173.77870178222656,173.94028391212214,172.47653052735325,173.5030505874689,22622400
2020-06-02,175.75575256347656,175.84129349571745,172.37199810107265,175.12842338695103,30794600
2020-06-03,176.18350219726562,176.73479025045705,174.49162467347008,175.6702420116775,27311000
2020-06-04,173.86427307128906,176.63971241141127,173.2749717295189,175.1759587709763,28761800
2020-06-05,177.932373046875,178.43613342107156,172.99930966240385,173.57911125390655,39893600
2020-06-08,179.03497314453125,179.21556924712382,175.309040013136,176.73478039775375,33211600
2020-06-09,180.40367126464844,181.25910962308345,177.98940962513453,178.6927800443984,29783900
2020-06-10,187.09515380859375,188.6919905733056,181.55377446710472,181.66784355961488,43872300
2020-06-11,177.04843139648438,186.06860558677644,176.85833559384204,183.5688175004387,52854700
2020-06-12,178.44564819335938,182.22860811999774,176.01237274212465,181.1070182904642,43373600
2020-06-15,179.5862274169922,181.3731596709733,174.90028735842841,175.44207556438678,32770200
2020-06-16,183.9870147705078,185.89750128714283,181.98147311232987,183.34067171544817,42556700
2020-06-17,184.6238555908203,186.60088373551318,184.10108128516464,185.3747390455772,25687800
2020-06-18,186.6008758544922,186.76245799607426,184.39572415045265,184.39572415045265,23061600
2020-06-19,185.48878479003906,189.42382696188116,184.7474010839948,188.75848446971048,44441100
2020-06-22,190.64051818847656,190.82109979899005,185.56487107899687,186.09714520202675,32818900
2020-06-23,191.91409301757812,193.85309284011933,191.45784582125893,192.08517483866595,30917400
2020-06-24,188.045654296875,193.18782826180146,186.8290236235657,191.6195195901801,36740600
2020-06-25,190.421875,190.67851232035468,185.79297603620233,188.00762775594458,27803900
2020-06-26,186.6104278564453,189.99418307154866,185.23221490692956,189.84210060037077,54675800
2020-06-29,188.61595153808594,188.70149248092682,183.96803843310832,186.0876350915484,26701600
2020-06-30,193.43490600585938,194.28084454907003,187.9505695474995,188.08363804294686,34310300
2020-07-01,194.56602478027344,196.1343478236479,191.78108566908128,193.083257178087,32061200
2020-07-02,196.0487823486328,197.72166017594725,194.85116577047972,195.49749438312054,29315800
2020-07-06,200.2689666748047,200.6776863993689,197.78817819437523,198.49154856739926,31897600
2020-07-07,197.9402618408203,204.04242807649197,197.69313876394023,200.03134453942326,33600700
2020-07-08,202.29351806640625,202.7022232789149,198.3584758537507,199.67016142576213,33600000
2020-07-09,203.70974731445312,205.66776134855445,201.00083539138876,205.6202337790769,33121700
2020-07-10,203.09193420410156,203.48164000033935,200.6301596435578,203.04440663081272,26177600
2020-07-13,196.81871032714844,205.1165151249502,196.2769220311056,203.86185665203897,38135600
2020-07-14,198.0353240966797,198.51057084084894,192.02819828875812,195.92522739229784,37591800
2020-07-15,197.74061584472656,200.86774686185024,194.8796362894525,199.1853696931352,32179400
2020-07-16,193.8246307373047,195.51650798920733,192.2943356382939,195.23135704153594,29940700
2020-07-17,192.83615112304688,194.88920632879422,191.4199104017401,194.34743250474673,31635300
2020-07-20,201.1243896484375,201.78973206294626,192.95964111525447,194.85112801820785,36884800
2020-07-21,198.41554260253906,203.34860679664743,197.731186037843,203.0824697440858,37990400
2020-07-22,201.2670440673828,201.7898185110916,198.07338460617825,198.84328219446616,49605700
2020-07-23,192.5129852294922,200.4781269778128,192.1422932712238,196.9327895817196,67457000
2020-07-24,191.33433532714844,192.81710279590382,187.73195701203042,190.4978964459514,39827000
2020-07-27,193.75808715820312,193.8721417261621,190.91610664507132,191.4959082044936,30160900
2020-07-28,192.0186767578125,194.56599205550995,191.75253977158675,193.52995775174696,23251400
2020-07-29,193.9576873779297,194.51847502189628,192.00917294201005,192.4749199448213,19632600
2020-07-30,193.8056182861328,194.3379068274269,189.68999420605252,191.04919294548517,25079600
2020-07-31,194.86065673828125,194.94621217125055,189.15769604486636,194.28085515431556,51044000
2020-08-03,205.81988525390625,206.8654340533145,200.02188278490044,201.04841765066982,78983000
2020-08-04,202.73077392578125,204.13751489873653,199.8983070536526,203.56721293636207,49280100
2020-08-05,202.39808654785156,204.3561008212258,201.09591510463036,204.26104567065477,28806400
2020-08-06,205.63925170898438,205.65825113444276,201.07688051454105,201.82776391473723,32656800
2020-08-07,201.96084594726562,205.0214360430896,200.48757818630773,204.21352530560762,27820400
2020-08-10,197.9402618408203,201.3905577207116,196.13433007915847,201.19094771383908,36716500
2020-08-11,193.31137084960938,197.36996761393385,193.08324719054212,196.9042350854853,36446500
2020-08-12,198.83377075195312,199.86980535895745,194.61357658746402,195.12683678159112,28013100
2020-08-13,198.36798095703125,200.88679731225912,197.8452066566346,199.07135133423577,22588900
2020-08-14,198.55807495117188,199.21391774906647,197.23688964214472,198.42500644894537,17958900
2020-08-17,199.86981201171875,200.73476475059846,198.57714001293255,199.223483264017,20184800
2020-08-18,201.01986694335938,201.84679161192986,198.85274301626632,200.1073868408774,21336200
2020-08-19,199.80032348632812,202.0870312239164,199.37157032879307,201.5058279761873,27627600
2020-08-20,204.44992065429688,204.85009118082817,199.04759673846627,199.64784525904383,26981500
2020-08-21,202.96356201171875,206.04107316088508,202.80158927107192,203.76390303789307,36249300
2020-08-24,203.60195922851562,205.34556891515348,202.40143298022446,204.65002085311673,25460100
2020-08-25,206.2506866455078,206.38407681542566,203.03978535206127,203.03978535206127,23043700
2020-08-26,210.70974731445312,211.6053732804045,207.09867541897606,207.59413086494803,39600800
2020-08-27,215.88345336914062,220.23770202737023,209.0424043109425,212.3676511643842,57602200
2020-08-28,218.10342407226562,219.75174867918676,215.8834189640669,217.40787607007542,26292900
2020-08-31,214.88299560546875,217.90334192876838,213.72058919228218,216.2835998158093,28774200
2020-09-01,216.54083251953125,216.71232793524112,213.83489480690253,214.86391091647602,25725500
2020-09-02,220.7140350341797,221.8669185708631,216.6170452591316,217.20777104208625,34080800
2020-09-03,207.04153442382812,218.48455170958857,204.8120064646057,218.44644645781082,58400300
2020-09-04,204.1355438232422,208.0515167973751,195.50325664162827,204.9454222745572,59664100
2020-09-08,193.09262084960938,200.11468562366932,192.65433060790423,196.7513346734404,52924300
2020-09-09,201.31521606445312,204.69762722495835,196.9419086014435,197.79942927592472,45679000
2020-09-10,195.6746826171875,204.60234415505118,194.47417119348202,203.32559316845246,35461500
2020-09-11,194.39796447753906,198.78080929672177,191.73968373953392,197.41831048120244,33620100
2020-09-14,195.7128448486328,199.32391711756875,194.3979883338327,194.59808088373535,30375800
2020-09-15,198.9237518310547,199.87654306102945,197.16108224022523,198.58074640672615,21823900
2020-09-16,195.369873046875,200.70549598818133,194.9792250965073,200.67691341019759,26328100
2020-09-17,193.3308563232422,194.68381801574102,190.52012532988843,190.60587304442362,34011300
2020-09-18,190.9298095703125,194.0359033488756,186.98525496432242,193.22603963005503,55225300
2020-09-21,192.9783172607422,193.140304553541,187.109134700145,187.88089322203805,39839700
2020-09-22,197.62789916992188,198.27580458268034,192.5399989329697,195.37931192288303,33517100
2020-09-23,191.12037658691406,198.27584755147745,190.58681585985815,198.08527768743798,30803800
2020-09-24,193.59762573242188,195.8652732003476,189.79598401356498,190.4153069509795,31202500
2020-09-25,198.00906372070312,199.17145554804117,192.9783130746284,193.94064144048286,29437300
2020-09-28,199.5525360107422,202.53477629345028,198.23767986644145,200.92455728506712,32004900
2020-09-29,197.47549438476562,200.1528498081341,197.04674126220954,199.4668389966685,24221900
2020-09-30,200.40054321289062,201.97264262940195,196.78945699327505,197.9232806684825,33829100
2020-10-01,202.43002319335938,203.8877925550821,201.34384181524362,203.4113969587429,27158400
2020-10-02,196.45603942871094,201.0294405520852,195.83671636393865,198.1805893463919,33154800
2020-10-05,200.4481964111328,200.47677898107784,197.20869794579374,197.43737304379223,21331600
2020-10-06,196.18923950195312,200.2576474587062,195.15070058306898,198.96186538347163,28554300
2020-10-07,199.9241485595703,200.1909288915541,196.96096780077255,197.2849132698332,25681100
2020-10-08,200.63876342773438,201.21996661458442,198.48546064844754,200.57206106834602,19925800
2020-10-09,205.62184143066406,205.66948389253287,201.25805652305527,201.25805652305527,26458000
2020-10-12,210.9479522705078,213.29182486837524,206.5746444335624,208.46116681722611,40461400
2020-10-13,212.3390655517578,214.57813087839702,210.02377517799457,212.20567535390106,28950800
2020-10-14,210.43344116210938,213.634819812789,208.78511664370075,212.47241351746592,23421700
2020-10-15,209.29006958007812,209.95702035655543,205.81237378958647,206.8509270041403,22733100
2020-10-16,209.29006958007812,211.79589996444545,208.96612413699438,209.75692785439398,26057900
2020-10-19,204.10693359375,211.80548829345503,203.6305379900933,210.01423617140503,27625800
2020-10-20,204.51658630371094,207.10817903708136,203.03023464101497,205.61230469803786,22753500
2020-10-21,204.65951538085938,206.67942770455164,203.0588188965008,203.0588188965008,22724900
2020-10-22,204.74526977539062,205.86003356811165,201.70586397565597,203.83058396322997,22351500
2020-10-23,206.0220184326172,206.06966089598714,203.09695727371624,204.87867200393134,18879600
2020-10-26,200.16233825683594,206.12680477931295,198.2758161171347,203.75436445560234,37111600
2020-10-27,203.18272399902344,204.53568576239945,200.4005754314339,201.60108711313487,36700300
2020-10-28,193.11170959472656,198.9809067591582,192.5591035035503,197.8661428219542,51195600
2020-10-29,195.055419921875,197.57078816372166,193.76914595817738,194.4361114436148,31432600
2020-10-30,192.91162109375,194.64569338891974,190.19616056013263,193.8929947937588,36953700
2020-11-02,192.77821350097656,195.58894417052068,190.67253889874814,194.64567580398509,30842200
2020-11-03,196.6846923828125,198.29491193475644,193.5309556454268,194.26460898474699,27512000
2020-11-04,206.1745147705078,208.01340959252195,202.39193203736167,203.91640397669642,42311800
2020-11-05,212.74871826171875,213.53953661910697,210.70974588983486,211.5577293870567,36080100
2020-11-06,213.15846252441406,213.76824835120496,207.73707791171776,211.76738088350064,25231900
2020-11-09,208.08004760742188,217.35070093341986,207.59412938058674,213.84443666623005,44395000
2020-11-10,201.0484619140625,206.27929073276394,199.81936768721027,204.37370837033654,44045100
2020-11-11,206.32693481445312,207.74658438097188,202.18228732835718,202.36331998035507,29440800
2020-11-12,205.26934814453125,208.76609026899308,204.33561679521472,206.95579271890833,21593900
2020-11-13,206.288818359375,207.15586184430438,204.04976775287432,206.1459054941405,18621100
2020-11-16,206.97482299804688,207.4607558021883,204.3927670537816,204.72623524216695,24953300
2020-11-17,204.3355712890625,207.40354503928398,203.97350604430233,205.89814800130065,24154100
2020-11-18,201.64169311523438,205.54880785492185,201.498391524417,204.09676961168395,28372800
2020-11-19,202.9217071533203,203.5044317851069,200.54304144458544,201.9282168281664,24792700
2020-11-20,200.98251342773438,203.75283551495997,200.6099526701213,202.7115778304131,22843100
2020-11-23,200.71505737304688,202.79757297783098,198.8522533741571,201.51749377618378,25683500
2020-11-24,204.29736328125,204.66992405352661,199.52093564872897,200.21829000165692,33979700
2020-11-25,204.30694580078125,205.66344973103548,202.96000405638625,205.49150530360316,21012900
2020-11-27,205.60610961914062,206.59961477704968,204.46931745600483,205.2431110137325,14512200
2020-11-30,204.4980010986328,205.1571359367757,201.41241802939734,204.52665850131285,33064800
2020-12-01,206.54226684570312,207.60263424380202,203.81014996443474,204.91826997228236,30904500
2020-12-02,205.73983764648438,205.83537202902343,203.2847614414329,205.27175707094355,23724500
2020-12-03,204.66036987304688,206.70468025105197,204.09674035237035,205.01382084202208,25120900
2020-12-04,204.77500915527344,205.74940448853005,203.64776463709416,204.6412697625912,24666000
2020-12-07,204.7081298828125,205.902236795737,203.46627035457135,204.78455447441974,24620000
2020-12-08,206.35125732421875,207.24922820799597,203.37077062615214,204.40248092390664,23284100
2020-12-09,202.3294677734375,205.60608997626164,201.76585283805662,205.53922757237729,32440600
2020-12-10,201.10671997070312,203.55224866960762,200.9538707828964,202.3008269195042,26733300
2020-12-11,203.72422790527344,203.7815572928785,199.75979798803561,200.65776889930476,30979400
2020-12-14,204.62217712402344,206.5423105513928,203.36120768395418,203.57137168671602,28798400
2020-12-15,204.55531311035156,205.78762513826916,202.74982388365729,205.54880373486253,27000600
2020-12-16,209.4750213623047,210.2679101449516,205.11892143839012,205.14757883974474,35023300
2020-12-17,209.6087646484375,211.01303564686324,208.17583624812565,210.03864025323077,32515800
2020-12-18,208.81590270996094,209.8667228359516,206.36082598142397,208.81590270996094,63354900
2020-12-21,212.6370086669922,213.98396480092967,207.56444469078173,207.82237587263162,37181900
2020-12-22,213.92666625976562,215.5411013062933,211.93012279193636,212.7325592225708,22612200
2020-12-23,211.13720703125,213.5636258075844,210.9270430533982,213.13375024434208,18699600
2020-12-24,212.7898712158203,213.6114174296126,211.30917559396767,211.51933959585654,10550600
2020-12-28,214.90106201171875,215.92321005733746,213.04780555492192,214.413857010838,17933500
2020-12-29,214.1272735595703,217.0217879256929,213.58276831645435,216.1906940710148,17403200
2020-12-30,211.76768493652344,215.54107436358564,211.56708314219108,215.15895141354764,20272300
2020-12-31,212.47462463378906,213.0286920393946,209.857136802446,211.78681782520988,20942100
2021-01-04,207.95611572265625,213.02867970996735,205.20488864757192,212.57969433100567,37130100
2021-01-05,208.15672302246094,208.7490099968448,206.055097651957,207.54534083146888,23823000
2021-01-06,202.7593994140625,206.8098162211592,202.46326316529786,202.6829748052678,35930700
2021-01-07,208.52928161621094,209.53233438460273,204.15408651290377,204.4693179251259,27694500
2021-01-08,209.79981994628906,210.71690054092753,207.3256337272198,208.90184914517474,22956200
2021-01-11,207.7650909423828,209.12159487937964,207.0390644856078,208.70126684156315,23031300
2021-01-12,205.3195343017578,207.3925169546865,203.78153842458812,206.81933974373354,23249300
2021-01-13,206.66647338867188,207.06769157243323,204.36423170367146,204.45021848172806,20087100
2021-01-14,203.4949493408203,207.73641987769744,203.22747053007149,206.25572423330087,29480800
2021-01-15,203.1414794921875,204.91831131296394,202.54920707742923,203.97258788636626,31746500
2021-01-19,206.76202392578125,207.2778717519121,203.12238801060246,204.19230325087497,30480900
2021-01-20,214.3087615966797,215.6939227599558,207.57399540278436,207.96566598543168,37777300
2021-01-21,214.91062927246094,216.18116102733734,212.4746477748108,214.65269804702655,30709400
2021-01-22,215.8468017578125,219.7825887676581,215.70351473291043,216.92627926708488,30172700
2021-01-25,219.26666259765625,219.50548395408435,214.194099319363,218.87499207475443,33152100
2021-01-26,221.94151306152344,223.70878273824454,219.79212038536122,221.49252764749383,49169600
2021-01-27,222.48602294921875,229.6888849420293,219.84943979215547,227.35798561441428,69870600
2021-01-28,228.24639892578125,231.7905151873999,224.5781054386549,225.07485807019364,49111200
2021-01-29,221.58804321289062,227.37707132988027,221.0053184426969,225.43784282406364,42503100
2021-02-01,228.9341583251953,231.6567277604019,222.03699602740483,224.54940149192532,33314200
2021-02-02,228.8004608154297,231.47526355109804,228.0171341621031,230.51043029200613,25916300
2021-02-03,232.13442993164062,234.13097358783594,228.56165609173593,228.85780690916252,27158100
2021-02-04,231.1886749267578,232.36368677142988,229.6220070436973,231.80961934520695,25296100
2021-02-05,231.3701934814453,232.4019037859869,229.6697861026184,231.39885088630734,18054800
2021-02-08,231.62806701660156,232.78395426217978,230.04228965214776,232.27765413370346,22211900
2021-02-09,232.86997985839844,233.81570329400722,230.58684780779984,231.05492843301977,23565000
2021-02-10,231.96243286132812,234.92380917506196,230.1187242605503,234.04494826138287,22186700
2021-02-11,233.55780029296875,234.1882777613112,231.32242073183644,233.83482672549016,15751100
2021-02-12,234.0354461669922,234.33158239830547,231.87649118115476,233.02283109251383,16561100
2021-02-16,232.80308532714844,235.12443679051168,232.05796376520485,234.0736168562319,26728500
2021-02-17,233.81802368164062,233.92334770145064,230.69662531011264,231.0604745803787,21653500
2021-02-18,233.42544555664062,233.5594929778077,230.62001931004644,231.5200582564853,16925600
2021-02-19,230.72535705566406,233.4924904651733,229.96893508329921,233.38716644155568,25262600
2021-02-22,224.53997802734375,227.81457753992933,222.5196825099507,227.3262650669372,36446900
2021-02-23,223.35269165039062,224.84636699354783,219.00569842343597,220.53768137594562,30228700
2021-02-24,224.5782928466797,225.20065276027566,219.26424384032524,220.2312992194705,26339700
2021-02-25,219.2546844482422,224.6165963051779,218.1918745974985,222.21331214271885,39542200
2021-02-26,222.5005645751953,225.36343789150433,219.78129368104075,221.6866957656996,37819200
2021-03-01,226.8666534423828,227.37411967074738,223.23777462814758,225.87086017950287,25324000
2021-03-02,223.92721557617188,227.2113997050835,223.5250732642781,226.9337206213468,22812500
2021-03-03,217.88548278808594,223.6495518308172,217.59823410434785,222.28992364520352,34029500
2021-03-04,217.0907440185547,222.60587139092198,214.7257530035434,217.10032822667858,44727800
2021-03-05,221.7537384033203,223.35273808955003,216.83226150346275,219.76216599500194,41872800
2021-03-08,217.7227325439453,223.4484945119107,217.47379145319076,221.53352258589504,35267400
2021-03-09,223.84104919433594,225.3730324555147,221.82075339106805,222.97931774121983,33080500
2021-03-10,222.53883361816406,226.92412005427826,222.17498436226296,226.92412005427826,29746800
2021-03-11,227.04861450195312,229.001879123352,224.34849750846828,224.97087205019426,29907600
2021-03-12,225.7272491455078,225.79428015596775,223.31438114017362,224.06121880205077,22653700
2021-03-15,224.82723999023438,225.19108927209567,221.95478256941098,224.97087162731992,26034900
2021-03-16,227.60394287109375,229.8540256057872,225.9091890116329,226.23473065851354,28092200
2021-03-17,226.96243286132812,228.40824580326876,223.31441421643075,226.11027106399007,29562100
2021-03-18,220.91111755371094,224.23359433735567,220.5376986886075,222.6728878603491,34833000
2021-03-19,220.55686950683594,222.58673481626653,219.59938366501783,221.19838326764514,46430700
2021-03-22,225.9571075439453,226.82840862757848,220.35580906733205,220.48028691216922,30127000
2021-03-23,227.4794921875,230.80196928781112,226.991179658923,227.39332196658782,31638400
2021-03-24,225.4496307373047,227.88163843332822,225.31558329909987,227.7380213959927,25620100
2021-03-25,222.46226501464844,226.8667058900846,221.72501140908014,225.2964296372037,34061900
2021-03-26,226.4262237548828,226.64645599438444,221.70582606846494,221.70582606846494,25479900
2021-03-29,225.23895263671875,226.7326280661036,222.02179993878485,226.53154963057577,25227500
2021-03-30,221.9931182861328,223.90809014243732,221.2750038400186,223.60168763259222,24792000
2021-03-31,225.74644470214844,228.93487436067073,222.51013782873864,223.00803456543431,43623500
2021-04-01,232.04666137695312,232.51582001169837,227.92947001346326,228.3316122475615,30338000
2021-04-05,238.48098754882812,239.333149299018,232.38179326413973,232.4392400726803,36910600
2021-04-06,237.3224334716797,238.7969551907756,236.38410146861867,237.08306201915883,22931900
2021-04-07,239.2756805419922,240.26188968522158,236.68090236866658,237.27453885214405,22719800
2021-04-08,242.48326110839844,243.33542282364596,241.28640394596803,242.02367204884553,23625200
2021-04-09,244.9727325439453,245.10677996320857,241.70770266251623,242.11941451808443,24326800
2021-04-12,245.0301971435547,246.71538151960232,243.79503226701306,243.88121709356932,27148700
2021-04-13,247.5005340576172,248.17078591119957,245.91110387296226,246.32284503909835,23837500
2021-04-14,244.72377014160156,247.8260145046008,244.312058297405,246.53343216678118,23070900
2021-04-15,248.467529296875,248.8792411187136,246.77279019433294,246.96426979465292,25627500
2021-04-16,249.6548614501953,249.90381713188594,246.64837095197575,248.43886488991882,24878600
2021-04-19,247.73985290527344,250.36338372256756,246.85898238104167,249.12821892691306,23209300
2021-04-20,247.28028869628906,249.13781346064496,245.92064602191053,246.85899261240542,19722900
2021-04-21,249.50164794921875,249.59740237748605,246.31323295097548,247.93138636220118,24030400
2021-04-22,246.2366180419922,250.65061323164073,244.7716514338191,249.1473536226995,25606200
2021-04-23,250.04747009277344,250.39218025695422,246.33241963300034,246.91650130391747,21462600
2021-04-26,250.43035888671875,251.28253513686283,249.1090532408792,250.5356975021957,19763300
2021-04-27,250.83251953125,252.00065320531277,249.06116521613484,250.4590860981629,31014200
2021-04-28,243.73756408691406,245.63339634375507,242.19601148356284,245.1929318712651,46903100
2021-04-29,241.77476501464844,245.21215057985066,238.41399468652585,244.59936017389475,40589000
2021-04-30,241.45875549316406,242.32050145587482,238.9884550529176,239.12250247688505,30945100
2021-05-03,241.1523895263672,243.5365345797902,240.44384472962815,242.62691132381622,19626600
2021-05-04,237.25538635253906,240.53000045768178,235.31169145877024,240.30019861922892,32756100
2021-05-05,235.9915313720703,238.89271223968217,235.36917143271003,238.47141614100633,21901300
2021-05-06,239.11297607421875,239.23745393016438,234.28725303470003,235.97242314483353,26491100
2021-05-07,241.7268829345703,243.48865338351683,240.4917180124829,241.43005005006262,27032900
2021-05-10,236.67132568359375,241.027888860357,236.61387887498904,240.20445051351808,29299900
2021-05-11,235.76173400878906,236.11601370401354,232.25734694226097,234.1531648123597,33641600
2021-05-12,228.83912658691406,233.9904053250569,227.9486717264203,231.87435509010888,36684400
2021-05-13,232.69776916503906,235.1585146453804,231.15621646675106,231.5200657402829,29624300
2021-05-14,237.60009765625,238.58630687070132,235.05319650799913,235.13936672439027,23901100
2021-05-17,234.75636291503906,236.10642140799038,233.16694758064864,236.06812840418084,24970200
2021-05-18,232.7456512451172,235.9340807291474,232.5732962029695,235.80003330084318,20168000
2021-05-19,233.3214569091797,233.42702413188286,228.98363837074533,229.66501482689426,25739800
2021-05-20,236.54605102539062,237.95680642050272,234.03165022443645,234.12762575703587,21800700
2021-05-21,235.2888641357422,238.32150955677835,234.8762015382512,237.59214525609582,21863100
2021-05-24,240.6727752685547,241.03746475817613,237.53456246361,237.80327641054836,21411500
2021-05-25,241.57485961914062,242.56334606960098,240.7111384283455,241.62284738392032,17704300
2021-05-26,241.3541259765625,242.74568324908876,240.64394515378893,241.29653187433004,17771600
2021-05-27,239.26199340820312,241.3445335898177,239.20441394645133,241.04702994155994,24426200
2021-05-28,239.61709594726562,241.92037711076773,239.50193701442453,240.88390278376352,18270200
2021-06-01,237.42897033691406,241.16219011250507,237.00671606727997,241.10461065045544,23213300
2021-06-02,237.33302307128906,239.22362695076313,235.9318592911416,238.12957317758924,19406700
2021-06-03,235.80706787109375,236.4116667965383,233.20628353326998,235.3368112456959,25307700
2021-06-04,240.6822967529297,241.5076363902739,237.53449316952558,237.77441731243022,25281100
2021-06-07,243.5806427001953,243.84935663294988,239.7418554964885,239.90500219538873,23079200
2021-06-08,242.39064025878906,245.69199976341898,242.33304614702865,244.87625158398234,22455000
2021-06-09,243.36952209472656,245.23133633758238,243.00484724739417,243.58065657446144,17937600
2021-06-10,246.8723602294922,247.08349466686664,243.44625075720447,244.0412580022731,24563600
2021-06-11,247.49618530273438,248.07197986770322,246.2677454638202,247.592131538484,18999700
2021-06-14,249.41566467285156,249.4732441492145,246.45017520202194,247.50584774805523,19150500
2021-06-15,247.9471893310547,249.5114994108037,247.29460269889398,249.3003649959735,18038900
2021-06-16,247.00672912597656,250.07774084164856,244.16602059107635,248.94530582063734,27220000
2021-06-17,250.38487243652344,251.2006205192293,245.6919706294516,245.74955009057246,27565500
2021-06-18,248.97413635253906,251.72846151081313,248.32154955086472,249.1660874295597,37202200
2021-06-21,252.04518127441406,252.8992962171979,247.52501743926578,249.34843554518008,26696100
2021-06-22,254.80911254882812,255.077826487449,251.82444020322416,252.13155021525452,24694100
2021-06-23,254.5787811279297,256.07590591956557,253.77263926225072,255.26976405388658,19518700
2021-06-24,255.9414825439453,257.0547340881306,254.77065154813104,255.43284452947933,21446900
2021-06-25,254.3387908935547,256.4789249266626,254.08928968479023,255.50004490547056,25611100
2021-06-28,257.88970947265625,258.06244785704735,255.1929639728323,255.46167788886962,19590000
2021-06-29,260.46173095703125,260.70165518033133,257.1795839833562,258.0336989887395,19937800
2021-06-30,259.9818115234375,260.42326377323786,258.7342176179776,259.7802834314268,21656500
2021-07-01,260.6536560058594,260.8839738651738,258.7342624112472,258.7438394636373,16725300
2021-07-02,266.45977783203125,266.79567752816956,261.5173457785115,261.82445574570187,26458000
2021-07-06,266.4693298339844,268.1104026246158,263.24473441126366,266.8244128478086,31565600
2021-07-07,268.64788818359375,269.3772670421519,265.97993254914314,268.13925010791996,23260000
2021-07-08,266.2390441894531,267.4962443949508,263.7918002820035,265.7399832123837,24618600
2021-07-09,266.7381591796875,266.8437117808058,264.2237579834592,264.6076308865828,23916700
2021-07-12,266.1431579589844,268.4943978499109,265.4329623197288,267.9089967844055,18931700
2021-07-13,269.6556091308594,271.45023740575635,266.2103012391227,266.3350372176916,26120100
2021-07-14,271.1239318847656,272.2275772639754,269.24290521159406,270.97037689383615,23113700
2021-07-15,269.7035827636719,271.12394453030225,268.5519349217963,270.634489804362,22604200
2021-07-16,269.4348449707031,272.6498347308158,268.19682804350134,270.7016516270204,26186800
2021-07-19,265.8456115722656,269.0701786607104,263.3887901846065,267.68821296919947,32935600
2021-07-20,268.0625305175781,269.6460244586933,265.1258605067467,266.8245133835614,26259700
2021-07-21,270.0586242675781,270.17378317649553,266.1142851990735,267.6593827064098,24364300
2021-07-22,274.607666015625,274.87637995751953,271.99728945681113,272.40034572584136,23384100
2021-07-23,277.99530029296875,278.3023809168699,274.95304947678056,275.78798075252445,22768100
2021-07-26,277.4002990722656,278.01451897326893,275.08745596802055,277.35232595583216,23176100
2021-07-27,274.9914245605469,277.9088806345421,271.54611787497487,277.76493202687965,33604100
2021-07-28,274.6844177246094,278.4560190983951,272.3907283274344,277.34276730213355,33566900
2021-07-29,274.953125,276.9876774693035,274.5500394694676,274.70359446740275,18168300
2021-07-30,273.42718505859375,275.1066542513288,272.46748837703086,273.676715567838,20944800
2021-08-02,273.3408508300781,275.212242025892,272.30436188036447,274.8187628216139,16267400
2021-08-03,275.54803466796875,275.653616504969,272.55378648833994,273.9165683073304,17879000
2021-08-04,274.96270751953125,275.99916705627766,273.1776564498441,274.68438727940855,16191300
2021-08-05,277.851318359375,277.95690020325844,274.56917275143024,275.31773484513803,13900200
2021-08-06,277.7938232421875,277.83221931412936,276.0279846719422,276.8821288688246,16589300
2021-08-09,276.7093505859375,279.7995752873609,276.2103188203015,278.07213285524966,16117600
2021-08-10,274.8955078125,277.592253026987,273.70549335133626,277.1603778240849,18616600
2021-08-11,275.385009765625,277.0260831007816,274.3389144756151,275.6345110192113,13955900
2021-08-12,278.1297607421875,278.2833157631849,274.79961127384786,275.0779315798822,14561300
2021-08-13,281.0472106933594,281.09518381779094,277.64026951768847,277.81303719840986,18249000
2021-08-16,282.72662353515625,282.9377579581513,278.33119671669976,281.37344781790824,22507600
2021-08-17,281.26788330078125,281.6037829881996,279.34848998709674,280.60571955216835,20075300
2021-08-18,279.5467529296875,283.4794229415405,279.104426221495,280.80635995342857,21813000
2021-08-19,285.3544616699219,286.0275472712108,277.5372141574895,277.5852791245708,29850500
2021-08-20,292.6524963378906,294.07557732948726,286.5948434162002,288.19099349843,40817600
2021-08-23,292.931396484375,293.6525471548652,290.2391123853567,291.5852544348658,22830200
2021-08-24,290.9794921875,293.892939812754,290.3833456430918,293.2871685357918,18175800
2021-08-25,290.392822265625,292.8735664724447,288.86398709784237,292.59471346387596,20006100
2021-08-26,287.5851745605469,290.79669430920046,287.4505750714238,289.4120831267804,17666100
2021-08-27,288.19091796875,289.29667599402853,285.41207114143054,287.48898771577944,22605700
2021-08-30,291.91204833984375,292.5178193402861,289.4793689535972,289.53705863519326,16348100
2021-08-31,290.26788330078125,292.78709763966935,289.9024956924805,292.71018783230056,26285300
2021-09-01,290.2198181152344,293.45058787896966,289.8929000496603,291.2198217734967,18983800
2021-09-02,289.56597900390625,291.69096108011354,288.6332897832502,290.5756073825475,16285600
2021-09-03,289.55633544921875,290.96016674016533,288.7101809142856,289.4120818879158,14747900
2021-09-07,288.63330078125,289.50830033860336,286.7294820320938,289.43139052137866,17180400
2021-09-08,288.66217041015625,289.0467782166798,286.0275761245904,288.2487177517358,15046800
2021-09-09,285.81597900390625,290.5178943078141,285.5755955060056,289.24866239641324,19927000
2021-09-10,284.3352355957031,288.38331521441347,284.01794225939454,286.9410140892641,19633400
2021-09-13,285.56597900390625,287.0563743400453,282.7679114864811,286.1044357072228,23652900
2021-09-14,288.25830078125,289.79676112846977,286.6333058908585,288.0371373862397,21853400
2021-09-15,293.0947570800781,293.5755240081629,290.21015551156955,291.59476661194844,28356300
2021-09-16,293.4794616699219,293.5659962243114,289.1910274714622,292.07562999255686,19550800
2021-09-17,288.33514404296875,292.7870503575158,288.00822606299056,292.46975710578755,41372500
2021-09-20,282.9794616699219,287.22945511957835,278.38333004418814,284.93137463486613,38278700
2021-09-21,283.4602355957031,286.09485893371766,282.7583344959058,284.316015013533,22364100
2021-09-22,287.09478759765625,288.6717173261203,283.18136680799097,285.3159733040297,26626300
2021-09-23,288.037109375,289.32556135418525,286.085196618995,287.35442848279695,18604600
2021-09-24,287.835205078125,288.26787776636394,285.5082799167376,286.7582917069234,14999000
2021-09-27,282.8544921875,285.06600882591306,281.6717947097084,284.7487154919009,23571700
2021-09-28,272.6141357421875,279.59488265396965,271.87376505360436,278.6525686782069,43186200
2021-09-29,273.0757141113281,275.7391532943879,272.1238046387394,274.13340760514626,26353700
2021-09-30,271.0757141113281,276.7583549818857,270.78723626688867,274.71990732676227,32343600
2021-10-01,277.9794921875,278.8256468235506,270.4699138080857,271.26797413672585,30086300
2021-10-04,272.2198486328125,276.68138001851474,269.46987576086445,276.3448372844205,31350700
2021-10-05,277.6525573730469,279.22945781834716,273.12371126636924,273.12371126636924,24993000
2021-10-06,281.8351745605469,282.3351909458261,274.52754072695535,274.78714430445336,28002600
2021-10-07,283.50830078125,285.22945482720434,282.6140812194665,283.825594084445,20430500
2021-10-08,283.50830078125,285.22945482720434,282.46023226093035,284.82559764308587,17685700
2021-10-11,282.9122009277344,286.50832922582435,281.4891198350352,281.65259355026353,19298600
2021-10-12,281.61407470703125,284.0755993304145,281.10446287508915,283.9794400643769,17974100
2021-10-13,284.912109375,285.8447984376841,282.20057671725624,283.5659677751689,23416300
2021-10-14,291.1044006347656,291.60438772035315,286.37364073387175,287.7005622674281,27262900
2021-10-15,292.5082702636719,292.73905839342854,288.9602072094581,290.7102062536316,25384800
2021-10-18,295.4697570800781,296.3543518258326,291.0466953202489,291.8928498378823,22729300
2021-10-19,296.3736267089844,297.40244575766764,295.4024680074294,296.489006090617,17682100
2021-10-20,295.5851135253906,297.7870341774877,294.3351019599555,297.31586265453666,16537100
2021-10-21,298.8062744140625,299.0562532662077,294.5755019170204,295.35437134682337,16918100
2021-10-22,297.26788330078125,299.1236370552111,295.96018167739544,298.46017618446604,17449300
2021-10-25,296.2774658203125,297.4986033941539,294.67169118488476,297.4601338192577,17554500
2021-10-26,298.1812744140625,300.3831953408259,296.7293781263278,299.03705370094167,28107300
2021-10-27,310.73895263671875,313.55624018654,303.8447410132644,303.8447410132644,52588700
2021-10-28,311.87353515625,312.37352223466706,308.9985287602132,311.8542856977465,26297900
2021-10-29,318.8639221191406,319.2293097590361,311.4408779594298,311.6620413582326,34766000
2021-11-01,316.70037841796875,318.7388253494163,313.8157770598035,318.6138212622399,27073200
2021-11-02,320.3158264160156,320.62352433879016,317.30622029819705,317.60429349098206,26487100
2021-11-03,321.15234375,322.01771844825345,317.9311991041292,321.0561844849301,21500100
2021-11-04,323.4984436035156,323.594602855101,316.8350212145878,320.0850102498618,23992200
2021-11-05,323.13311767578125,325.75811609186775,321.556217155061,325.4888877422965,22570100
2021-11-08,324.02728271484375,324.6618985770728,321.57538313486805,324.3253558608429,20897000
2021-11-09,323.0273742675781,325.69081300942594,321.6619830119795,324.1427279377186,21307400
2021-11-10,318.0754089355469,321.75810028088216,317.2292837348111,321.7004105931885,25500900
2021-11-11,319.6427307128906,320.9311827118845,317.7966019223306,318.50812767039145,16849800
2021-11-12,323.7677001953125,324.258091880674,320.9504128741325,321.07541697774906,23831000
2021-11-15,323.1427917480469,324.88316622775125,321.1812538481177,324.5562481350454,16723000
2021-11-16,326.4504089355469,327.5657918667416,322.60427303916015,322.7677173822912,20886800
2021-11-17,326.6719665527344,329.62928356256526,325.59308293416547,326.4985808420445,19053400
2021-11-18,328.7430419921875,329.87975024868393,324.74538130798175,325.76646969293915,22463500
2021-11-19,330.5154724121094,332.4324456190178,329.63890158471446,330.06275288893943,21963400
2021-11-22,327.3558349609375,336.83466359463443,327.086114106962,331.9700164889101,31031100
2021-11-23,325.2847900390625,326.98983755172486,321.3160273770026,324.6779107140383,30427600
2021-11-24,325.50634765625,325.74717091105794,321.65317557932343,323.9361753313232,21661300
2021-11-26,317.57843017578125,325.52559745058403,316.07569544288083,322.07702143466366,24217200
2021-11-29,324.2733459472656,326.58524340078264,322.4527079617969,322.6453783318279,28563500
2021-11-30,318.4551086425781,325.3811893890692,316.9138335793029,323.0114962502423,42885600
2021-12-01,317.96380615234375,326.82611534101443,317.29916089070014,322.82845444512645,33337600
2021-12-02,317.39544677734375,321.24861933110265,315.7674790215907,318.17571186769004,30766000
2021-12-03,311.1533203125,320.48763300351385,306.3561099885442,319.8036737217345,41779300
2021-12-06,314.2166442871094,315.43040325384777,307.51213114166296,312.05887669946657,30032600
2021-12-07,322.6260986328125,323.4737717636202,317.9830194018074,319.4664988261164,31021900
2021-12-08,322.6743469238281,323.18489117960274,318.6574010643354,323.00186310702526,24761000
2021-12-09,320.8729248046875,324.1384729979598,319.92888702095325,322.1348363640117,22214200
2021-12-10,329.9665222167969,330.4096289397935,322.50099853083947,322.68402662460824,38095700
2021-12-13,326.9416198730469,331.1704900151728,326.63335907507167,328.17463366758005,28899400
2021-12-14,316.2876892089844,322.35645407358095,312.2129483454999,320.9885647798209,44438700
2021-12-15,322.36602783203125,322.8862143337398,312.5886088133381,316.54772931653724,35381100
2021-12-16,312.973876953125,324.39854675005074,311.16288148400196,323.38707150321426,35034800
2021-12-17,311.914306640625,312.993219650069,305.6047483392989,309.101507137352,47750300
2021-12-20,308.16717529296875,310.9510777532028,305.9130724096926,308.3020210736538,28326500
2021-12-21,315.2762145996094,315.7000659257097,308.06112911488344,311.42304210587787,24740600
2021-12-22,320.96923828125,321.3641625402389,313.7926936963985,316.24907907920306,24831500
2021-12-23,322.404541015625,324.0421508973986,320.5164949405719,320.5357502177873,19617800
2021-12-27,329.8797302246094,329.90862784139654,323.11739392269027,323.1462915394775,19947000
2021-12-28,328.72381591796875,331.18984424383433,327.827960266222,330.55406718206604,15661500
2021-12-29,329.3981018066406,331.6618171734092,327.2114075590468,328.771937746174,15042000
2021-12-30,326.8645935058594,330.53473754796454,326.3829469974742,329.35951889161,15994500
2021-12-31,323.97479248046875,326.90318279060705,323.5220434776535,326.0844070470572,18000800
2022-01-03,322.46234130859375,325.5930436513956,317.6747737807834,323.04032300520043,28865100
2022-01-04,316.93304443359375,322.89583055126775,314.1491135080895,322.5393874417457,32674300
2022-01-05,304.76666259765625,314.1009746877151,304.3813512536725,313.89866197929246,40054300
2022-01-06,302.3584899902344,307.0015705102463,300.0562050121712,301.65527533473295,39646100
2022-01-07,302.5125732421875,304.88226603603744,298.7075537396608,302.61852137240913,32720000
2022-01-10,302.734130859375,303.1676245403952,293.505795319919,298.1295907297212,44289500
2022-01-11,303.4180603027344,304.98820330544083,298.5149021278563,301.87678551872176,29386800
2022-01-12,306.5872802734375,311.53862085227667,305.4409591479046,307.9359141133859,34372200
2022-01-13,293.6117858886719,309.10155860505483,292.8411630081282,308.7066048246282,45366000
2022-01-14,298.8135681152344,299.4108052070794,292.6003150974251,293.08196170663894,39846400
2022-01-18,291.5406799316406,298.4282204045511,290.6640795954702,292.9085692050015,42333200
2022-01-19,292.1956481933594,302.38730443677275,291.5887983066239,295.0470165949494,45933900
2022-01-20,290.5292053222656,300.21028923440434,290.0860987267936,297.72500596711825,35380700
2022-01-21,285.1636047363281,292.9469986716374,284.7590087711074,291.5791391743098,57984400
2022-01-24,285.4911804199219,286.20400792942536,265.9170569502406,281.4742645277423,85731500
2022-01-25,277.900390625,284.16179518047517,274.70228017866594,280.8191672649652,72848600
2022-01-26,285.8187255859375,297.1759609807795,282.27381356056463,296.68467202710303,90428900
2022-01-27,288.83380126953125,296.019959606394,286.9939079100606,291.55029488282537,53481300
2022-01-28,296.9446716308594,297.15659723966525,283.64159935308487,289.20943100549425,49743700
2022-01-31,299.5648498535156,300.9134540935953,295.12405410178434,297.6093663560582,46444500
2022-02-01,297.4263610839844,299.2277143206684,293.929602731659,299.0157886812132,40950400
2022-02-02,301.953857421875,303.5529275513087,297.54198780490606,298.26445765509385,36636000
2022-02-03,290.1920471191406,299.8057228648471,288.9493907856898,298.12957287633566,43730000
2022-02-04,294.7099304199219,297.4649349215722,288.95906871396625,289.1902496798736,35096500
2022-02-07,289.9029846191406,296.5400568321185,288.8915095243236,294.9313742925604,28533300
2022-02-08,293.38055419921875,294.34384733210226,288.9397869673649,290.1920562811641,32421200
2022-02-09,299.78643798828125,300.4800101974915,296.10668068130565,298.4956287595179,31284700
2022-02-10,291.280517578125,297.7731024456367,289.66219252942125,292.8795873514991,45386200
2022-02-11,284.21002197265625,293.12048369685596,283.4201145266006,292.06085534207085,39175600
2022-02-14,284.17144775390625,285.866852917156,280.65543402557785,282.9865867276755,36359500
2022-02-15,289.44073486328125,289.75860871286204,286.11736126713663,288.99762818292135,27058300
2022-02-16,289.10284423828125,290.42527991431285,283.48487872602993,288.0120675250117,29982100
2022-02-17,280.6372985839844,286.49655572673316,279.93262997944396,286.0718280004565,32461600
2022-02-18,277.9344787597656,283.65861124098427,276.37072190934305,282.876732815773,34264000
2022-02-22,277.7318420410156,281.41923835084543,274.62362270761514,275.1062652782788,41736100
2022-02-23,270.5404357910156,281.573666522266,270.37635382579157,280.10641436358,37811200
2022-02-24,284.36328125,284.9135007247491,262.094151059809,263.0498031628359,56989700
2022-02-25,286.9888916015625,287.29778988293907,281.5253747646306,284.8942395707059,32546700
2022-02-28,288.4175109863281,288.7553666251348,282.8285026347826,284.0930236175549,34627500
2022-03-01,284.7107849121094,289.5565043668673,282.00796959435814,286.1104303022666,31217800
2022-03-02,289.7688903808594,291.0044539337732,283.50420050610404,285.10654759375143,31873000
2022-03-03,285.64715576171875,292.6068524998791,283.8420480314748,292.37519352194875,27314500
2022-03-04,279.7974853515625,285.3961558141852,277.20089590151974,284.07372012763096,32356500
2022-03-07,269.22772216796875,279.63349635396605,268.86090904664286,278.513761889244,43157200
2022-03-08,266.2738342285156,274.1022802945537,260.6269119121218,268.1561220285429,48159500
2022-03-09,278.484619140625,279.5464381381637,271.03262052810277,273.6002812100965,35204500
2022-03-10,275.6757507324219,276.6506980483507,270.83966326078166,273.1949611124185,30628000
2022-03-11,270.3472900390625,279.4595798639488,269.7294936979138,277.9633709204393,27209300
2022-03-14,266.8433837890625,275.49232901217977,266.2449118112666,270.60798934145595,30660700
2022-03-15,277.18157958984375,277.8283334961411,269.0538964529326,270.6176534268287,34245100
2022-03-16,284.1702575683594,284.34400179367987,273.3687163552092,279.0735246270153,37826300
2022-03-17,284.9714660644531,285.34791193212243,279.32454238410753,283.10847290668306,30816600
2022-03-18,290.0005187988281,290.5507382302181,282.5678431701578,285.1161798417101,43390600
2022-03-21,288.7746887207031,289.72067870618065,284.66256484399344,288.5140723534525,28351200
2022-03-22,293.5045166015625,294.4118867402999,288.39815136686497,289.3923936093338,27599700
2022-03-23,289.0931396484375,292.70332488596847,287.3845961318238,290.0777490123799,25715400
2022-03-24,293.5431823730469,293.6397167673037,287.9638360996713,288.75537689115174,24484500
2022-03-25,293.1377868652344,294.89461290569596,288.9002003810055,294.63399652050595,22566500
2022-03-28,299.91412353515625,300.01062848865905,293.7652320640024,293.7652320640024,29578200
2022-03-29,304.4605712890625,304.85634170771465,298.3213428484819,303.01264366587003,30393400
2022-03-30,302.9643859863281,304.9818578926393,300.7635370012448,302.8678810369213,28163600
2022-03-31,297.6070251464844,304.1999383958244,297.2016219305857,303.00296492746145,33422100
2022-04-01,298.6784362792969,299.3637802401649,294.933126535701,298.6301543643232,27110500
2022-04-04,304.03582763671875,304.17095222292346,298.95841894296694,299.3252319683475,24289600
2022-04-05,300.0877685546875,303.93924580373067,299.11282139815006,302.3947841023135,23156700
2022-04-06,289.10284423828125,296.3424814061848,286.4096909635366,294.59531799298344,40110400
2022-04-07,290.9078063964844,293.1086540396414,286.0620884558716,286.36132431617585,31411200
2022-04-08,286.66064453125,290.6665707873598,285.9945956247322,290.0101841560006,24361900
2022-04-11,275.3572082519531,282.452029428348,275.10622472559214,281.6605181173394,34569300
2022-04-12,272.268310546875,280.64697807098315,270.75280588328843,279.1990504337595,30966700
2022-04-13,277.6352844238281,278.56194983374326,271.5346757707154,272.91505579561334,21907200
2022-04-14,270.11572265625,278.30135109358486,269.6234472757118,278.0889871884744,28221600
2022-04-18,270.78167724609375,272.654332085389,268.67736348503956,269.22758288237094,20778000
2022-04-19,275.395751953125,276.23557450537356,268.74495475070785,269.68128222004106,22297700
2022-04-20,276.4189758300781,279.6430533893089,275.4633531849248,279.35345023812204,22906700
2022-04-21,271.0616149902344,283.11801238910374,270.3376514098414,278.56186707817085,29454600
2022-04-22,264.5169982910156,273.3686730601937,263.8895690490661,271.901421279217,29405800
2022-04-25,270.9748229980469,271.3512688528921,261.3702248757031,263.8027620781208,35678900
2022-04-26,260.8393249511719,268.6967298664818,260.62696106383044,267.86659887115906,46518400
2022-04-27,273.3880310058594,280.8689900877158,269.4689760886624,272.30691647120665,63477700
2022-04-28,279.5754699707031,280.87861047579827,271.68907938541145,275.2896026631033,33646600
2022-04-29,267.8858642578125,279.81680135936267,266.9012842301464,278.59087064005706,37073900
2022-05-02,274.5946350097656,275.04832015441815,266.63103347319105,268.0692987483365,35151100
2022-05-03,271.99798583984375,274.26641131232816,270.42456669386183,274.10229991297473,25978600
2022-05-04,279.9133605957031,280.78211122173315,267.1233340856761,272.77989016075946,33599300
2022-05-05,267.7217712402344,276.40933528615983,264.816254282709,275.6274568786791,43260400
2022-05-06,265.1927185058594,269.5557954403699,261.85281170163194,265.2699283325795,37780300
2022-05-09,255.3950653076172,262.90498063444784,254.17882636789196,260.6848371526901,47726000
2022-05-10,260.1443176269531,264.24677903665463,255.86811198044657,262.2582942158993,39336400
2022-05-11,251.5050048828125,261.93973378756925,250.2983985852397,256.4569218413572,48975900
2022-05-12,246.48550415039062,250.8582435521003,241.3405338858611,248.74426727264887,51033800
2022-05-13,252.05519104003906,253.90855102922657,246.4855077130794,248.4160775334941,34925100
2022-05-16,252.42198181152344,256.59201932670356,246.90055143257808,250.9354349323041,32550900
2022-05-17,257.5572814941406,259.01484142054807,253.34862470791003,256.8719081186117,28828800
2022-05-18,245.83084106445312,255.04176140596195,244.56337491481253,254.4612355715473,31356000
2022-05-19,244.9213409423828,249.30427969315693,243.70225448849024,245.65666082139012,32692300
2022-05-20,244.3601837158203,250.14604290717048,238.43888522978867,248.88823202551862,39199300
2022-05-23,252.1875,253.0099090514097,245.20190974301659,247.19504035705393,33175400
2022-05-24,251.19093322753906,252.84540652501488,245.2696355087697,249.5171198981205,29043900
2022-05-25,253.99679565429688,255.98991161054977,248.78180725280606,249.75902519728396,28547900
2022-05-26,257.26708984375,258.4377968295687,252.94221495828464,253.75493935952196,25002100
2022-05-27,264.3687438964844,264.46550311516876,258.87316278571984,259.763306260141,26910800
2022-05-31,263.0433044433594,265.84914543757435,260.19875384510124,263.68188003957823,37827700
2022-06-01,263.57537841796875,268.674267192914,261.27264493032675,266.26511923779674,25292200
2022-06-02,265.6652526855469,265.73298709587516,253.10669066458044,255.86416618600398,44008200
2022-06-03,261.2533264160156,264.5719880166716,259.69561200341536,261.53391933554974,28059000
2022-06-06,260.02447509765625,265.27817182436934,258.54415089491494,263.2270067357878,22400300
2022-06-07,263.6527404785156,264.2622909881243,257.3057264093207,257.9830113148334,22860700
2022-06-08,261.630615234375,264.1365222872214,260.85657107937885,262.88839638694134,17372300
2022-06-09,256.19317626953125,263.85602423310576,256.03836738291267,259.086091675852,26439700
2022-06-10,244.77622985839844,252.11978854806873,244.33115809000796,252.11978854806873,31422800
2022-06-13,234.3945770263672,240.9351106086177,233.68828195632932,237.1520524259518,46135800
2022-06-14,236.5522003173828,237.76161683238632,233.66894071597716,235.9426496695378,28651500
2022-06-15,243.58616638183594,247.01124236384646,238.41954235569622,240.24817961274056,33111700
2022-06-16,237.01657104492188,239.38702405079715,235.12988456120002,237.99377410485405,33169200
2022-06-17,239.6095428466797,242.36701781701655,236.10707809192962,236.75532343384634,43084800
2022-06-21,245.50186157226562,246.4790647181553,241.40918580520898,242.13483565226932,29928300
2022-06-22,244.91171264648438,248.8205555049251,242.24131124964808,243.71196602157337,25939900
2022-06-23,250.4556121826172,250.94906352812058,245.39543280330932,247.27244944007643,25861400
2022-06-24,259.0086364746094,259.2795445759663,253.22277759883846,253.30985203926372,33923200
2022-06-27,256.2899169921875,259.589179651512,254.73217298282648,259.5021051953525,24615100
2022-06-28,248.1529541015625,258.2443194434438,247.99814522867288,255.4094539301629,27295500
2022-06-29,251.8102264404297,253.4647001181268,247.4563118212705,249.22689953422443,20069800
2022-06-30,248.49156188964844,251.10391358347033,244.68916314620972,248.70442039452854,31730900
2022-07-01,251.1522674560547,251.33610113526663,246.34364079711162,248.06586356040017,22837700
2022-07-05,254.3160858154297,254.44186984497523,246.4693916427345,247.84328689784448,22941000
2022-07-06,257.5669860839844,259.2891938730712,253.88068722348527,255.18686285339652,23824400
2022-07-07,259.6859436035156,260.3245191537176,256.41567617677276,256.51243541651996,20859900
2022-07-08,258.96990966796875,259.395626588486,254.74179480110894,256.1930944319359,19658800
2022-07-11,255.92214965820312,257.8765555845532,253.66778135319444,257.0251218655849,19455200
2022-07-12,245.4341278076172,257.3057634702687,243.8570440782721,257.2477138444937,35868500
2022-07-13,244.5149688720703,245.31802312540924,240.05464064203076,242.06711128352157,29497400
2022-07-14,245.83084106445312,246.85642391031848,237.95512128406688,242.4348047942675,25102800
2022-07-15,248.38511657714844,251.91660674220472,246.49842984837338,247.41758340717305,29774100
2022-07-18,245.9953155517578,252.3713557823353,245.07616196648328,251.3167481398981,20975000
2022-07-19,251.10386657714844,251.28770022998475,245.44379198460823,249.21716520404595,25012600
2022-07-20,253.7548828125,256.2704746520032,250.5039859319842,251.46183420449947,22788300
2022-07-21,256.24151611328125,256.2899104944366,248.6850833881356,251.35548474975212,22404700
2022-07-22,251.90692138671875,256.71556241158675,250.65882485957425,256.62848796970013,21881300
2022-07-25,250.42657470703125,253.0099010286227,248.47216851036575,252.526134487459,21056000
2022-07-26,243.7216033935547,251.44252883940965,241.46726406430727,251.42315927857734,39348000
2022-07-27,260.014892578125,261.2823588535323,250.4460034852064,252.68100307171994,45994000
2022-07-28,267.4358215332031,268.81938674780196,259.17308078267786,260.9920476929204,33459300
2022-07-29,271.6252746582031,272.8443759995339,267.64872718084746,268.6839948428737,32152800
2022-08-01,268.9839172363281,272.14774020428075,266.8843571782586,268.8000835642348,21539600
2022-08-02,265.8975524902344,268.86788729804124,263.53676848634376,267.03923488629255,22754200
2022-08-03,273.29913330078125,274.295691421878,267.62937279083735,267.7745264077172,23518900
2022-08-04,274.4408264160156,274.5859505118883,271.07382928467115,272.6508838288538,18098700
2022-08-05,273.724853515625,274.4408187197017,269.6321769661417,270.0869188049732,16774600
2022-08-08,271.2189636230469,276.63715644551485,270.251430244991,274.82784422605897,18739200
2022-08-09,273.13458251953125,273.88925715701384,268.5968499150632,270.5609704551994,23405200
2022-08-10,279.7719421386719,280.4008328998237,277.6240169581476,278.8140935874834,24687800
2022-08-11,277.7012939453125,281.755259328041,277.20787222386883,281.40696164231605,20065900
2022-08-12,282.43267822265625,282.43267822265625,277.6240360455356,279.11404574842857,22619700
2022-08-15,283.9419860839844,284.62892642888846,280.6910589868737,281.55217775836655,18085700
2022-08-16,283.2066345214844,284.49347021164397,280.9910047541906,282.51000943686375,18102900
2022-08-17,282.4600524902344,284.42831264174936,280.6663108728771,280.9280886741136,18253400
2022-08-18,281.34503173828125,283.0321034033775,280.2881560238518,281.36441282325103,17186200
2022-08-19,277.44732666015625,280.45305241376826,276.87527385505905,280.1136910305551,20570000
2022-08-22,269.302734375,273.8694799294029,268.7888545532896,273.5010322101689,25061100
2022-08-23,268.0326232910156,270.37900717902073,267.02424456116967,268.0326232910156,17527400
2022-08-24,267.4023742675781,268.79858174374715,266.74303270034477,267.0339265183886,18137000
2022-08-25,270.36932373046875,270.53413693993167,266.1709957164904,268.89553264663925,16583400
2022-08-26,259.9365539550781,271.813993730699,259.82991359676106,270.59230474229855,27549300
2022-08-29,257.1634826660156,259.26746916598336,255.82544832955261,257.7646216660064,20338500
2022-08-30,254.97230529785156,258.92820740488224,252.73256160080248,258.5597891845219,22767100
2022-08-31,253.51788330078125,258.9863379304906,253.3821269343252,257.31867689878567,24791800
2022-09-01,252.4803924560547,252.9555101006961,247.64216387595837,250.9969258611679,23263400
2022-09-02,248.2724151611328,256.68842221316766,246.7307755662362,253.74089939007345,22855400
2022-09-06,245.5478515625,249.98854598700117,244.27769525029933,248.40814439377215,21328200
2022-09-07,250.24069213867188,250.95817701237237,245.5188084309381,246.95379297306187,24126700
2022-09-08,250.65760803222656,252.5095226601968,247.04105284590432,249.67834533210234,20319900
2022-09-09,256.41693115234375,257.1635319672501,252.37377054080144,252.57737549512018,22084700
2022-09-12,258.5403137207031,259.31600091262334,257.09563886057305,257.69677794091064,18747700
2022-09-13,244.32620239257812,252.48041678186516,243.9383587650543,250.96786362132625,33353300
2022-09-14,244.5491943359375,246.49805856116708,242.26096879830945,245.8193507310912,23913000
2022-09-15,237.9171905517578,243.75409186720634,236.5985520403679,242.17367559750508,31530900
2022-09-16,237.2967071533203,237.83967345913706,234.69820652512584,236.83129478142976,39791800
2022-09-19,237.08338928222656,237.68452841666505,233.52500718935042,235.09573320886867,26826900
2022-09-20,235.07635498046875,236.10411478867206,232.3518179959653,234.7079219968837,26660300
2022-09-21,231.6827850341797,240.12789337863492,231.634302730604,236.84099440441966,28625600
2022-09-22,233.6510467529297,236.44346175605514,230.3447666716902,230.6356309055808,31061200
2022-09-23,230.68409729003906,233.79647753038185,228.04681992346752,232.25482322354088,34176000
2022-09-26,230.22840881347656,234.10675645335732,229.69513305404854,229.84057996737735,27694200
2022-09-27,229.2200164794922,234.44608868363423,227.36810216062796,232.6814336251009,27018700
2022-09-28,233.73831176757812,234.95998588678188,227.5911198226186,229.60786226959718,29029700
2022-09-29,230.27685546875,232.65234007148365,227.28083593148932,231.6245804731783,27484200
2022-09-30,225.81675720214844,233.224399677071,225.65192922341265,231.04282940218874,35694800
2022-10-03,233.41835021972656,234.26188606885609,227.52326022905194,228.25045038719026,28880400
2022-10-04,241.31077575683594,242.74576012730563,237.529378230904,237.63603337433412,34888400
2022-10-05,241.6210479736328,242.95908260476142,236.67616375353109,238.50868236825332,20347100
2022-10-06,239.28433227539062,242.72636855289312,238.59593389672287,240.38966069294162,20239900
2022-10-07,227.1160430908203,233.98072018796898,226.07857799580754,233.5734806664739,37769600
2022-10-10,222.27777099609375,227.42627446967683,219.83440814949287,225.96220374690327,29743600
2022-10-11,218.55458068847656,222.0935668585732,217.29411479408543,220.69735939369207,30474000
2022-10-12,218.88421630859375,220.9300450129457,217.14866247633316,218.54485501658382,21903900
2022-10-13,227.1160430908203,228.91947533494175,212.465584291104,213.16368804977824,42551800
2022-10-14,221.6087646484375,230.02478606979594,221.3954543611521,228.3764766144597,30198600
2022-10-17,230.3059844970703,231.69250151345716,227.98867230404574,228.64799911599317,28142300
2022-10-18,231.24644470214844,236.51129376308393,228.21163337698803,235.8422913191834,26329600
2022-10-19,229.2879180908203,232.32272998256715,227.16452030041103,229.8308844163688,19985700
2022-10-20,228.96792602539062,233.97099766347205,227.72685605551754,228.59949308712024,21811000
2022-10-21,234.75633239746094,235.6095734471352,227.3680863100955,227.60079244947556,26299700
2022-10-24,239.73033142089844,240.30238407052286,233.96129303725664,236.346468231669,24911200
2022-10-25,243.0366668701172,243.4050998483293,238.3535601564571,239.74006238454706,34775500
2022-10-26,224.2848358154297,231.05254784281726,223.06314692358666,224.139388912023,82543200
2022-10-27,219.8538055419922,226.58274025958372,218.9133051682239,224.01332637862237,40424600
2022-10-28,228.69644165039062,229.40425069094275,219.17510664004706,219.3593305055409,40647700
2022-10-31,225.07020568847656,227.77534655596756,224.11999990021067,226.65062223193135,28357300
2022-11-01,221.2306365966797,228.57041637850017,220.41618716835114,227.46508792727667,30592300
2022-11-02,213.4060821533203,224.26545245124476,213.34789451187777,222.48141610977814,38407000
2022-11-03,207.7340087890625,213.7066680884104,207.47221616405207,213.39639315584648,36633900
2022-11-04,214.65684509277344,214.8507595155396,206.93892679101333,210.93363491466297,36789100
2022-11-07,220.93978881835938,221.46337409255833,214.55021392738465,215.23862721909845,33498000
2022-11-08,221.90933227539062,224.6047824698309,218.97148537429405,221.74450429023085,28192500
2022-11-09,217.68194580078125,221.67665381960256,217.507427263288,220.45496487826287,27852900
2022-11-10,235.59019470214844,235.92955599741592,227.85289624042093,228.2698114597355,46268000
2022-11-11,239.5946044921875,240.44784564522814,234.5721369704996,235.59991144789905,34620200
2022-11-14,234.20370483398438,236.491930374749,231.9348751725974,234.63032541196574,31123300
2022-11-15,234.6109619140625,239.48798322283633,232.7299608122821,238.18874022491158,31390100
2022-11-16,235.03872680664062,237.05143476413045,233.76499097023776,236.06938283193108,24093300
2022-11-17,234.99012756347656,236.51667602662837,231.05224616268976,231.19808812700944,23123500
2022-11-18,234.54287719726562,236.99312613856966,232.41349542511938,236.76948200355858,27613500
2022-11-21,235.34988403320312,237.8973557920272,234.51368886128466,234.74703599252672,26394700
2022-11-22,238.24740600585938,238.5196542333606,234.04699418411522,236.84726378647278,19665700
2022-11-23,240.72679138183594,241.40741186039304,237.50841717604806,238.32516175031657,19508500
2022-11-25,240.63931274414062,241.81581080755163,239.9003405690243,240.46428755240743,9200800
2022-11-28,235.06793212890625,239.82257338781716,234.13451381597585,239.26835904634282,24778200
2022-11-29,233.6775360107422,236.06943355765867,231.61622351723406,234.71791011091975,17956300
2022-11-30,248.07754516601562,248.2622882065125,233.22050747543122,233.9108607052224,47594200
2022-12-01,247.6400146484375,249.03042418074372,243.97436658880594,246.84270566954237,26041500
2022-12-02,247.9608612060547,248.9720667058495,242.778397783122,242.90480403425175,21528500
2022-12-05,243.27426147460938,246.79406707607905,241.19349897491784,245.03415685713742,23435300
2022-12-06,238.33489990234375,244.8883372658951,237.03199561292425,243.87713173110765,22463700
2022-12-07,237.60568237304688,239.3461423733255,235.50548378588942,238.0529558163032,20481500
2022-12-08,240.55177307128906,241.85469212330918,236.33191114744716,238.062638200754,22611800
2022-12-09,238.62660217285156,241.43660437225947,237.40148518904434,237.92653108598594,20609700
2022-12-12,245.52037048339844,245.54953887897582,240.32818836078783,240.60043661045466,30665100
2022-12-13,249.80828857421875,256.61452370043395,246.0648533202343,254.44624097086364,42196900
2022-12-14,250.10000610351562,255.32135671859504,247.27055298866887,250.01250091515968,35410900
2022-12-15,242.11721801757812,247.16355744305537,240.49344660406408,246.69684834391964,35560400
2022-12-16,237.91680908203125,242.92424748334844,236.7694646066407,241.6699621291789,86102000
2022-12-19,233.79417419433594,238.42242358687312,232.1023480969562,238.08210589515767,29696400
2022-12-20,235.1068115234375,236.18608654823132,231.82036751639754,232.77323628356203,25150800
2022-12-21,237.6640167236328,238.82107914890844,233.463604755998,234.99987114249353,23690600
2022-12-22,231.59674072265625,235.29155709825014,227.39631414751827,234.58175331390822,28651700
2022-12-23,232.1217803955078,232.25790450291396,227.46437751544144,229.57430859844388,21207000
2022-12-27,230.40077209472656,232.31622733519188,229.30204661323555,232.0925980656862,16688600
2022-12-28,228.0380401611328,233.08437961165026,227.6880046259404,230.33271426152407,17457100
2022-12-29,234.3386688232422,235.2234829457409,229.12703678909463,229.12703678909463,19770700
2022-12-30,233.18161010742188,233.31773420922855,230.10907771074054,231.61617551843796,21938500
2023-01-03,232.94825744628906,238.9474656895386,230.82859367762717,236.35137496373926,25740000
2023-01-04,222.75836181640625,226.42399496515415,219.70527974958796,225.85033012794412,50623400
2023-01-05,216.15628051757812,221.25123850297186,215.62150198648686,220.9109208459828,39585600
2023-01-06,218.7037811279297,219.51080795719037,213.2782522890228,216.82721193090404,43613600
2023-01-09,220.83316040039062,224.8391261091335,220.14282198786435,220.18170823285104,27369800
2023-01-10,222.5153045654297,224.90720202339816,221.03737489705813,221.45546512498274,27033900
2023-01-11,229.2436981201172,229.41870845172386,224.71268716284243,224.88769749444907,28669300
2023-01-12,231.9078826904297,233.25940599267489,227.09490487805533,228.74784480479596,27269500
2023-01-13,232.60794067382812,232.74406478160432,228.41724688827324,230.43967280124468,21333300
2023-01-17,233.69696044921875,234.24145690846152,230.52718988997353,231.3828356610212,29831300
2023-01-18,229.28260803222656,235.67075285086767,229.0006419678325,234.883176604496,30028700
2023-01-19,225.510009765625,229.00064735365646,224.29461063179636,227.3088064182575,28623000
2023-01-20,233.57052612304688,234.07613627577243,228.0185768034781,228.3588944678233,35389800
2023-01-23,235.865234375,238.3835379806386,233.01633090813738,234.42620586269453,31934000
2023-01-24,235.34017944335938,237.19731304543689,233.7844773158166,235.78745289233305,40234400
2023-01-25,233.94976806640625,236.56530958865662,224.5085403000208,227.9894454823822,66526600
2023-01-26,241.13519287109375,241.43660948835614,235.30127691453504,236.90559786802248,33454500
2023-01-27,241.29074096679688,242.9145122822852,239.99755462505527,242.09776769900014,26498900
2023-01-30,235.99163818359375,238.80164053803622,235.49574581512883,237.74180116090332,25867400
2023-01-31,240.9504852294922,241.08660936169008,236.2250120168832,236.71117175136388,26541100
2023-02-01,245.75369262695312,248.11642130402413,238.6752096108031,241.13517614830616,31259900
2023-02-02,257.2757263183594,257.36323150604915,250.12917259535388,251.65572121722164,39940400
2023-02-03,251.19869995117188,256.8867738555353,249.9833008123263,252.3557623051793,29077300
2023-02-06,249.66241455078125,251.1500618843591,247.72750865015405,250.31388153410032,22518000
2023-02-07,260.1537780761719,261.3302762498554,252.88081823202182,253.31837383415902,50841400
2023-02-08,259.34674072265625,269.0991022332483,258.84111568990085,265.63764785701306,54686000
2023-02-09,256.3228454589844,266.39609026500864,255.5255363984652,266.2210502148411,42375100
2023-02-10,255.8172149658203,256.77980158203474,253.44475348885342,254.29066653617278,25818500
2023-02-13,263.8097229003906,266.9989295409681,259.7551376978075,260.2315944105398,44630900
2023-02-14,264.6361999511719,267.35868256455376,261.82618247447147,265.1223596801926,37047900
2023-02-15,262.52093505859375,263.89534271397224,259.4601911138888,261.54618038787015,28922400
2023-02-16,255.5319061279297,260.0060260617434,255.28821748394975,257.3546924253558,29603600
2023-02-17,251.54519653320312,253.5239473924271,249.53720422274546,252.8416369479222,30000100
2023-02-21,246.29124450683594,249.04005963500097,245.2385077475541,248.0555479638784,28397400
2023-02-22,245.16055297851562,247.91911060638247,244.0200917469653,247.6754219276689,22491100
2023-02-23,248.33827209472656,250.35600669518152,244.1565658834327,249.108321803698,29219100
2023-02-24,242.92837524414062,244.66343747539474,241.83665470499022,243.64969909955178,24990900
2023-02-27,243.84466552734375,246.43751687765263,243.09410016308004,246.08660455299744,21190000
2023-02-28,243.1233367919922,245.141086337107,242.45075361028725,242.78218154124548,22491000
2023-03-01,240.05284118652344,244.59518672884,239.58494822729267,244.4294802167035,27565300
2023-03-02,244.77066040039062,245.0533327272031,239.4095093951341,240.32578121944115,24808200
2023-03-03,248.84510803222656,249.16677885152734,245.04357084699137,245.82337754163785,30760100
2023-03-06,250.38526916503906,253.5532223719332,249.51773795870963,249.9563746587947,24109800
2023-03-07,247.73390197753906,251.18454195758378,246.99309375726955,249.82961864090797,21473200
2023-03-08,247.29527282714844,248.11406323334165,244.47823224326854,247.62668586676327,17340200
2023-03-09,245.95010375976562,253.00731800229747,245.22877995450497,249.36174508099094,26653400
2023-03-10,242.31427001953125,246.40823683070676,241.3492723748031,244.74141460422547,28333900
2023-03-13,247.50970458984375,251.3989810865607,239.5264614444424,241.15429996225072,33339700
2023-03-14,254.206298828125,254.47922896742975,249.40075019061067,250.26828132059583,33620300
2023-03-15,258.7389221191406,259.7526754623926,252.66618887408737,253.41676912459158,46028000
2023-03-16,269.2272033691406,269.57810070864684,256.6333622072751,258.51463124296953,54768800
2023-03-17,272.3756408691406,276.1771774428226,269.34416867421294,271.2351947706092,69527400
2023-03-20,265.357421875,270.4748828771733,263.03750146113805,269.9875056388711,43466600
2023-03-21,266.8683776855469,268.0575797747977,262.7159125670362,267.94061395407743,34558700
2023-03-22,265.4159851074219,273.9450893595406,265.30874661401754,266.497948625342,34873300
2023-03-23,270.6504211425781,273.9645815107582,268.2525326655101,270.9233512964952,36610900
2023-03-24,273.4869384765625,273.54542137989336,268.3304776871036,270.24098860593506,28172000
2023-03-27,269.4026794433594,274.3544196920251,268.56437502402,273.41866361100745,26840200
2023-03-28,268.2817687988281,269.1687992182552,265.18202599070054,268.8276290958363,21878600
2023-03-29,273.428466796875,274.0425670542095,271.3814758548116,271.9175790730678,25087000
2023-03-30,276.8789978027344,277.2786507086976,274.3739014000633,277.0544762167483,25053400
2023-03-31,281.0217590332031,281.96727225154604,275.8555711889492,276.5671528059377,32766000
2023-04-03,279.978759765625,280.9924830784479,276.7815660353918,279.28666261801845,24883300
2023-04-04,279.9300231933594,283.117489822551,278.45816395278734,279.9787787723989,25824300
2023-04-05,277.1617126464844,279.90077062602654,275.7775778065867,278.63360157573726,22064800
2023-04-06,284.23846435546875,284.7063275533511,274.91005513471964,276.0602584923825,29770300
2023-04-10,282.0843200683594,282.2890102574726,277.52244476659155,281.9088415876765,23103000
2023-04-11,275.6898193359375,278.7603200001052,274.5298887759889,278.53611574215296,27276600
2023-04-12,276.3331298828125,279.7642845895969,274.8417567621939,277.6003285178027,27403400
2023-04-13,282.52288818359375,282.58137108364906,276.02129123451107,276.4306715348985,24222700
2023-04-14,278.91632080078125,281.197243201843,276.5281599154827,279.75459555412215,20987900
2023-04-17,281.5091247558594,284.238455563406,278.9357880056503,282.61060224538903,23836200
2023-04-18,281.0899658203125,284.39439803515654,279.7643139062447,284.2091922902282,20161800
2023-04-19,281.16796875,281.75279769664104,277.3566747962618,278.7700510801762,17150300
2023-04-20,278.8870849609375,281.73338210050423,277.88308869454204,278.0488101013178,23244400
2023-04-21,278.5458984375,279.04300308117706,275.91404898236954,277.8148324496472,21676400
2023-04-24,274.6566162109375,277.75635870948304,271.6836263278282,274.9685448486902,26611000
2023-04-25,268.4669494628906,274.49092630001803,268.41819388016194,272.45369257019934,45772200
2023-04-26,287.913330078125,292.00731227294943,285.33999278918486,289.20977066358734,64599200
2023-04-27,297.1344299316406,297.49511411918564,287.7962940057379,288.49811850361414,46462600
2023-04-28,299.50311279296875,301.1309363430766,295.65282016140077,296.33516029137365,36469600
2023-05-01,297.8460693359375,300.8093322076719,297.4464163049507,299.2204771506516,21294100
2023-05-02,297.6998596191406,301.3746744145902,296.2377274555762,299.9905392914893,26404400
2023-05-03,296.7153015136719,300.8190101503688,296.41312996008793,298.87925796823623,22360800
2023-05-04,297.6998596191406,299.9905392914893,295.74059300087464,298.5088929942314,22519900
2023-05-05,302.8075256347656,304.0942089102195,296.58858621722317,298.00199235653776,28197100
2023-05-08,300.8580017089844,302.36888918912433,298.36263230970064,302.3006492277248,21318600
2023-05-09,299.249755859375,302.2130191000209,298.5771725950975,300.2245107644544,21340800
2023-05-10,304.4256286621094,305.09821176430125,299.9027824610233,300.8287815493971,30078000
2023-05-11,302.28118896484375,303.26570080657984,298.5284068792122,302.2714616451602,31680200
2023-05-12,301.16998291015625,302.80756378679547,298.8598188614768,302.71008236022425,19774700
2023-05-15,301.6475524902344,302.07644689728147,299.82476613385916,301.2966551101867,16336500
2023-05-16,303.8700256347656,305.790293615096,302.0082405576207,302.0082405576207,26730300
2023-05-17,306.7420349121094,307.1620885056331,303.55737876771076,305.0715691203483,24315000
2023-05-18,311.1575927734375,311.665592368816,306.4685537852504,307.2598287418547,27276000
2023-05-19,310.9817199707031,311.3822465947649,309.05725438357535,309.4186972410466,27546700
2023-05-22,313.7561340332031,315.13354641281757,310.6594231373723,311.23578210832846,24115700
2023-05-23,307.9729309082031,315.26048835857114,307.9631525133489,312.63266399021563,30797200
2023-05-24,306.5954895019531,309.1842298558464,305.38413133071174,307.45515342600294,23384900
2023-05-25,318.3865661621094,319.3438949651791,312.6033903237595,315.7684901108892,43301700
2023-05-26,325.1954040527344,325.69359534814544,316.3936568169518,316.5304052743781,36630600
2023-05-30,323.5542297363281,327.9795197443462,322.8801763737934,327.4813284245179,29503100
2023-05-31,320.7994689941406,328.1749431768424,319.76394285514135,324.6093167826368,45950600
2023-06-01,324.8926086425781,325.82066191290807,317.2143019258067,318.3963251868189,26773900
2023-06-02,327.6473693847656,329.6988347635074,324.8632399287716,326.5239570954144,25873800
2023-06-05,328.1749267578125,330.73436207197636,326.92451447409195,327.4715679849584,21307100
2023-06-06,325.9671936035156,327.61813272213266,324.49211655757586,327.5790489490728,20396200
2023-06-07,315.9052734375,326.75845825838536,315.045609330463,323.9841067025186,40717100
2023-06-08,317.7418212890625,319.0899281933469,315.8759662068324,316.45232513607897,23277700
2023-06-09,319.2364501953125,322.3624661949436,316.9114577219513,317.47803824659906,22529000
2023-06-12,324.179443359375,324.4236647224886,317.6440772974819,320.98500885005564,24260300
2023-06-13,326.5631103515625,329.1909351194717,322.7532623015664,326.7389426125968,22951300
2023-06-14,329.5426025390625,331.2033200737011,325.1173117243528,326.61194558065387,26003800
2023-06-15,340.05389404296875,341.7536655006573,329.40584662971514,329.679373413851,38899100
2023-06-16,334.417236328125,343.3459850753044,334.04604484014123,343.1994581968657,46552000
2023-06-20,330.23614501953125,334.17299255500126,328.09676330100183,331.4670303403785,26375400
2023-06-21,325.8499755859375,329.92360187076076,324.39442550484875,328.59502188215436,25117800
2023-06-22,331.8578186035156,332.2583453008443,325.63506173065974,326.39703135157714,23556800
2023-06-23,327.2762145996094,330.14826075055646,325.7425268104143,326.6314665032556,23146900
2023-06-26,321.00457763671875,328.3409673865728,320.89710473059927,326.00622657027685,21520600
2023-06-27,326.83660888671875,328.3800749537934,321.6884029069419,324.1892275549751,24354100
2023-06-28,328.0870666503906,330.16783795083114,326.09421148504384,326.9245702882871,20259500
2023-06-29,327.3055114746094,328.3410078355039,324.93168659890875,326.97337394490575,16997000
2023-06-30,332.6685791015625,334.80796061953606,329.40578527983763,329.9430603518384,26832800
2023-07-03,330.17755126953125,333.02029191600536,328.7903904255227,331.3498259032752,12508700
2023-07-05,330.33380126953125,333.75290026498266,326.99286980308096,327.3445342470537,18172400
2023-07-06,333.3817138671875,335.0619581701481,327.7450950952517,329.5034771232006,28161200
2023-07-07,329.4253234863281,333.8896972947202,329.21040748776585,331.47678896129895,21214800
2023-07-10,324.159912109375,327.4813467591402,320.017927004541,326.86590410565805,32791400
2023-07-11,324.7851257324219,325.1660955778508,319.44156081618985,323.40771358997307,26698200
2023-07-12,329.40582275390625,333.75294560855826,327.91118903960694,328.8196854554752,29995300
2023-07-13,334.7395935058594,335.79461674267833,331.1837159282275,331.711242452727,20567200
2023-07-14,337.2599792480469,343.3069035731136,336.35148278353853,339.55566639937143,28352700
2023-07-17,337.7386474609375,338.9695029653532,334.29024270759476,337.689785296776,20363900
2023-07-18,351.1805114746094,358.30201415620235,334.2608795546249,337.83625376752536,64738600
2023-07-19,346.87249755859375,354.0819174710134,344.29353528638507,353.38833709875524,39732900
2023-07-20,338.8522644042969,349.6956992819866,337.3869361725058,345.3974090978353,33778400
2023-07-21,335.8239440917969,342.20300571747845,331.97501253322577,341.07959326630163,69405400
2023-07-24,337.1329650878906,338.901155398555,334.397697414045,337.8558806826926,26678100
2023-07-25,342.8672790527344,343.75624842360725,337.0938822455354,339.0867071747874,41637700
2023-07-26,329.9626770019531,336.70321228068315,325.4103859956427,333.5478606909615,58383700
2023-07-27,323.0755310058594,333.44027047963834,321.44411931935497,332.60994176424407,39635300
2023-07-28,330.54876708984375,332.1508737419497,325.46897998950345,325.95742277677743,28484900
2023-07-31,328.1553955078125,329.89425053304086,325.6545411607463,329.13228102338303,25446000
2023-08-01,328.5657043457031,330.7148646247149,325.98674182307207,327.44229185029457,18311900
2023-08-02,319.9300231933594,325.9183364890345,318.8163593371292,325.9183364890345,27761300
2023-08-03,319.1094665527344,322.25503950417715,318.4158860961526,318.4647184532504,18253700
2023-08-04,320.2035827636719,327.3934767757319,319.6760561560359,324.2088199611453,23741500
2023-08-07,322.47967529296875,323.45656084506595,319.94954529049863,320.77990397221754,17741500
2023-08-08,318.5135192871094,321.151122177393,315.5340303066097,319.4024887084689,22327600
2023-08-09,314.78179931640625,319.5489751191951,313.6290518646597,318.92378395332815,22373300
2023-08-10,315.46563720703125,320.6724537793776,313.75608752866935,318.4842099187915,20113700
2023-08-11,313.5900573730469,314.9576912566164,311.8316453980151,312.8573931698293,24355500
2023-08-14,316.5500183105469,316.56954529016974,312.6815298680751,313.9612774318456,18836100
2023-08-15,314.42034912109375,317.5756999823602,313.48254739923874,315.53401288819225,16966300
2023-08-16,313.6568298339844,317.5922437105838,313.0694515072215,314.0484054267254,20698900
2023-08-17,310.2108459472656,315.0958152353926,309.55493383854684,313.7938199901148,21257200
2023-08-18,309.8193359375,311.679342341884,304.99307058455463,307.8711973932979,24755000
2023-08-21,315.1056823730469,315.9769357985516,310.3675491383052,311.23880256380994,24040000
2023-08-22,315.67340087890625,319.2172084832267,314.6944471815671,318.6494284839002,16084600
2023-08-23,320.1178894042969,322.2715996929162,316.6523846218089,317.00482352144604,21166400
2023-08-24,313.2358093261719,325.9720062281622,313.2260102293042,325.8447374700637,23281400
2023-08-25,316.18255615234375,318.5124414479657,312.0905059538923,314.70432613416926,21684100
2023-08-28,316.88739013671875,319.2858092722639,314.949050654982,318.8061314202153,14808500
2023-08-29,321.49822998046875,322.0562408320529,315.1056626837717,315.1056626837717,19284600
2023-08-30,321.8702087402344,322.86873080054954,319.57946057224274,321.75273907140877,15222100
2023-08-31,320.8619079589844,323.9456064626788,319.9025224771531,322.27160382501023,26411000
2023-09-01,321.74298095703125,325.00288418337306,319.9025429102048,324.33720272503615,14942000
2023-09-05,326.5300598144531,327.80271780347465,321.7429908017799,322.0758315411327,18553900
2023-09-06,325.8741455078125,327.42087936565457,323.23095829944674,326.3636224074877,17535800
2023-09-07,322.9666748046875,326.0699418421109,322.1051906191248,324.3176359252016,18381000
2023-09-08,327.2348937988281,329.0851309217736,322.5261281543159,323.14287386196446,19530100
2023-09-11,330.8276672363281,331.29757584054045,328.37048350695864,330.1423875895978,16583300
2023-09-12,324.7875061035156,329.7018735211136,324.50363099894156,328.75228709732,17565500
2023-09-13,328.9872131347656,329.76059500536803,324.2001445661415,324.3371825636095,16544400
2023-09-14,331.5716552734375,333.68616913545833,329.4864789543326,332.01216654665086,20267000
2023-09-15,323.2701416015625,330.29902307578516,322.71213073688756,329.829144347891,37679800
2023-09-18,322.1345520019531,323.4463465779978,319.4913646526402,320.90106058890035,16834200
2023-09-19,321.7331848144531,322.45763099664185,317.6803313099975,319.3053983263758,16505900
2023-09-20,314.0190124511719,322.65339248865484,313.76450476801705,322.5750893265996,21436500
2023-09-21,312.80511474609375,318.50263318201627,308.37045511046944,312.54080796824985,35560400
2023-09-22,310.3381652832031,314.68472270748657,309.49624944861836,314.5574539286877,21447900
2023-09-25,310.85699462890625,310.9842634015669,308.3704436389246,309.9269765789233,17836000
2023-09-26,305.5706787109375,309.23195666524725,303.49527138826676,308.4977412546043,26297600
2023-09-27,306.2070007324219,307.6852008158054,303.1722376476752,305.7272930031046,19410100
2023-09-28,307.0391540527344,308.84042586965904,302.9373343071566,304.4449019920562,19683600
2023-09-29,309.1047058105469,312.74641565358826,308.3509220336715,311.0626136858314,24147300
2023-10-02,315.02734375,315.1154758886586,308.5466739037748,309.62352913697714,20570000
2023-10-03,306.7943420410156,314.6259723470464,304.66020007739525,314.0777307403494,21033500
2023-10-04,312.2471008300781,313.3043876816742,307.3914982671209,307.420865686593,20720100
2023-10-05,312.6387023925781,313.2456789043345,308.2725763744339,312.3743955953389,16965600
2023-10-06,320.3724365234375,322.2618102249638,309.6430811517103,309.8878196065806,25673600
2023-10-09,322.8785705566406,323.3484492911128,316.37830256029935,317.9152672966711,19891200
2023-10-10,321.4786682128906,324.13162477364205,320.7738202479149,323.9945568948938,20557100
2023-10-11,325.4239196777344,325.815495324155,322.21295157659443,324.2393637625305,20063200
2023-10-12,324.1904296875,326.6084474076756,321.80177939407525,323.6128503778622,19313100
2023-10-13,320.83251953125,326.80411343693316,319.4913278140148,325.3846484410319,21072400
2023-10-16,325.63922119140625,329.06555964733286,323.6421469834392,324.0826582883067,22158000
2023-10-17,325.0714416503906,326.4419711859503,320.51931182231954,322.6534242330698,18338500
2023-10-18,323.1624450683594,328.5271229876209,321.3905409680336,325.4923600401383,23153600
2023-10-19,324.34698486328125,329.78996567974724,323.9456102144574,325.1595033838665,25052100
2023-10-20,319.7948913574219,324.93439945615916,318.60056637565555,324.7385967213242,25027700
2023-10-23,322.3890686035156,325.7273046053134,317.5628335992071,318.620090545015,24374700
2023-10-24,323.57366943359375,324.8560968034201,320.7053413392681,324.32745327015175,31153600
2023-10-25,333.5002136230469,338.9138270951405,330.51438652342347,337.7586388732426,55053800
2023-10-26,320.98919677734375,334.4400133073603,320.0591786565096,333.37295718073534,37828500
2023-10-27,322.8687438964844,329.63331810351394,321.4884154812009,323.47569046023347,29856500
2023-10-30,330.21087646484375,332.3058517630052,324.8461993312582,326.3929629369711,22828100
2023-10-31,330.99407958984375,331.865362876774,327.64607407506094,331.71852577091533,20265300
2023-11-01,338.7865905761719,340.1081843444484,332.5016932588563,332.6387611479277,28158800
2023-11-02,340.98919677734375,341.4884429030558,337.51389284186956,339.93190993700205,24348100
2023-11-03,345.3749084472656,346.93147136857294,340.02002965992455,342.2716414539088,23637700
2023-11-06,349.0263671875,350.0151200008031,345.91330154053924,346.0112028872033,23828300
2023-11-07,352.9422302246094,354.83160398439014,350.1032700356418,351.83600759444016,25833900
2023-11-08,355.5560607910156,356.2119431597548,352.9618091115113,354.0680317747925,26767800
2023-11-09,353.098876953125,357.1125938314782,352.77580544293505,354.67497835793193,24847300
2023-11-10,361.8899230957031,362.3108661279153,353.4709130749397,353.8820570074666,28042100
2023-11-13,358.9627990722656,360.71513487046275,358.1992162461448,360.4703964021509,19986500
2023-11-14,362.4772033691406,364.1218684157094,359.6186750774512,363.2016494775537,27683900
2023-11-15,362.6244201660156,366.0184671527949,360.1131840283514,364.20372057822027,26860100
2023-11-16,369.0005187988281,369.17708096054344,363.1246629725075,363.88979560921166,27182300
2023-11-17,362.8009338378906,367.2347751466243,360.00524677898665,366.4892506146671,40157000
2023-11-20,370.24627685546875,371.6490149349355,363.9290160684621,364.1448242296059,52465100
2023-11-21,365.9595947265625,369.0495522871196,364.0467481750121,368.5100468166504,28423100
2023-11-22,370.6484680175781,372.5514954656195,367.8233538705503,370.7956031427492,23345300
2023-11-24,370.2364807128906,370.766197129462,367.99014782412655,370.1383806452385,10176600
2023-11-27,371.39404296875,373.3853818585876,369.03000159577226,369.5989341814813,22179200
2023-11-28,375.40606689453125,375.7003371685908,370.95258715281994,371.1389683050371,20453100
2023-11-29,371.6294250488281,376.97553440384473,370.24629493974936,376.44584793002184,28963400
2023-11-30,371.6882629394531,372.8457658390955,368.313824366715,371.2762546529022,30554400
2023-12-01,367.3722229003906,370.9526515574604,364.23319973104685,369.57934014685134,33040500
2023-12-04,362.1044921875,362.47722453595185,355.9834013927852,362.0652461744231,32063300
2023-12-05,365.4200439453125,365.9693683802573,358.65155863650625,359.46575623768496,23065000
2023-12-06,361.77099609375,367.0484629860128,361.01568236902807,366.4206763695036,21182100
2023-12-07,363.8799743652344,364.3704447283438,359.3382140130918,361.21181439248187,23118900
2023-12-08,367.0974426269531,367.3230398250767,361.2117985281366,362.16331218821597,20154400
2023-12-11,364.2232971191406,364.51759731266617,359.12242306000167,361.4570668899954,27708800
2023-12-12,367.2445373535156,367.2837833585864,363.39923712670867,363.7818183203046,24838300
2023-12-13,367.23480224609375,370.4424978188213,363.70340938140794,368.8533485777596,30955500
2023-12-14,358.9556579589844,366.63644114858533,357.18997650221536,366.19500581642444,43277500
2023-12-15,363.66412353515625,365.30227759159453,359.2989258413271,359.8580691742856,78502300
2023-12-18,365.5475769042969,365.89091216563435,361.65324079721444,362.4085843593443,21802900
2023-12-19,366.14593505859375,366.14593505859375,362.7911046946417,364.4096508615579,20603700
2023-12-20,363.5563049316406,368.8631986960778,363.46802384456504,367.85283078495934,26316700
2023-12-21,366.42059326171875,367.2740068711911,362.98730085105643,365.45926060979707,17708000
2023-12-22,367.4407653808594,368.02933580590116,365.606411005962,366.55792471126443,17107500
2023-12-26,367.519287109375,369.7558309565617,366.38139217856946,367.852803392138,12673100
2023-12-27,366.9405212402344,367.9116430236214,365.70452628978785,366.5677589576593,14905400
2023-12-28,368.1274719238281,369.2849749136942,367.02882298863733,368.2157530058411,14327000
2023-12-29,368.8730163574219,369.9716653516636,366.3618101031722,368.8337703402161,18730800
2024-01-02,363.801513671875,368.7356447522221,359.7796503608471,366.73451711634624,25258600
2024-01-03,363.5366516113281,366.1459576250118,361.48648901542015,361.97695939537715,23083500
2024-01-04,360.9273986816406,365.98905733956127,360.17208496235486,363.6053781270113,20901500
2024-01-05,360.740966796875,364.96881910463645,359.5147908390338,361.93771572916546,21004600
2024-01-08,367.5487060546875,368.04899543580075,361.9769695664422,362.26142084093584,23134000
2024-01-09,368.6277160644531,368.8238862439724,364.11538283242464,364.9197613954772,20830000
2024-01-10,375.4747009277344,376.84804200266086,369.1476507008414,369.1966857666869,25514200
2024-01-11,377.29925537109375,383.2339350900792,373.1302570741052,378.64313944413783,27850800
2024-01-12,381.0660705566406,381.27205974083927,377.31886954764786,378.14285622037966,21661200
2024-01-16,382.831787109375,386.52013440392574,380.2322997601581,386.1571910674611,27202300
2024-01-17,382.04705810546875,382.6748447223139,377.47586986429604,380.5854657264288,22234100
2024-01-18,386.3631591796875,386.4808672893111,382.68463107425833,384.2541423864291,23392100
2024-01-19,391.0716552734375,391.0716552734375,386.0001785110236,388.21711414753673,29331100
2024-01-22,388.952880859375,392.9845335375129,386.08852029622886,392.3959630178593,27016900
2024-01-23,391.2972717285156,391.7681340805433,386.4219948473302,388.2073142541726,20525900
2024-01-24,394.88751220703125,397.89900754206303,392.8177415608544,393.88696340305137,24867000
2024-01-25,397.1534729003906,399.25270045475327,394.858075159448,396.6139674673759,21021200
2024-01-26,396.23138427734375,398.4287118822507,394.75997317345707,396.66300059602537,17803300
2024-01-29,401.91107177734375,402.16612596865383,396.6237864171102,398.3208248033987,24510200
2024-01-30,400.8026123046875,405.17760004808207,398.70341448382425,404.4026783420674,33477600
2024-01-31,390.0024108886719,407.4043201802484,389.639467600293,399.20363992935813,47871100
2024-02-01,396.0842590332031,400.2238302394902,394.1419855506921,394.17141257606636,30657700
2024-02-02,403.38250732421875,404.78524558913676,395.86849663854684,396.11373185699847,28256700
2024-02-05,397.9186706542969,403.32366460035666,396.29030516570674,402.08766948512715,25352300
2024-02-06,397.76165771484375,400.1944015675409,395.23084373526007,398.14423897907153,18382600
2024-02-07,406.15850830078125,406.4037434899342,399.63525825649936,399.67450426882596,22340500
2024-02-08,406.2174072265625,407.63978345515557,404.66753383171147,406.158553169539,21225300
2024-02-09,412.53466796875,412.7995411607667,407.178739238723,407.335693369119,22032800
2024-02-12,407.345458984375,412.72099505038886,406.84516963028506,412.54443290280494,21202900
2024-02-13,398.57586669921875,402.2543946406928,395.70171738557195,397.2221636270064,27824900
2024-02-14,402.4282531738281,402.77222335184723,397.59311635632974,401.03275815392834,20401200
2024-02-15,399.5487365722656,402.0744232742021,397.31789426635277,401.1015057472966,21825500
2024-02-16,397.0918884277344,401.24895188558764,396.4825852713034,400.9246260176193,22296500
2024-02-20,395.84381103515625,397.51447618664315,391.1462443294289,396.2860326967427,24307900
2024-02-21,395.2443542480469,395.3524728813638,390.3698983938528,393.269037314301,18518900
2024-02-22,404.551025390625,405.7106689082216,401.5241536683513,403.1162117164581,27009900
2024-02-23,403.2635803222656,408.6883757427927,401.9172111140197,408.5016799323737,16295900
2024-02-26,400.5118713378906,405.05219339501383,400.33495269298504,404.36425308702184,16193500
2024-02-27,400.4529113769531,401.2784217577938,396.8855068799419,400.9540958991776,14835800
2024-02-28,400.6888122558594,402.24155173669396,398.3302065928444,401.1408710933735,13183100
2024-02-29,406.5067138671875,407.05705416129825,398.9198455368932,401.59293981884394,31947300
2024-03-01,408.3345642089844,408.69817863723034,403.7942424452674,404.17750116999156,17823400
2024-03-04,407.7646179199219,410.1527047870807,405.2094495475142,406.3101300793095,17596000
2024-03-05,395.7062072753906,407.1061687535314,393.7308905561475,406.8211614689715,26919200
2024-03-06,395.1558532714844,398.1729175476419,391.51967869638725,396.0206822488724,22344100
2024-03-07,402.0842590332031,402.7132064248943,395.3032278348167,399.1163207431,18718500
2024-03-08,399.2146301269531,403.34221201538827,397.357209279769,400.9246137706761,18002200
2024-03-11,397.5439758300781,398.68397503984977,394.34021545583295,396.7971025481086,16120800
2024-03-12,408.118408203125,408.4034154899357,399.7748296289143,400.5905029088669,22457000
2024-03-13,407.9414978027344,410.968369200055,404.35444900675975,410.88976201717287,17115900
2024-03-14,417.88702392578125,420.44219256711494,410.7816954714427,412.9928939125644,34157300
2024-03-15,409.23876953125,415.31218703472393,405.67136478668334,412.05927102600424,45079900
2024-03-18,410.1232604980469,413.4744581297676,406.6442999374372,407.10619591579865,20106000
2024-03-19,414.1427001953125,414.39822603826195,408.38374152289526,410.62442124737834,19837900
2024-03-20,417.8968200683594,418.61421185332546,413.4056235884817,414.7225113763612,17860100
2024-03-21,421.96539306640625,423.3903994195494,419.79351351352574,422.4174518440492,21296200
2024-03-22,421.3462219238281,422.44690234074494,418.722283785516,422.28968798800713,17648500
2024-03-25,415.5676574707031,420.03920955948905,414.33921403828305,417.9066185646381,18060500
2024-03-26,414.3785705566406,418.6437229454669,414.0837561023913,418.2702713092194,16725600
2024-03-27,414.162353515625,417.13029224439015,411.7841036640323,417.12045509904823,16705000
2024-03-28,413.464599609375,414.59476162825587,411.89218593509474,413.70045116356334,21871200
2024-04-01,417.2481994628906,420.5109524938084,414.9387197575333,416.6388963047316,16316000
2024-04-02,414.17218017578125,415.0959720756304,410.6342569413904,412.8650995128624,17912000
2024-04-03,413.19927978515625,415.960818454912,411.86271762245,412.49169510873463,16502300
2024-04-04,410.673583984375,421.27751676074166,410.3689323931849,417.66095627375125,19370900
2024-04-05,418.18182373046875,419.15477140454254,411.1060069616712,412.76686502075876,16554800
2024-04-08,417.267822265625,419.91143485729225,416.0000602813901,417.83783679739304,14272400
2024-04-09,418.9287109375,420.3635245342137,414.34907001434647,419.0859553029516,12496900
2024-04-10,415.9608154296875,416.71752584552905,412.46221066374153,414.90926057255786,16216600
2024-04-11,420.5502624511719,421.96543178968227,415.076310912024,418.4766641791292,17966400
2024-04-12,414.624267578125,417.84770230483133,412.53099493709567,416.73718451939897,19253800
2024-04-15,406.5067138671875,419.4594150607099,406.30031376342345,419.2432078029309,20273500
2024-04-16,407.4304504394531,411.18458077665684,406.59513289625886,407.4206432860486,16765600
2024-04-17,404.73773193359375,411.65633410094387,403.25376259314334,410.0544389834795,15855500
2024-04-18,397.2982482910156,404.786864609064,396.983789567324,403.5485840383649,21029900
2024-04-19,392.2370910644531,398.48742718931453,390.91036608589934,397.0624207324797,30565800
2024-04-22,394.04534912109375,395.9027700554988,388.9252051027742,393.18052011404563,20286900
2024-04-23,400.5413818359375,401.16052215978465,396.10914808184776,397.26879155025864,15734500
2024-04-24,402.005615234375,405.3568121940371,399.7649358292137,402.4969925599919,15065300
2024-04-25,392.1584777832031,392.9938253486681,381.3383380037112,387.2348667133991,40586500
2024-04-26,399.31292724609375,405.8777219430486,398.7625869715763,405.0620486762338,29694700
2024-04-29,395.3131408691406,399.3129603314087,392.3059134087563,398.2614054374624,19582100
2024-04-30,382.61590576171875,395.2246663994194,382.4586913890698,394.5662074998568,28781400
2024-05-01,388.12921142578125,394.7922882562086,383.57905157123434,385.8393757796091,23562500
2024-05-02,390.97918701171875,393.0331410549717,387.84419663220166,390.8022983361386,17709400
2024-05-03,399.64703369140625,400.1285739017596,394.9297930918896,395.3425632659736,17446700
2024-05-06,406.4083557128906,406.79161442087957,399.3619918607983,401.7107898085928,16996600
2024-05-07,402.28082275390625,407.5189223273103,402.0351340682459,407.5090851826696,20018200
2024-05-08,403.4601135253906,405.1209713289568,399.69614631705593,401.1309897393213,11792300
2024-05-09,405.2094421386719,405.60253803694064,402.04497067197207,403.48962134136315,14689700
2024-05-10,407.5877380371094,408.2167155386998,404.6984363706866,405.81879129865774,13402300
2024-05-13,406.5852966308594,411.13545592488975,403.7353138522874,410.8013229086305,15440200
2024-05-14,409.3763122558594,410.29026696650755,404.4527014093116,404.9145973369448,15109300
2024-05-15,416.5338439941406,417.2525598208021,410.81374213755174,411.433999213995,22239500
2024-05-16,414.4761657714844,418.8376448328751,413.8460838814957,415.2736305334928,17530100
2024-05-17,413.7082214355469,416.3763121358098,411.5619590644,416.0021869426872,15352200
2024-05-20,418.7589111328125,420.1667782061981,413.49168315107727,413.7082803966284,16272100
2024-05-21,422.401611328125,426.27079649896183,418.27643943862864,420.2257843102985,21453300
2024-05-22,423.85870361328125,425.719474725285,420.5211715226864,423.4353640639669,18073700
2024-05-23,420.3931884765625,426.89107515061806,418.83764844643395,426.2708180980622,17211700
2024-05-24,423.5043640136719,424.39043277762465,417.84333074152363,420.5803160608508,11855300
2024-05-28,423.66180419921875,424.15406785996925,419.9993613614193,422.98247794375186,15718000
2024-05-29,422.5296325683594,424.27223522977,419.1034664398289,419.1034664398289,15517100
2024-05-30,408.2539978027344,417.7349716036768,407.8306281783295,417.7349716036768,28394500
2024-05-31,408.70684814453125,410.3017776619535,398.2511723788605,410.3017776619535,47995300
2024-06-03,407.1217956542969,409.98677424724076,402.5929932498963,409.10070551791864,17484700
2024-06-04,409.63232421875,409.99659455099004,403.341179685009,406.04863004617806,14348900
2024-06-05,417.4494934082031,417.5183874951578,409.8587651411263,411.3454112041521,16988000
2024-06-06,417.9515075683594,418.72929252757683,414.072467704925,417.44941908945174,14861300
2024-06-07,417.29193115234375,419.6843254469309,416.45507688003147,419.60557647742206,13621700
2024-06-10,421.2497253417969,421.45646767892094,417.33132559781046,418.12879037210877,13982900
2024-06-11,425.98529052734375,426.1231387794062,418.67025946007556,418.89671156901073,14551100
2024-06-12,434.2356872558594,436.5394779500611,426.5465300525426,428.58450914389596,22366200
2024-06-13,434.74761962890625,436.52964196122593,432.57182236972,434.0289338170149,15960600
2024-06-14,435.7222595214844,436.2834473000101,429.962768739338,431.4986289418585,13582000
2024-06-17,441.4325256347656,443.9627681496181,433.9008973733048,435.741958721063,20790000
2024-06-18,439.4339599609375,443.1751821409538,438.00641324566425,442.75181252074634,17112500
2024-06-20,438.8038330078125,439.6209774531351,434.442354200725,439.39452535605096,19877400
2024-06-21,442.82073974609375,443.6083496603445,439.60134591371855,440.45787995794916,34187100
2024-06-24,440.743408203125,445.74479433203504,439.5028940256874,442.8404263927747,15913700
2024-06-25,443.9726257324219,444.4353547941903,439.83759879553867,441.3143898379412,16413400
2024-06-26,445.1639099121094,446.5816317625772,441.25533495755695,442.05279974277113,16507000
2024-06-27,445.84326171875,449.11190006347704,444.7799552473841,445.1836151073107,14806300
2024-06-28,440.0345764160156,448.33413599754493,439.5029231553918,446.05987988510304,28362300
2024-07-01,449.6632080078125,450.2932899171113,438.7644825324962,441.71806471797646,17662800
2024-07-02,452.1737060546875,452.478907120072,446.099159273985,446.1877931726741,13979800
2024-07-03,453.6406555175781,453.88678735468443,450.79538710423196,451.1005881786126,9932800
2024-07-05,460.3255920410156,461.1033770377166,451.8685059547019,452.498587816865,16000300
2024-07-08,459.02606201171875,460.4634937005408,457.27360437796756,459.33126311315795,12962300
2024-07-09,452.4297180175781,460.09916463101644,450.91353744838284,459.77428381745585,17207200
2024-07-10,459.03594970703125,459.2426920705962,451.7602770153543,454.08377755329457,18196100
2024-07-11,447.66461181640625,457.5886345893225,444.5633265323156,455.81649732303464,23111200
2024-07-12,446.5323791503906,449.29889867197954,443.67725577045155,447.3003093014831,16324300
2024-07-15,446.9360046386719,450.1849627554936,444.44515177180295,446.28621301530757,14429400
2024-07-16,442.56475830078125,447.27079820143007,439.7490242805094,447.19204922721934,17175700
2024-07-17,436.6575927734375,437.9670310742686,432.38474735385836,435.74198947896895,21778000
2024-07-18,433.5563659667969,437.7701424222079,427.67873564964367,437.46494130393756,20794800
2024-07-19,430.34674072265625,434.31441483454387,425.3158203253179,426.39880643244663,20940400
2024-07-22,436.0865783691406,437.7208974938516,432.1189340633458,434.95437784378936,15808800
2024-07-23,437.967041015625,441.4522765923751,436.24411798255437,437.0317279223722,13107100
2024-07-24,422.2638244628906,434.6491968195245,420.9740958851319,433.6351347306288,26805800
2024-07-25,411.92620849609375,423.14981349408816,411.0499948393189,422.16528621276603,29943800
2024-07-26,418.68994140625,422.28349032231534,410.8137224917234,411.7293557750341,23583800
2024-07-29,420.12738037109375,425.46350195400487,418.1287909882396,424.90231413559286,15125800
2024-07-30,416.3763427734375,422.4114705197089,410.90234276735913,421.1020622928212,32687600
2024-07-31,411.8770446777344,415.2539664560443,405.8320320070505,413.9937725831716,42891400
2024-08-01,410.6562194824219,420.8460843318748,406.69843005351635,414.27930323794226,30296400
2024-08-02,402.1695861816406,408.5788691410044,398.08380349930894,406.10769576372263,29437900
2024-08-05,389.0360107421875,394.83489176821496,379.6140759587015,383.1485558976655,40709200
2024-08-06,393.4269714355469,399.39323499306323,392.3341604668248,393.81095153508136,24946500
2024-08-07,392.2652282714844,403.73496598996115,391.3200904199489,402.31727423535324,20650900
2024-08-08,396.4593505859375,399.58028569311574,393.7519001712231,396.2132187300544,20203000
2024-08-09,399.73779296875,401.73638233312255,396.03599047899144,397.77859311198716,19276700
2024-08-12,400.5155944824219,402.43543495594565,397.98535182009545,400.76172633567404,16762900
2024-08-13,407.60418701171875,408.5296451452922,403.23288307516907,403.2525628062739,19414300
2024-08-14,410.41009521484375,411.2568044389076,406.0683556338293,408.38197108714223,18267000
2024-08-15,415.2626953125,415.34158622213624,411.9388626649199,414.0495331175792,20752100
2024-08-16,412.7377624511719,415.5684441235936,411.5837759699612,414.83859034033384,22775600
2024-08-19,415.7558898925781,415.9728775412764,410.75533141999813,413.2210864735919,15234000
2024-08-20,418.98101806640625,420.0264956299884,415.864330676567,415.9235063802004,16387600
2024-08-21,418.330078125,420.5590998224222,415.9432144212139,418.27087232284174,16067300
2024-08-22,409.8578186035156,420.9438744855553,408.93069223741236,418.54713754789856,19361900
2024-08-23,411.0807800292969,413.51694694228206,406.4451490290269,411.2681797994915,18493800
2024-08-26,407.825927734375,411.56402004001427,405.70538485264774,410.6664817766791,13152800
2024-08-27,408.1711730957031,408.6840392458711,404.6303529004273,407.2045864016282,13492900
2024-08-28,404.9755859375,409.3153084895278,401.7306441001557,409.1969570716752,14882700
2024-08-29,407.4610290527344,416.268697643249,404.9755591436319,409.25610570352524,17045200
2024-08-30,411.42596435546875,411.7711459201445,406.48458250077,409.9070510926303,24308300
2024-09-03,403.8314514160156,414.1284456363182,401.45446023053216,412.18542969380115,20313600
2024-09-04,403.2988586425781,405.6068015782242,398.830912042889,400.3498254636215,15135800
2024-09-05,402.7958679199219,407.4413416778363,400.5668158804491,402.0363961545014,14195500
2024-09-06,396.19744873046875,405.0248318616353,395.30975302270036,403.45661559720963,19609500
2024-09-09,400.1623840332031,403.0522412027111,396.641279237834,401.66155199530795,15295100
2024-09-10,408.5262756347656,410.627073483588,402.11531302402886,402.6084639940855,19594300
2024-09-11,417.24517822265625,418.1821469994098,403.9695325309428,409.8084532189213,19266900
2024-09-12,421.15087890625,421.5158057652536,414.00019068126096,417.51142276722317,17395700
2024-09-13,424.6917419433594,425.914746697553,419.6320082561189,419.9969351521576,15874600
2024-09-16,425.43145751953125,427.5914610863902,422.3542004104568,424.70160374609685,13834700
2024-09-17,429.1893005371094,435.79753584231287,426.34874601904636,434.1997314507894,18874200
2024-09-18,424.9087829589844,430.0572808543512,424.5142681596312,429.0413909487304,18898000
2024-09-19,432.6808166503906,435.4523227974912,430.9153276838819,435.18603209956774,21706600
2024-09-20,429.3076477050781,433.22326773049826,428.2720426762547,431.2309485866615,55167100
2024-09-23,427.5717468261719,430.48131937501944,424.4944897103184,428.3311884542686,15128900
2024-09-24,423.2912292480469,427.4139642542688,420.2632749795507,427.06875254523504,17015800
2024-09-25,426.1909484863281,427.1871231515397,422.69946103119116,423.94218110016,13396400
2024-09-26,425.40185546875,429.33719028271923,423.2517246244965,429.1300753187062,14492000
2024-09-27,422.15692138671875,425.93447445668835,421.6144673905514,425.6089779793521,14896100
2024-09-30,424.4056701660156,424.5240516705587,419.54320931350645,422.3443029301565,16807300
2024-10-01,414.9273681640625,422.61066875300435,413.07311568923785,422.58108089859957,19092900
2024-10-02,411.4161376953125,417.0281982052677,411.00187763203274,416.7914652693021,16582300
2024-10-03,410.834228515625,413.8029769595959,408.6150490966078,411.9092940444477,13686400
2024-10-04,410.36077880859375,414.00023534021534,409.28571331626097,412.5109097932594,19169700
2024-10-07,403.9300842285156,411.3963666559109,403.3974727803463,410.30158600641573,20919800
2024-10-08,409.0292663574219,409.966265233936,402.57887338489604,405.27145839926953,19229300
2024-10-09,411.7415771484375,414.6215919010832,408.62485957486433,410.16348810998284,14974300
2024-10-10,410.143798828125,411.63312440285347,407.49064417755886,409.54216908706456,13848400
2024-10-11,410.6172180175781,411.41612015597997,407.589263932771,410.4396908978323,14144900
2024-10-14,413.3986511230469,418.2315250948075,411.8008165360567,412.04739204583575,16653100
2024-10-15,413.0040588378906,416.69284850861214,409.57174739931537,416.3969398711013,18900200
2024-10-16,410.419921875,410.65662468764714,404.85719508098555,409.4829531752425,15508900
2024-10-17,411.0117492675781,416.7125733271007,409.89722324961605,416.57447660649984,14820000
2024-10-18,412.4320373535156,413.90161766396704,410.5580696214905,411.4260201751563,17145300
2024-10-21,413.0434875488281,413.22101465794185,408.08239044719204,410.41992101582053,14206100
2024-10-22,421.6539306640625,424.68185459098345,412.31365056093216,412.75746835174544,25482200
2024-10-23,418.7837829589844,425.1749998576998,416.7421308498749,424.95801224079617,19654400
2024-10-24,418.91204833984375,420.1449258075998,416.61394788419994,419.5038054447286,13581600
2024-10-25,422.2851257324219,426.5952599466425,420.7267820728724,420.91418182997273,16899100
2024-10-28,420.7465515136719,426.02327304477956,420.46051551603273,425.74710969864265,14882400
2024-10-29,426.0331115722656,427.23640107681365,419.96733089551304,422.1372070838931,17644100
2024-10-30,426.6051940917969,432.4934181148105,426.1810914644013,431.44794042425275,29749100
2024-10-31,400.7837829589844,410.4594021869807,400.7344498042727,409.6703426075015,53971000
2024-11-01,404.7487487792969,409.80848287841667,401.9180668422498,403.4073925009318,24230400
2024-11-04,402.8648986816406,404.7980722358363,400.01450160866744,404.18653972407174,19672300
2024-11-05,405.8237609863281,409.2166418436789,402.4900558335031,402.7760918050739,17626000
2024-11-06,414.42431640625,414.6906371773605,404.89663664059157,406.77063429083336,26681800
2024-11-07,419.6024475097656,421.00300957645607,414.1284835164612,415.5093002796819,19901800
2024-11-08,416.75201416015625,420.65776126477715,416.0024150826717,419.4939322441371,16891400
2024-11-11,412.2840881347656,418.99092936118404,410.301611581567,416.7322894657105,24503300
2024-11-12,417.23529052734375,418.6259798148705,411.485163708279,412.5207686609151,19401200
2024-11-13,419.3756103515625,423.44901221052845,412.481339102593,415.8643777407356,21502200
2024-11-14,421.0424499511719,422.30491523139983,414.24681513135374,419.17832483529844,30246900
2024-11-15,409.3153076171875,417.0084507566798,407.9739514183208,414.06929022111444,28247600
2024-11-18,410.0649108886719,412.6687324009395,406.4550421174999,409.18708769998454,24727000
2024-11-19,412.06707763671875,412.2150169012381,405.912533336808,407.4511618868994,18133500
2024-11-20,409.7985534667969,411.57391488876465,404.9558076834049,411.1596548604422,19191700
2024-11-21,408.0295715332031,414.85856338751086,405.47983232208855,414.5818472703372,20780200
2024-11-22,412.1111145019531,412.5064188915794,406.2407523286384,406.5471154925831,24814600
2024-11-25,413.88018798828125,416.1433187151558,409.9863774439722,413.474991137145,27691100
2024-11-26,422.9723205566406,424.0100286609721,413.93949178519347,414.67080652096905,23458900
2024-11-27,418.0309143066406,422.22122564388053,417.07228524559736,420.12605489536344,18332400
2024-11-29,418.4953918457031,419.89875718802,412.9017454606376,415.1649061905191,16271900
2024-12-02,425.92724609375,427.9235529659965,416.370602899235,416.6275643373692,20207200
2024-12-03,426.1446838378906,427.3997836787713,422.72522667678595,424.80061260374794,18302000
2024-12-04,432.2917785644531,434.5153999624501,427.55792723241916,427.95323167121506,26009400
2024-12-05,437.4307861328125,439.44687793021666,431.0564230401268,432.7859063083414,21697800
2024-12-06,438.36968994140625,440.87002757046025,436.5907746503493,437.1145598403157,18821000
2024-12-09,440.7909240722656,443.0738395996816,435.33565050126293,437.41103647885797,19144400
2024-12-10,438.13250732421875,444.34877353301977,436.4228086723054,439.1801079217739,18469500
2024-12-11,443.72613525390625,445.07020661100427,438.8440482605507,438.8440482605507,19200200
2024-12-12,444.2894287109375,450.81205740820604,443.8446923743848,443.8446923743848,20834800
2024-12-13,442.0262756347656,446.13750815775296,440.3560864798084,443.1825720342727,20177800
2024-12-16,446.2956237792969,446.8787030896928,440.0596036741231,442.02626356510217,23598800
2024-12-17,449.1319580078125,449.95224407864544,444.2993034538041,445.72242348242105,22733500
2024-12-18,432.2621154785156,447.34318887069384,431.89642797238076,446.0287948744165,24444500
2024-12-19,431.90631103515625,437.9842031344139,431.2046434354816,436.44249480171817,22963700
2024-12-20,431.48138427734375,438.5376604876813,423.6048219518138,428.03227991601136,64263700
2024-12-23,430.1471862792969,432.51904296318025,427.7555447705133,431.61970806424813,19152500
2024-12-24,434.1793212890625,434.4461751355928,429.09959787026054,429.5541964268554,7164500
2024-12-26,432.9736633300781,435.7705018127553,431.5110338839644,433.9322924323696,8194200
2024-12-27,425.4825134277344,430.1175308072659,421.35152651661633,429.5048044431988,18117700
2024-12-30,419.849365234375,422.5374777077036,416.9537232035626,421.0649558192297,13158700
