Date,Close,High,Low,Open,Volume
2019-01-02,3.3730521202087402,3.429013743136944,3.2202719163607765,3.234881381222815,508752000
2019-01-03,3.169262409210205,3.34680449917898,3.161833936081145,3.3128808158221736,705552000
2019-01-04,3.372309446334839,3.410442449788006,3.211605332463338,3.242309862485577,585620000
2019-01-07,3.550842523574829,3.587737650937453,3.3782526351098423,3.429509747750952,709160000
2019-01-08,3.4624414443969727,3.6345360652495455,3.389889336575069,3.632307311197659,786016000
2019-01-09,3.530536651611328,3.577831673978088,3.4631844950375124,3.5136984353577234,617260000
2019-01-10,3.596156358718872,3.6048229514252688,3.450804610950893,3.511223514049248,523156000
2019-01-11,3.685298442840576,3.7080792986049738,3.546137071809889,3.5738701643159874,874764000
2019-01-14,3.7251651287078857,3.7504222233939752,3.6095275202617363,3.633051296496179,730168000
2019-01-15,3.7110509872436523,3.797221943267232,3.692727166916526,3.7578505840273353,617012000
2019-01-16,3.6855456829071045,3.771221427393537,3.6800982464634497,3.738288382204007,470104000
2019-01-17,3.75685977935791,3.7967263343986897,3.6253746048394815,3.6526127323510096,493436000
2019-01-18,3.885869264602661,3.9118692776016326,3.7551269898108366,3.806631579552326,651336000
2019-01-22,3.6838128566741943,3.8672978334715524,3.6536035256723487,3.8556598047693034,661552000
2019-01-23,3.696688652038574,3.8276786281555033,3.6654889238183594,3.7390314439548784,591020000
2019-01-24,3.90840220451355,3.9259828691008893,3.7764218261033498,3.7811265808391865,708972000
2019-01-25,3.9656014442443848,3.983677543834256,3.7464597309960763,3.8489734559844364,1154572000
2019-01-28,3.4173755645751953,3.5072608682035145,3.2437955483461773,3.3812233631027357,2511528000
2019-01-29,3.258652687072754,3.419604521098029,3.2440432219899566,3.371318852816988,1153932000
2019-01-30,3.4020235538482666,3.4163853005399343,3.2551859876519855,3.334671384895989,974228000
2019-01-31,3.559508800506592,3.595165806236764,3.377014216677439,3.3988046746644693,842852000
2019-02-01,3.583775520324707,3.634784914001765,3.530537844051545,3.578080364393142,625048000
2019-02-04,3.693964719772339,3.7311073186872235,3.5775842144138106,3.5996221501393917,528592000
2019-02-05,3.713031768798828,3.7496791731204335,3.672174809486618,3.7058507771176155,542424000
2019-02-06,3.788555145263672,3.852935876807486,3.740764914745462,3.746212351620541,702464000
2019-02-07,3.6503841876983643,3.7444790489285333,3.6075464299573263,3.7422505305478992,637120000
2019-02-08,3.6689553260803223,3.6796027167569387,3.5689176026199427,3.583279347624817,461604000
2019-02-11,3.6263656616210938,3.6791081322542047,3.578079991863121,3.624879825182458,495180000
2019-02-12,3.7432403564453125,3.758840455010406,3.6503836277041213,3.664745608215041,591060000
2019-02-13,3.78558349609375,3.8586308150604207,3.7590882867916373,3.7727073505082047,605372000
2019-02-14,3.8264405727386475,3.8546691011459306,3.7415075055631863,3.7845932163287506,827264000
2019-02-15,3.8960206508636475,4.057714896483495,3.873239798892691,4.034934280659405,1516748000
2019-02-19,3.878687620162964,3.9591636461695914,3.866306911066765,3.8853734108841738,551892000
2019-02-20,3.92598295211792,3.9930874019007936,3.8967642591234353,3.907906850947188,540988000
2019-02-21,3.857145309448242,3.9631256834479633,3.8425358444025264,3.938611744491741,448548000
2019-02-22,3.9418303966522217,3.9606494153333722,3.8952782861436073,3.9088973501071083,401740000
2019-02-25,3.9294497966766357,4.092629906107369,3.920782969091811,4.025277974848738,656020000
2019-02-26,3.8900787830352783,3.9807070143369634,3.856650296415104,3.924745387991044,488464000
2019-02-27,3.848231077194214,3.90221166213233,3.791278819599665,3.8757166877971616,500256000
2019-02-28,3.8236913681030273,3.8643426940138186,3.8013829817409506,3.8420340712614696,324944000
2019-03-01,3.8779757022857666,3.9201139220134413,3.815263728497613,3.8735138360064068,357188000
2019-03-04,3.886155843734741,3.9392006420677186,3.829640599606062,3.916396307522011,409992000
2019-03-05,3.8797106742858887,3.9178829732090192,3.816255018887514,3.8705392050412786,362924000
2019-03-06,3.768911123275757,3.8792145963499296,3.7661845981278033,3.870787047533414,403524000
2019-03-07,3.6997549533843994,3.7550308023781716,3.6536505745820045,3.7453636217638,450104000
2019-03-08,3.733961820602417,3.7446204227699456,3.589203729921153,3.610520934256211,422416000
2019-03-11,3.9942281246185303,4.017032220525099,3.7104132468627493,3.7575092789922193,859728000
2019-03-12,4.028434753417969,4.074786629138914,3.9458927102492316,4.021989809263708,579576000
2019-03-13,4.1796369552612305,4.208885994672627,4.058426904875303,4.065863269613638,768900000
2019-03-14,4.10378885269165,4.200707464275836,4.096104749050729,4.188809466845982,519384000
2019-03-15,4.20913553237915,4.251769474433468,4.143448805085043,4.146919015168309,661484000
2019-03-18,4.187817096710205,4.294402629756358,4.160798635174207,4.240613916460844,486992000
2019-03-19,4.355379104614258,4.399748612284668,4.265401404271132,4.282256503132672,854972000
2019-03-20,4.3229079246521,4.4376730319595605,4.2882053617096085,4.3843802661933795,719148000
2019-03-21,4.559380054473877,4.585654840496225,4.34100407895674,4.34596165711653,824312000
2019-03-22,4.399748802185059,4.580696104244209,4.385867965071541,4.532113174346897,747644000
2019-03-25,4.307538986206055,4.423295494515737,4.2413568164160225,4.359096638668408,525212000
2019-03-26,4.384131908416748,4.505093732870823,4.327864415586607,4.449074449778492,703508000
2019-03-27,4.374961853027344,4.4560163056173785,4.305557660121188,4.409664422261027,474372000
2019-03-28,4.393552780151367,4.45923903008485,4.340507738765139,4.400988673936663,480264000
2019-03-29,4.450810432434082,4.475102369682448,4.4099116057171175,4.460229639257601,456896000
2019-04-01,4.518232822418213,4.548473288345791,4.470889045273274,4.542524289975378,483824000
2019-04-02,4.536077976226807,4.580447477190688,4.499393048921042,4.542275182545903,440920000
2019-04-03,4.675384044647217,4.734378080160501,4.5806964924996185,4.585654069826234,783504000
2019-04-04,4.6664605140686035,4.708846710366831,4.603748535573981,4.660015569360256,457376000
2019-04-05,4.733137607574463,4.750489125131369,4.673152634601856,4.709589828632286,481744000
2019-04-08,4.753958225250244,4.778993365842655,4.678604593762307,4.702648313853097,424192000
2019-04-09,4.691247463226318,4.7316508138308535,4.649109008107119,4.720496502982226,439972000
2019-04-10,4.761643409729004,4.787422242324242,4.686042489364285,4.690504119471046,444772000
2019-04-11,4.747763156890869,4.795602881676551,4.698436537073652,4.764122784482669,374600000
2019-04-12,4.709838390350342,4.79039736695356,4.701162866442991,4.786431210547088,471708000
2019-04-15,4.578217506408691,4.707111674658761,4.538557835067221,4.702154097545933,440092000
2019-04-16,4.665221214294434,4.684059630158757,4.584662709190543,4.617381963527399,394964000
2019-04-17,4.642416477203369,4.720992129672078,4.62010785478453,4.700170874822639,351004000
2019-04-18,4.617877006530762,4.683067772083667,4.590115332177181,4.649109362959098,380988000
2019-04-22,4.671667098999023,4.687283045421213,4.562850948214162,4.594330578143774,279936000
2019-04-23,4.726197242736816,4.757429596465563,4.675135528567097,4.684802471796713,346856000
2019-04-24,4.738592624664307,4.7792437242104535,4.675880633930108,4.736609309792808,318204000
2019-04-25,4.632997512817383,4.720744639511506,4.55343043540214,4.698436015926182,499296000
2019-04-26,4.41437292098999,4.483777573015792,4.295641659746213,4.479315470538155,868988000
2019-04-29,4.44511079788208,4.4728724787623,4.350175021216706,4.422306222315708,391920000
2019-04-30,4.486504077911377,4.51203469825504,4.393799384304464,4.412885533510473,362920000
2019-05-01,4.473366737365723,4.580943682956027,4.473118527608206,4.538805230617688,354280000
2019-05-02,4.540787220001221,4.582429717791586,4.439902973963562,4.483032838897983,394684000
2019-05-03,4.5363264083862305,4.559130502393794,4.474853598350998,4.5492158228019575,336824000
2019-05-06,4.457999229431152,4.470144962124929,4.312993175372154,4.35017405728094,422176000
2019-05-07,4.290932655334473,4.409663926602469,4.242845199780026,4.409663926602469,555220000
2019-05-08,4.311011791229248,4.391074842939399,4.2515222655058045,4.263420265206638,419168000
2019-05-09,4.218553066253662,4.2517682624256565,4.099822273281469,4.2421013189180234,660248000
2019-05-10,4.18459415435791,4.253255116963289,4.065119219241282,4.187816626065282,569500000
2019-05-13,3.927551031112671,4.07577933938644,3.911687113715555,4.052727029014775,656912000
2019-05-14,4.016537666320801,4.05173571178523,3.9285425526597293,3.967210571591715,524880000
2019-05-15,3.9555606842041016,3.9919978867927326,3.9017721963734298,3.9610137359058957,502320000
2019-05-16,3.9706804752349854,4.013314884012926,3.907720992153245,3.950107191117169,781088000
2019-05-17,3.8799586296081543,4.0579316645712655,3.8405469343425804,3.9287897680294255,1022068000
2019-05-20,3.7614758014678955,3.8363335181039435,3.736688387279552,3.7813056382624497,572064000
2019-05-21,3.8435211181640625,3.8593850325820225,3.78353590599983,3.8222041530704325,361848000
2019-05-22,3.772629976272583,3.830880090177963,3.7617234009611513,3.804853518983099,325868000
2019-05-23,3.6516671180725098,3.7104129301364273,3.5919296489392836,3.7104129301364273,591844000
2019-05-24,3.59787917137146,3.705703868653798,3.591186489834491,3.6705058291125585,357584000
2019-05-28,3.5527663230895996,3.648197553821421,3.55078324499088,3.6154783017294005,428356000
2019-05-29,3.478651523590088,3.540123857936817,3.4439492010993202,3.505173798482607,559800000
2019-05-30,3.452099561691284,3.5176127567953603,3.4138834523272066,3.481878265224037,394300000
2019-05-31,3.3615224361419678,3.470462996970709,3.3597853510032443,3.403212716131436,389720000
2019-06-03,3.3198320865631104,3.41140155089737,3.2905496616915424,3.3726891685254583,478644000
2019-06-04,3.548633098602295,3.553844355188981,3.3617714476848235,3.383857283217945,641836000
2019-06-05,3.505949020385742,3.627793694268325,3.469718256894883,3.622334183105295,511616000
2019-06-06,3.567988395690918,3.592555843398238,3.507686457076579,3.5101680748232,408140000
2019-06-07,3.610671281814575,3.6449167079298492,3.5548360649678163,3.5739442379149793,348856000
2019-06-10,3.6833813190460205,3.7518724125005205,3.666754762775281,3.666754762775281,402780000
2019-06-11,3.740953207015991,3.7809064020945917,3.7014965248313723,3.7431865683985013,383872000
2019-06-12,3.628042697906494,3.703730395492952,3.6129052057212294,3.697526350066116,358892000
2019-06-13,3.6791625022888184,3.6975259065653265,3.632508985583392,3.650128093826062,308080000
2019-06-14,3.589329481124878,3.610422757405874,3.5446615476228303,3.5861035675727653,394428000
2019-06-17,3.5990078449249268,3.6359831440619303,3.5647621832656573,3.5875925454851405,276040000
2019-06-18,3.7938103675842285,3.849149070172521,3.6493835766947877,3.6603023633506604,581920000
2019-06-19,3.799766778945923,3.840464274972169,3.773710261901939,3.8290492102307088,331644000
2019-06-20,3.8240859508514404,3.9042403700145063,3.8096929917731086,3.890343687227134,350168000
2019-06-21,3.766016960144043,3.858331203483976,3.759564895734803,3.8091963060582503,434428000
2019-06-24,3.788351058959961,3.8178817434588725,3.7402087138632987,3.7873585064817115,282948000
2019-06-25,3.7590699195861816,3.8682587760690335,3.7563402810051754,3.793315595086957,311868000
2019-06-26,3.952134370803833,4.013181086360025,3.8734690190221097,3.886373148924366,584072000
2019-06-27,4.050652980804443,4.0697609217846145,4.001766092418589,4.0377488491486995,445440000
2019-06-28,4.075467586517334,4.103757460552952,4.028814309330252,4.094575522317128,397668000
2019-07-01,4.123610019683838,4.316675433416628,4.086138206588349,4.282429770761454,709756000
2019-07-02,4.0258355140686035,4.1280759700225715,4.012683368306694,4.10698245953639,400228000
2019-07-03,4.038740634918213,4.054870914754963,3.9789352049404316,4.049163146200974,246636000
2019-07-05,3.976205587387085,3.984891013500101,3.9129255133405683,3.980424290544868,396552000
2019-07-08,3.9012622833251953,3.935507948974914,3.8712355575910116,3.91664803088725,329788000
2019-07-09,3.9037439823150635,3.9317856035650762,3.8464199307929863,3.859075804161712,342860000
2019-07-10,3.9719865322113037,4.0293103394768774,3.9332741478297986,3.9471708283790288,452076000
2019-07-11,4.126339435577393,4.1670369236067675,4.007720668204289,4.044943986198475,682560000
2019-07-12,4.15934419631958,4.230317138074098,4.154132941084615,4.154132941084615,506392000
2019-07-15,4.150907516479492,4.1965682493733905,4.1226181107263224,4.180438441294544,289840000
2019-07-16,4.146191120147705,4.173239942694772,4.090603936765375,4.13601663173236,341444000
2019-07-17,4.211456298828125,4.218404637618319,4.118645804050444,4.147928224186284,348204000
2019-07-18,4.223119735717773,4.285903283176077,4.165299423048929,4.22187916368047,442192000
2019-07-19,4.179941654205322,4.267788943467835,4.17398586566886,4.261337115323473,344896000
2019-07-22,4.251410007476807,4.264314135155811,4.1938377091150825,4.201282562002257,315940000
2019-07-23,4.359109878540039,4.361094983373158,4.274984789744258,4.290619028595652,428176000
2019-07-24,4.433557987213135,4.439265757152226,4.326354717535327,4.402290445777163,366236000
2019-07-25,4.302531719207764,4.404772228978653,4.279205072186886,4.392116116025074,392700000
2019-07-26,4.344470024108887,4.391123315518716,4.329580786563699,4.329580786563699,274160000
2019-07-29,4.338264465332031,4.354394742272245,4.250169174840338,4.337271913005272,248160000
2019-07-30,4.35390043258667,4.366060033052647,4.277468184908724,4.291861384230246,197772000
2019-07-31,4.186890125274658,4.323376279602597,4.144703564601696,4.322383253715491,359416000
2019-08-01,4.092591285705566,4.287641841421078,4.040478249148422,4.197312925156903,421212000
2019-08-02,4.000028133392334,4.069263993496458,3.952630557717164,4.000028133392334,428348000
2019-08-05,3.74194598197937,3.817881688657887,3.6950444464837853,3.8166408797478337,589156000
2019-08-06,3.78065824508667,3.862053466086372,3.7330124121395962,3.8166409945805504,361272000
2019-08-07,3.818873882293701,3.8307854573829028,3.702488715391575,3.7198595651799287,372560000
2019-08-08,3.927318572998047,3.9285593819229723,3.8191225433416642,3.87644659037663,309300000
2019-08-09,3.8260703086853027,3.889846410544111,3.7756946098765876,3.886372240740756,341816000
2019-08-12,3.7583248615264893,3.8260714291923046,3.7364870473241942,3.773958630220107,279200000
2019-08-13,3.87247633934021,3.918385328045698,3.717875269269923,3.7568356798883134,351956000
2019-08-14,3.724079132080078,3.795548125882616,3.6804037410496977,3.784381080809711,419880000
2019-08-15,3.6918184757232666,3.7627911868770045,3.657573047446917,3.7429387166698227,477200000
2019-08-16,3.959578514099121,4.00871317017012,3.8930725347505315,3.954367259111893,1007960000
2019-08-19,4.238010883331299,4.253893147176015,4.056608971617907,4.072739255318222,815112000
2019-08-20,4.165796279907227,4.233046554902165,4.144702766969983,4.2325500420541635,463188000
2019-08-21,4.2491774559021,4.30426815019991,4.210217043504893,4.23180660154158,427244000
2019-08-22,4.255382061004639,4.301290818629002,4.216173152484569,4.2588562321403165,303488000
2019-08-23,4.03104829788208,4.233295688950268,4.011195825179209,4.17894952717665,568056000
2019-08-26,4.105742454528809,4.133784308031125,4.0675265839612145,4.109713137439281,318208000
2019-08-27,4.015166759490967,4.146689221855993,3.9858843249287412,4.143959583603636,290968000
2019-08-28,4.004733085632324,4.057394231895982,3.949587864929308,3.9888355777669298,255612000
2019-08-29,4.148309707641602,4.180601728956362,4.09266748050093,4.0961450900854235,357976000
2019-08-30,4.160978317260742,4.244193164669285,4.142844997659137,4.194512616324888,290616000
2019-09-03,4.078011512756348,4.1212333644939685,4.055158786595906,4.088196075544937,296140000
2019-09-04,4.192026615142822,4.199478836106567,4.13862021604083,4.13862021604083,227728000
2019-09-05,4.464772701263428,4.470982649442789,4.292381848684692,4.29412065312646,695676000
2019-09-06,4.43769645690918,4.498306344795361,4.399691025904709,4.4414223309170975,376976000
2019-09-09,4.483651161193848,4.570095333288617,4.467256650349984,4.468747189641803,417524000
2019-09-10,4.550223350524902,4.5768019505612365,4.441174715633058,4.4508622737446295,352812000
2019-09-11,4.578789710998535,4.62697971233285,4.535816123801105,4.564879273300177,361512000
2019-09-12,4.577299118041992,4.679889068655952,4.569350364277171,4.625240853510472,327840000
2019-09-13,4.51942253112793,4.547740416684391,4.475703665332577,4.510728505797724,324592000
2019-09-16,4.476448059082031,4.510975888289779,4.433971475955046,4.444404304309437,231832000
2019-09-17,4.4978108406066895,4.502033719880627,4.436703934474506,4.483155132699058,223048000
2019-09-18,4.470736026763916,4.50650614117502,4.384292294287099,4.490856893790999,258152000
2019-09-19,4.395222187042236,4.495079832156579,4.3845406161425435,4.476697770157631,245476000
2019-09-20,4.289649486541748,4.4178249719627845,4.279465397875577,4.394226976885047,350244000
2019-09-23,4.34305477142334,4.388512418937597,4.286170764170677,4.289897111533224,249712000
2019-09-24,4.285674571990967,4.403913738875583,4.250153216254933,4.374354065601589,317268000
2019-09-25,4.427264213562012,4.4468880685788506,4.240465903650763,4.28517829278737,308432000
2019-09-26,4.405155181884766,4.4262695709325675,4.354232856731199,4.417575550086003,234564000
2019-09-27,4.266551494598389,4.414102199888526,4.205941081642378,4.3634280910787355,362056000
2019-09-30,4.323928356170654,4.334112916994965,4.261082660667277,4.292381612686943,186184000
2019-10-01,4.322190284729004,4.496071696407756,4.3174708751842825,4.347030554081502,366008000
2019-10-02,4.298343181610107,4.312253616011611,4.226058196740605,4.300330251156426,293372000
2019-10-03,4.503772258758545,4.509982207751677,4.272510290120743,4.302815239189767,450588000
2019-10-04,4.520166873931885,4.549478288687561,4.440926653211985,4.506007697163168,265524000
2019-10-07,4.578789710998535,4.6783985839980335,4.576305636582578,4.584999660144053,480984000
2019-10-08,4.40242338180542,4.487128266013431,4.3842900684221195,4.487128266013431,444436000
2019-10-09,4.488868713378906,4.538300997521796,4.450366737622319,4.479181153102585,292412000
2019-10-10,4.5464982986450195,4.597420651810806,4.4814172391086275,4.486633654486099,309124000
2019-10-11,4.620023250579834,4.703237589078241,4.611577494595454,4.630456076046907,446404000
2019-10-14,4.633437633514404,4.6543032887412705,4.580279486712769,4.611329704263812,200040000
2019-10-15,4.877865314483643,4.950399059227821,4.709697305752132,4.723608217939063,664124000
2019-10-16,4.824208736419678,4.948658310964996,4.812782377049865,4.843832585934057,428944000
2019-10-17,4.826198577880859,4.913635829593668,4.7717981463333325,4.868675166363097,263436000
2019-10-18,4.731804370880127,4.859234576136827,4.657532308727944,4.826693821535992,307440000
2019-10-21,4.868922233581543,4.882336139163956,4.7742810462507475,4.793159630661487,261868000
2019-10-22,4.858987331390381,5.030881219658988,4.8512868422431765,4.925807185318741,328720000
2019-10-23,4.8460693359375,4.86022803684387,4.7452182037721,4.777013688283062,279916000
2019-10-24,4.890037536621094,4.923571359238547,4.853273895856996,4.887304722909807,232020000
2019-10-25,5.080810070037842,5.101675728362133,4.962819131070851,4.970519620279404,423092000
2019-10-28,5.136700630187988,5.189113041993195,5.095217104547726,5.124528522221476,330792000
2019-10-29,5.040568828582764,5.129248350416009,5.021193709756403,5.122789661614695,211236000
2019-10-30,5.042555809020996,5.073109500042547,4.974493681436007,5.067396081111445,205960000
2019-10-31,4.993373870849609,5.042557426372559,4.91363708829424,5.021691761688084,209732000
2019-11-01,5.032371997833252,5.064664021687049,4.933010903968749,4.958099442770782,283640000
2019-11-04,5.228856086730957,5.2412764571710255,5.090248258656079,5.1133492474760995,376716000
2019-11-05,5.206748008728027,5.254689258893449,5.158806284773975,5.228607194778429,300868000
2019-11-06,5.157565593719482,5.208239193813134,5.070127883140323,5.182654128470489,269012000
2019-11-07,5.1752028465271,5.258665958605948,5.130490448135259,5.244010249079237,280340000
2019-11-08,5.161291122436523,5.1928383430746115,5.120801613860862,5.158310517720232,189100000
2019-11-11,5.171227931976318,5.194328923737769,5.074350925363267,5.160546364658916,243436000
2019-11-12,5.206748008728027,5.2626384845378045,5.174455523242987,5.209480347760748,283504000
2019-11-13,5.180915832519531,5.203023290736433,5.114592510291266,5.17545067895377,300188000
2019-11-14,5.211221218109131,5.213457027543398,5.129993915496387,5.1898585540740285,518080000
2019-11-15,5.072114944458008,5.260651571996702,4.983931972589848,5.208983968056477,1053628000
2019-11-18,5.273073196411133,5.299651800518444,5.061683321264874,5.064663926606224,574588000
2019-11-19,5.166508674621582,5.265621028558215,5.108382842640245,5.242023029540466,414564000
2019-11-20,5.245748519897461,5.329459888793397,5.130986930145402,5.143655568076796,472588000
2019-11-21,5.220907211303711,5.296918076214719,5.199296288413104,5.241276334073819,288388000
2019-11-22,5.23854398727417,5.289962850869842,5.214945520920422,5.243511661537723,224100000
2019-11-25,5.494894504547119,5.4998626526423084,5.3535538656231445,5.366470766397429,506476000
2019-11-26,5.390318393707275,5.481978514484049,5.383859705352823,5.47725863087291,385244000
2019-11-27,5.425118923187256,5.470112747755643,5.3987691633811155,5.435808370317738,215784000
2019-11-29,5.387833118438721,5.422634878867969,5.363968783208136,5.394296573454682,141556000
2019-12-02,5.201640605926514,5.394294348036424,5.18647719119734,5.380870546472608,372036000
2019-12-03,5.162116527557373,5.166093599459817,4.98089803166497,5.018185688510928,465232000
2019-12-04,5.205867767333984,5.2680140273339715,5.17728054463059,5.245641335802909,273424000
2019-12-05,5.188962936401367,5.243403012120992,5.158386711185965,5.227742226876223,184884000
2019-12-06,5.274228572845459,5.307042264766786,5.2481272573677025,5.258070886581136,232236000
2019-12-09,5.274228572845459,5.328917585242667,5.242658545783317,5.251358984275902,211880000
2019-12-10,5.319223403930664,5.370929143014458,5.251607951361957,5.304307958637612,256388000
2019-12-11,5.402746677398682,5.408215862705567,5.327177092503382,5.329662999617729,233796000
2019-12-12,5.57004451751709,5.588191212847948,5.364962157672717,5.373911044033196,404348000
2019-12-13,5.568058013916016,5.692102122436455,5.514114805176321,5.573029829992559,454704000
2019-12-16,5.596892833709717,5.669231181851166,5.587446574271158,5.6155369040627265,320976000
2019-12-17,5.674947261810303,5.6975683989039565,5.606089108428681,5.615535365278752,321196000
2019-12-18,5.705275058746338,5.7656812284331656,5.701297512416588,5.709749502030859,343548000
2019-12-19,5.853181838989258,5.866605640363305,5.734855429879736,5.73982724328777,445360000
2019-12-20,5.950379848480225,5.975735342910943,5.900414205042897,5.9195551686378645,603044000
2019-12-23,5.93670654296875,6.011033399613863,5.926017570793047,5.97896600894853,355060000
2019-12-24,5.931737422943115,5.948889855209329,5.886992029924898,5.921296894457324,138864000
2019-12-26,5.945905685424805,5.973995536815829,5.91632372070032,5.935216236710832,182852000
2019-12-27,5.888233661651611,5.974492697227238,5.861883424733075,5.961068893221164,254644000
2019-12-30,5.77512788772583,5.871579007150527,5.743806308417609,5.86635874393249,258056000
2019-12-31,5.84920597076416,5.858652228527245,5.720687459973178,5.73982842397939,231004000
2020-01-02,5.963802337646484,5.963802337646484,5.884504138806288,5.934966672080798,237536000
2020-01-03,5.868346691131592,5.912097802856729,5.8193753167124,5.844233913695736,205384000
2020-01-06,5.892955780029297,5.898176042204706,5.749025423399727,5.775126734276773,262636000
2020-01-07,5.964300632476807,6.010040281790685,5.876301509096684,5.921295338837738,314856000
2020-01-08,5.975486755371094,6.01675195985036,5.920052401950536,5.960074415808599,277108000
2020-01-09,6.041113376617432,6.113451710976994,5.987419109058815,6.061745979509196,255112000
2020-01-10,6.073428630828857,6.178580171148254,6.059259482818248,6.148252865091414,316296000
2020-01-13,6.2638444900512695,6.288951532010115,6.1338343635949535,6.156455972925841,319840000
2020-01-14,6.1470112800598145,6.246445205302498,6.133835923434662,6.221089234322224,359088000
2020-01-15,6.104503631591797,6.182062245072599,6.078650760431529,6.15968954987089,263104000
2020-01-16,6.188027381896973,6.193993464647111,6.134581559774977,6.157948519655376,284192000
2020-01-17,6.196727752685547,6.2146260007402,6.149248013832999,6.207168278849511,253792000
2020-01-21,6.163417339324951,6.196976374999237,6.129360932560053,6.160185612581765,217916000
2020-01-22,6.217360019683838,6.303867502720389,6.189767066563044,6.208659581685237,239240000
2020-01-23,6.285720348358154,6.294172337265106,6.168637116635187,6.257382051881622,244516000
2020-01-24,6.226558208465576,6.450782022304533,6.172366566956607,6.40106482430508,373512000
2020-01-27,5.971011638641357,6.021971543180985,5.772889179452869,5.922288718346262,470536000
2020-01-28,6.164163112640381,6.196478957414824,5.983689951264804,6.036887321336886,310976000
2020-01-29,6.103756904602051,6.185789943729785,6.0639828644708,6.149745001380459,258848000
2020-01-30,6.110468864440918,6.123892669348195,5.951126138120667,6.0060631260830695,290504000
2020-01-31,5.877296447753906,6.076661675944388,5.835534340017212,6.064729509694369,370420000
2020-02-03,5.974245071411133,5.993634486380616,5.8529353441116,5.859149875876774,255564000
2020-02-04,6.143280506134033,6.162421940466197,6.065970845928385,6.115936480487648,271544000
2020-02-05,6.233518123626709,6.274285957619516,6.150241893918573,6.264093880586738,208220000
2020-02-06,6.32027530670166,6.32027530670166,6.186785433211624,6.267824220309713,218284000
2020-02-07,6.254151344299316,6.302376904478737,6.228795373447548,6.2802526606422955,189752000
2020-02-10,6.537041187286377,6.5377865327702835,6.2718006088987535,6.2767724236215585,529608000
2020-02-11,6.6593451499938965,6.7739429741623995,6.583278181322372,6.645175998628958,638556000
2020-02-12,6.774936199188232,6.781399652596957,6.673264825343856,6.7120441233812835,374644000
2020-02-13,6.731184959411621,6.7983030286831045,6.689671306540473,6.717015810496624,528016000
2020-02-14,7.203746318817139,7.33251328983712,7.1095326552083975,7.140854235530953,1041924000
2020-02-18,7.372286319732666,7.3906819386275275,7.081193359788082,7.100582772620869,620164000
2020-02-19,7.822970867156982,7.8406206663356475,7.494590248906968,7.494590248906968,694332000
2020-02-20,7.673820972442627,7.863242571008195,7.3668182731537275,7.774994988942748,810052000
2020-02-21,7.310140609741211,7.586815992154604,7.225373204609657,7.56170894332457,768180000
2020-02-24,6.793332099914551,7.006866948451461,6.662079222439039,6.716519314840207,856916000
2020-02-25,6.514171123504639,6.930302438174281,6.412499740881943,6.868404625054031,1055496000
2020-02-26,6.653378963470459,6.847275480502582,6.51292874628162,6.514419911465364,747732000
2020-02-27,6.283013343811035,6.641190006067523,6.190733068633484,6.3402219811763265,906416000
2020-02-28,6.717550754547119,6.776998186127318,6.0141320997454795,6.030797116537449,1133252000
2020-03-02,6.875746726989746,6.90460012185315,6.491950746144979,6.887437432968634,890744000
2020-03-03,6.613579750061035,6.991157375188693,6.528263998468334,6.93146135110409,652792000
2020-03-04,7.076722145080566,7.0861740517049165,6.646163911200993,6.7207843015651045,597408000
2020-03-05,6.797645092010498,7.044140056322009,6.7531215361195445,6.877488416985179,540328000
2020-03-06,6.617311477661133,6.675764049860248,6.417329367295338,6.618306340364054,515412000
2020-03-09,6.10491943359375,6.452151618777206,5.924338828512039,5.967120766033099,614160000
2020-03-10,6.493940830230713,6.493940830230713,6.118601874560568,6.3810155877339705,580648000
2020-03-11,6.130539417266846,6.382506779809828,6.033533424930338,6.354151057970355,499964000
2020-03-12,5.380358695983887,5.873099896236231,5.367673129494751,5.607949780649273,816540000
2020-03-13,5.990502834320068,5.994979953996098,5.462441346775268,5.733312068605224,634836000
2020-03-16,4.885129451751709,5.623868804393567,4.825433423913696,5.283352042146694,726972000
2020-03-17,5.404238224029541,5.493533932299811,4.750814909910553,4.99730987245585,833632000
2020-03-18,5.0448174476623535,5.221915838198457,4.494121265098619,4.977162031994791,874268000
2020-03-19,5.297283172607422,5.390806930894805,4.810262418937481,5.02342686677516,765512000
2020-03-20,5.117696762084961,5.728835253713744,5.102275202274465,5.447268674676942,804636000
2020-03-23,5.290317058563232,5.384587537043199,4.937861436737908,5.1167009402216665,643876000
2020-03-24,6.197945594787598,6.284505282723199,5.672371592229035,5.6960011208035635,1101644000
2020-03-25,6.109399318695068,6.512347786249438,6.060647234768901,6.31286327853551,793432000
2020-03-26,6.398427486419678,6.522296697989874,6.218344012305379,6.316344890012129,696108000
2020-03-27,6.2862467765808105,6.544680972514538,6.185509460524416,6.21834230027914,638828000
2020-03-30,6.606118679046631,6.615321989617182,6.307638034053594,6.3516639125853,602252000
2020-03-31,6.556621551513672,6.850127441216497,6.41111206661912,6.646165375488359,949960000
2020-04-01,6.045970916748047,6.505133575069819,6.001447838462549,6.358878296830433,656912000
2020-04-02,6.354401111602783,6.36758387464943,6.027067511719613,6.075072846746822,675764000
2020-04-03,6.066864490509033,6.358380162786701,5.929563462514171,6.316841676132549,663212000
2020-04-06,6.67601203918457,6.712824802372779,6.291220814361921,6.348678518627495,727884000
2020-04-07,6.442949295043945,6.921015708413255,6.399918279480084,6.897385702203857,784520000
2020-04-08,6.639946460723877,6.664819927163349,6.482000494418423,6.551894702646605,542444000
2020-04-09,6.5404534339904785,6.7884408976976,6.477523735926655,6.76555762990454,525564000
2020-04-13,6.712080001831055,6.720785644616619,6.392457189784047,6.480757551993029,398408000
2020-04-14,7.062793254852295,7.096869554110775,6.812567033193348,6.8401764880173905,530948000
2020-04-15,6.985437393188477,7.068265763838534,6.849628905717081,6.894898243400246,366148000
2020-04-16,7.3301825523376465,7.437138127768252,7.127464912267185,7.140647674170319,745620000
2020-04-17,7.270983695983887,7.433655370807423,7.137164937154515,7.412264162275912,539120000
2020-04-20,7.139902591705322,7.300335981438054,7.09562810748743,7.144628783659917,449388000
2020-04-21,6.703622341156006,7.083189755050889,6.643926307064967,7.022001664063456,735160000
2020-04-22,7.1175150871276855,7.16029750557425,6.850126632313321,6.89564456745756,483356000
2020-04-23,7.064286708831787,7.291380639717549,7.039164642874313,7.159552061322838,424160000
2020-04-24,7.203080177307129,7.205069902972947,6.979468506658928,7.054088912190543,352328000
2020-04-27,7.389382362365723,7.54906948075769,7.312772226192204,7.337397099199471,479388000
2020-04-28,7.247104167938232,7.566478300595566,7.24163218657488,7.536630051291309,442904000
2020-04-29,7.423706531524658,7.47643805187387,7.306552786236492,7.381670378607925,379160000
2020-04-30,7.269988536834717,7.423705966666164,7.256059510755734,7.369730516188236,375916000
2020-05-01,7.033692359924316,7.1859172806554765,6.985437955761158,7.072743452911202,342096000
2020-05-04,7.245365142822266,7.259045574623268,6.98643322473106,6.98643322473106,317556000
2020-05-05,7.306303977966309,7.468727056760737,7.245364011573555,7.34933499237457,368896000
2020-05-06,7.407042026519775,7.5117592899465135,7.347843653286045,7.385651288802493,323464000
2020-05-07,7.583144664764404,7.646322956404003,7.494844309602577,7.546083299397135,373732000
2020-05-08,7.7729291915893555,7.779147440058237,7.620952864853898,7.654780572992808,339216000
2020-05-11,8.024646759033203,8.071408625567924,7.739348894683899,7.767953212795398,469060000
2020-05-12,7.762979984283447,8.13110581447116,7.753279478256162,8.082354212800311,493060000
2020-05-13,7.740593433380127,8.037581075925017,7.556281469377941,7.877396787105867,625852000
2020-05-14,7.989825248718262,7.995297231347669,7.648562162805694,7.802031017743821,602312000
2020-05-15,8.447746276855469,8.457446310471292,7.834119759231287,7.849789920159128,987660000
2020-05-18,8.705931663513184,8.871339869496333,8.636535099780891,8.71612984047994,774460000
2020-05-19,8.760900497436523,9.04147176793053,8.718366667845403,8.745727533174101,717320000
2020-05-20,8.924568176269531,8.997198393542552,8.843729509049695,8.945461722429382,587536000
2020-05-21,8.730801582336426,9.006646580896131,8.693242552685641,9.005652192681852,761068000
2020-05-22,8.9805326461792,9.046945086488144,8.669118239607736,8.780550482687504,1038764000
2020-05-26,8.673592567443848,9.135243019223017,8.62807463372257,9.110369079581073,770780000
2020-05-27,8.48206901550293,8.589023642130156,7.956245377477276,8.581313337076326,1175892000
2020-05-28,8.444013595581055,8.71612780265419,8.336808463910437,8.369641310493597,734896000
2020-05-29,8.830544471740723,8.830544471740723,8.442022323211523,8.511170268712194,745256000
2020-06-01,8.76164436340332,8.79596973608388,8.645485958689513,8.788508028577247,389876000
2020-06-02,8.780550003051758,8.792489306850127,8.614147438930704,8.751697555312681,391320000
2020-06-03,8.725080490112305,8.821340689895296,8.65593255202078,8.777563885189648,365440000
2020-06-04,8.726078033447266,8.902012270046486,8.637487714854524,8.687754775208147,424280000
2020-06-05,8.878870010375977,8.955514629700385,8.667847647401274,8.753948963501875,481748000
2020-06-08,8.764403343200684,8.848761814199982,8.645702869575615,8.836319637446355,387736000
2020-06-09,9.00428581237793,9.0677421085264,8.710895726334888,8.759420850072939,468488000
2020-06-10,9.323558807373047,9.456194614625154,9.111291963518875,9.125477007268065,632180000
2020-06-11,8.755690574645996,9.218545648596468,8.745487746566454,9.107808701556005,583652000
2020-06-12,8.891311645507812,9.14488723008976,8.663118775221182,9.120251596693144,570908000
2020-06-15,9.131450653076172,9.139911559125865,8.703433037578094,8.77460413262687,400004000
2020-06-16,9.02668285369873,9.22401944930365,8.797992597026973,9.182462012681775,535716000
2020-06-17,9.193413734436035,9.256122973976474,9.028427490860382,9.07172781257394,408304000
2020-06-18,9.175496101379395,9.239698546814658,9.072472976600096,9.184454427604352,254408000
2020-06-19,9.218544006347656,9.401446849001816,9.184701341752877,9.19988122589456,524160000
2020-06-22,9.482821464538574,9.487301102199996,9.230490376313739,9.257117593182326,398468000
2020-06-23,9.406425476074219,9.598037964663789,9.364121900954425,9.506959593896607,375108000
2020-06-24,9.192915916442871,9.512435900600783,9.102334958406512,9.432555192603575,449372000
2020-06-25,9.446240425109863,9.461171600336776,9.139909742005443,9.312609776761736,376072000
2020-06-26,9.112786293029785,9.456195773769487,9.082924887962797,9.456195773769487,592084000
2020-06-29,9.157578468322754,9.162058106058364,8.858961583091999,9.12746835403248,342248000
2020-06-30,9.453956604003906,9.48232479694981,9.22377307669493,9.271053714697091,367892000
2020-07-01,9.486054420471191,9.531594070429003,9.369594310080467,9.476847385994699,326648000
2020-07-02,9.567927360534668,9.692599684605682,9.534083742752678,9.594553626527235,364056000
2020-07-06,9.7938814163208,9.863060925578766,9.667715860624158,9.696831134904459,315892000
2020-07-07,9.826231002807617,10.023566685048234,9.805327925441164,9.90038756505966,357800000
2020-07-08,10.168893814086914,10.177853089859866,9.919549138442747,9.947668620000956,365480000
2020-07-09,10.460540771484375,10.52125935945527,10.186310859679175,10.332384614793433,494548000
2020-07-10,10.430931091308594,10.606119214480618,10.330894381296,10.539926128477521,497676000
2020-07-13,10.005898475646973,10.74248607038914,9.978773838195186,10.546146184871182,457076000
2020-07-14,10.32915210723877,10.35478353495252,9.740379198636003,10.028544566254594,542676000
2020-07-15,10.180092811584473,10.384893623623142,10.009383383606286,10.36623083826327,403984000
2020-07-16,10.088017463684082,10.15968501248177,9.84987050020244,9.968819626685535,344964000
2020-07-17,10.154459953308105,10.201243163954526,10.041234957876577,10.178349454335393,266284000
2020-07-20,10.462285041809082,10.482690699140393,10.109917234833206,10.226875749369688,284852000
2020-07-21,10.280875205993652,10.51130838501067,10.23931776030554,10.464524220514964,277036000
2020-07-22,10.390616416931152,10.553611049792725,10.244045222912812,10.319694993925742,367292000
2020-07-23,10.08304214477539,10.49836789312907,9.984996075999454,10.401815036980182,411660000
2020-07-24,10.147490501403809,10.316955374000012,9.731916157211755,9.829463828665853,473292000
2020-07-27,10.373446464538574,10.393602461072307,10.170635352239847,10.185069107587438,292132000
2020-07-28,10.168395042419434,10.334127383052609,10.162174431448639,10.326413559651314,271636000
2020-07-29,10.417243957519531,10.467759731459614,10.299290598378333,10.342838679361162,284508000
2020-07-30,10.565057754516602,10.574016079653706,10.247777173412945,10.32715949631909,308880000
2020-07-31,10.565804481506348,10.71685531257527,10.384892248538662,10.514541633004042,386080000
2020-08-03,10.95948314666748,11.047575106546473,10.665843280404173,10.683013803473292,412720000
2020-08-04,11.175979614257812,11.175979614257812,10.855713487813759,10.999049569082658,310336000
2020-08-05,11.234704971313477,11.319313061745826,11.11476100189389,11.19215269021843,249924000
2020-08-06,11.283232688903809,11.305628981190738,11.127205723895173,11.29741678585423,244316000
2020-08-07,11.147862434387207,11.451705182164241,10.986609665617916,11.260341340595547,342516000
2020-08-10,11.113517761230469,11.35564602075613,10.806439976810287,11.281987829661926,427796000
2020-08-11,10.799969673156738,11.08539727357645,10.74596911283335,11.022687098568131,354512000
2020-08-12,11.387497901916504,11.414124166853671,10.907720117790364,10.940070521825936,464412000
2020-08-13,11.390235900878906,11.667700995815364,11.303388455676876,11.492760654115996,374460000
2020-08-14,11.510677337646484,11.650778256595569,11.387746937929792,11.476833720238632,366436000
2020-08-17,12.280113220214844,12.352527856575652,11.762760176683678,11.796602846193656,621300000
2020-08-18,12.204214096069336,12.438379802232884,12.030519221573105,12.392591435062732,503448000
2020-08-19,12.082529067993164,12.258214588595601,12.042215177317894,12.239800515615501,622624000
2020-08-20,12.085018157958984,12.317939398909461,11.823977434765848,11.919784161685799,921388000
2020-08-21,12.625015258789062,12.749687580406652,12.139015904821967,12.145486175613579,999868000
2020-08-24,12.661596298217773,12.85296007261866,12.449826868277539,12.824342222900356,490564000
2020-08-25,12.691208839416504,12.702406509210157,12.515771085101091,12.572508413508759,289076000
2020-08-26,12.714101791381836,12.809161420800041,12.619290872485081,12.740230635286169,321244000
2020-08-27,12.57002067565918,12.790748434338262,12.508554997682598,12.722563774605414,317604000
2020-08-28,13.087124824523926,13.087373535062817,12.584204585857165,12.616554992173452,537160000
2020-08-31,13.312829971313477,13.51240499533192,12.977632707337218,13.12196361348135,500840000
2020-09-01,13.761388778686523,13.933393212520636,13.378546663293708,13.42185899037855,511316000
2020-09-02,14.284618377685547,14.663228189204778,13.840043530473613,14.640326683053306,874012000
2020-09-03,12.95936393737793,13.824615405156079,12.82320352276628,13.769105962454079,945128000
2020-09-04,12.5680570602417,13.118173789760052,11.654265141820803,12.72861072124861,1463684000
2020-09-08,11.861616134643555,12.495868665952957,11.653766757408798,11.683885878412541,795728000
2020-09-09,12.660155296325684,12.753998485090438,12.178989130595118,12.346513484942513,736200000
2020-09-10,12.258646011352539,13.008895916801286,12.114519770501584,12.933223515687224,698684000
2020-09-11,12.112032890319824,12.597927988274872,11.844441860177023,12.431648467079839,636928000
2020-09-14,12.816726684570312,13.257566912279982,12.576766984267248,13.024576987922975,1201744000
2020-09-15,12.934966087341309,13.241388418414578,12.7724202640412,13.222719102887627,727556000
2020-09-16,12.46052074432373,13.036276504289093,12.459774389516712,12.901361003410214,556384000
2020-09-17,12.409743309020996,12.535449042053106,11.982842526145728,12.079921843900053,792512000
2020-09-18,12.136672019958496,12.578009777818153,11.937037334214766,12.539427228666288,698460000
2020-09-21,12.46325969696045,12.468487029467878,11.853152604133797,11.873564364275431,721044000
2020-09-22,12.58324146270752,12.593447344321817,12.103072204677165,12.5207622481134,646452000
2020-09-23,12.071457862854004,12.672106440614145,12.027150399322249,12.521259187948008,647012000
2020-09-24,12.2947416305542,12.51528667777394,11.96218256477668,12.020181753118116,731240000
2020-09-25,12.818222045898438,12.82793035635289,12.192931457497625,12.393811062020282,588016000
2020-09-28,12.978776931762695,12.995455019452848,12.695006353439096,12.984004264530533,573808000
2020-09-29,13.168703079223633,13.384767096406364,12.877465181077447,12.881696424064717,621460000
2020-09-30,13.472139358520508,13.563742542883896,13.093529512118515,13.100748073599721,689184000
2020-10-01,13.555779457092285,13.703389669003098,13.402692177151664,13.698660855066128,525004000
2020-10-02,13.00590991973877,13.461187347792777,12.9947079495707,13.167958188027503,552496000
2020-10-05,13.58365535736084,13.585397801441708,13.165715663762136,13.178908861614774,479820000
2020-10-06,13.677250862121582,14.081002250444271,13.606059434041683,13.77034771021102,784420000
2020-10-07,13.903767585754395,14.058348479063966,13.803700974994964,13.939363769519542,418084000
2020-10-08,13.779059410095215,14.023749845653542,13.69865819405258,14.014290320495087,378900000
2020-10-09,13.703387260437012,13.764622541474697,13.601827927722326,13.707619453210627,346892000
2020-10-12,14.164636611938477,14.285114972463944,13.8524894272507,13.929156956915625,434744000
2020-10-13,14.18679428100586,14.28661212456434,13.95828434553534,14.23483636602296,344604000
2020-10-14,14.034455299377441,14.280887264715126,13.899788560818896,14.228862717598037,276100000
2020-10-15,13.909747123718262,13.945342370466278,13.70836895709378,13.751183716753953,267224000
2020-10-16,13.75192642211914,14.060589716200548,13.73300832168819,13.976205093854658,242392000
2020-10-19,13.439532279968262,13.923186408800927,13.348924223292842,13.843033967891985,298068000
2020-10-20,13.58664321899414,13.740228038744753,13.448740396598476,13.524910369339894,229212000
2020-10-21,13.466414451599121,13.732014232770208,13.419368456639658,13.56623229376561,219596000
2020-10-22,13.30337142944336,13.553039484968712,13.174678386058064,13.464174825263315,290480000
2020-10-23,13.531632423400879,13.534619742053748,13.233922285663485,13.391987145890786,233484000
2020-10-26,13.08456802368164,13.633689579571246,12.982261385916676,13.369085896916106,336896000
2020-10-27,13.338966369628906,13.384021132448181,13.134600935706988,13.248607109488976,250520000
2020-10-28,12.57253646850586,13.20280655451587,12.554614456414914,13.141073702441242,376520000
2020-10-29,12.96782398223877,13.135845925987597,12.695005654386499,12.783123951718173,320080000
2020-10-30,12.479939460754395,12.88070262306885,12.246948531109375,12.794576492375915,416820000
2020-11-02,12.526487350463867,12.781382741885674,12.3415385171396,12.603154900907724,299652000
2020-11-03,12.963343620300293,13.048474603240864,12.548391206447642,12.653685165437649,272900000
2020-11-04,13.734752655029297,13.767860047508005,13.279475206935611,13.331499752886495,410228000
2020-11-05,14.098925590515137,14.277153437233792,13.930654840153293,14.101415339384825,319028000
2020-11-06,14.499191284179688,14.525825518344906,13.835068378723031,14.048891455608413,383348000
2020-11-09,13.571956634521484,14.628131343754319,13.55204339364055,14.489730948690765,582976000
2020-11-10,12.714919090270996,13.54781019802429,12.573780172122872,13.54781019802429,644068000
2020-11-11,13.360125541687012,13.377052414591688,12.892401270410012,12.997446446842183,404744000
2020-11-12,13.398707389831543,13.706623391136638,13.258564550225856,13.4208615944081,365812000
2020-11-13,13.239648818969727,13.609795307478402,13.002924202135992,13.568474209414886,346312000
2020-11-16,13.45695686340332,13.590627511150926,13.099256295266624,13.115684649662638,413776000
2020-11-17,13.364355087280273,13.537604353680523,13.246366460979495,13.49404325215184,312028000
2020-11-18,13.370828628540039,13.547065230799866,13.128130360392811,13.407171172523759,510924000
2020-11-19,13.382280349731445,13.429326347476689,13.043497889673867,13.15576163324894,565936000
2020-11-20,13.031298637390137,13.436293916600302,13.008645914860107,13.395968917954983,341088000
2020-11-23,13.083324432373047,13.324777827155184,12.959361156671875,13.114439643775567,361356000
2020-11-24,12.901860237121582,13.105228639441574,12.829423935275962,13.085812968215139,346500000
2020-11-25,13.177663803100586,13.212263899302625,12.96384075400701,12.976286647330468,259916000
2020-11-27,13.204048156738281,13.349668040216633,13.11368985820199,13.317307960603586,167276000
2020-11-30,13.343696594238281,13.354649779706577,12.916298264592438,13.20778593658098,286952000
2020-12-01,13.332244873046875,13.470396474680498,13.171191763899333,13.4340539339607,296948000
2020-12-02,13.486082077026367,13.61452540332225,13.177169923536924,13.292918568026222,283360000
2020-12-03,13.342159271240234,13.605098152797373,13.275429117117344,13.53288931377425,199520000
2020-12-04,13.503758430480957,13.505501389453034,13.334939318795286,13.394448782293157,202244000
2020-12-07,13.552063941955566,13.676063849403539,13.445743434248142,13.546586206055725,223244000
2020-12-08,13.296343803405762,13.544093756670273,13.228118603208381,13.530398944947187,271920000
2020-12-09,12.87878131866455,13.360088806654998,12.816532505636271,13.24704531933605,401300000
2020-12-10,12.920112609863281,13.016225157346986,12.797855678959717,12.817278035078495,207764000
2020-12-11,12.96094799041748,12.96767096745661,12.77146224084269,12.915132393146711,209264000
2020-12-14,13.255261421203613,13.334939820019592,13.024941019943634,13.035398774169177,270156000
2020-12-15,13.306804656982422,13.409888106713556,13.133753031981128,13.385735536756188,193016000
2020-12-16,13.189276695251465,13.383243798398896,13.159396585899268,13.368552602157862,223116000
2020-12-17,13.287630081176758,13.325726318719184,13.12553395287217,13.31302693964413,231384000
2020-12-18,13.218660354614258,13.351125252225733,13.017970240699636,13.325229723016056,342064000
2020-12-21,13.278664588928223,13.316263107075995,12.915380685357526,13.022199838320807,302332000
2020-12-22,13.224884033203125,13.283646925526869,13.001535460648212,13.265719617640173,185580000
2020-12-23,12.956964492797852,13.221646354324898,12.952731999410004,13.202722663623348,179144000
2020-12-24,12.941527366638184,13.079719802401335,12.88674905910573,12.984852485701106,97884000
2020-12-28,12.848152160644531,13.009999423359698,12.711952513384338,13.009999423359698,212564000
2020-12-29,12.891227722167969,13.019958760176179,12.79063383221602,12.873051559550927,170372000
2020-12-30,13.092915534973145,13.160642074392083,12.844916701690002,12.938040099740185,225396000
2020-12-31,13.002530097961426,13.098143976917555,12.863092439192675,13.083702589161886,192424000
2021-01-04,13.060796737670898,13.597631016115521,12.91040358098089,13.051584224791647,560640000
2021-01-05,13.350875854492188,13.389469813350296,13.03440292226786,13.04710135296224,322760000
2021-01-06,12.563802719116211,13.1917685974878,12.535417654961735,13.169358986371599,580424000
2021-01-07,13.290369033813477,13.32398392120334,12.834708264575642,12.915382094628498,461480000
2021-01-08,13.223388671875,13.367058829260577,12.989582367036666,13.3087946092629,292528000
2021-01-11,13.566754341125488,13.904890294581081,13.30879545335435,13.364819001093393,518344000
2021-01-12,13.430554389953613,13.699220853511294,13.291366518342056,13.697228086074581,291476000
2021-01-13,13.477365493774414,13.570240994686895,13.331205784944276,13.435783333016113,210028000
2021-01-14,13.147196769714355,13.545091039577693,13.12752650374872,13.520440755047291,283120000
2021-01-15,12.807818412780762,13.27169633457119,12.796862940233225,13.174837191380403,277780000
2021-01-19,12.972900390625,13.041373506221632,12.79237828621631,12.963935787634238,226188000
2021-01-20,13.312031745910645,13.376521226677053,13.004273639082106,13.059051941538538,258572000
2021-01-21,13.81176471710205,13.942985300241656,13.199734440258004,13.364568959095964,337780000
2021-01-22,13.657386779785156,13.786117826642263,13.572479512634926,13.68477640464162,246820000
2021-01-25,13.598376274108887,13.7729219839982,13.183301270177894,13.726359807474722,251112000
2021-01-26,13.381253242492676,13.589910611709367,13.33369468135409,13.52591884373518,163980000
2021-01-27,12.865833282470703,13.179566863996952,12.742331097480742,13.176827521248605,371272000
2021-01-28,12.99854564666748,13.286135761458496,12.908409501804401,12.94401620453668,228316000
2021-01-29,12.937542915344238,13.281156594741395,12.85960747764064,13.022450189012595,271552000
2021-02-01,13.183801651000977,13.217415593581187,12.850894535990365,13.000789980691422,217204000
2021-02-02,13.502265930175781,13.517453895988597,13.232105357802928,13.344900937302837,220440000
2021-02-03,13.476120948791504,13.875758199731045,13.462177275976654,13.58119621183441,245408000
2021-02-04,13.609333992004395,13.618546504869126,13.284146250549627,13.476619285849223,201340000
2021-02-05,13.536375999450684,13.682038927768824,13.491307924573183,13.669838214950548,169152000
2021-02-08,14.380720138549805,14.415579319657386,13.67207952886359,13.67207952886359,434624000
2021-02-09,14.205924034118652,14.524637598261522,14.165337313462569,14.283111941148748,287560000
2021-02-10,14.704910278320312,14.845094516583352,14.283859846653357,14.40512039530339,485352000
2021-02-11,15.189456939697266,15.21087111646074,14.865016726806148,14.920044844642259,450828000
2021-02-12,14.901118278503418,15.22979187160144,14.715616167747536,14.989511461890103,374756000
2021-02-16,15.268638610839844,15.310719441811697,14.88991683114257,15.003707850947729,321960000
2021-02-17,14.846090316772461,15.162314342745137,14.72059633006822,15.11002462754426,274756000
2021-02-18,14.769404411315918,14.813476112089768,14.516424547258366,14.669805919974632,233868000
2021-02-19,14.866508483886719,15.116001413378493,14.787078950270823,14.964114181705161,271724000
2021-02-22,14.298052787780762,15.072428084036344,14.267426101767738,14.715368455188019,325884000
2021-02-23,14.085163116455078,14.181524533940966,13.335686902429352,14.018680862200867,391780000
2021-02-24,14.440725326538086,14.448444686911866,13.700711556102595,14.065988231567488,448320000
2021-02-25,13.25401496887207,14.316975775495292,13.163132248759155,13.989048748231403,824436000
2021-02-26,13.659380912780762,13.798817635314652,13.307301288699822,13.69722734472465,500932000
2021-03-01,13.786118507385254,13.869033961341506,13.498778190317397,13.819234727310848,353184000
2021-03-02,13.35236930847168,13.864552302839884,13.34216041278066,13.844134511457842,264116000
2021-03-03,12.753286361694336,13.397436481579216,12.747309959818812,13.372288481570262,377592000
2021-03-04,12.320534706115723,12.922854895038494,12.03518614944551,12.74930459152039,573344000
2021-03-05,12.411415100097656,12.499559425069663,11.632308704404133,12.499559425069663,542840000
2021-03-08,11.546655654907227,12.421126179417163,11.520012603958925,12.399961813597908,543112000
2021-03-09,12.47423267364502,12.570377437106382,12.014926618631605,12.085665759973232,521824000
2021-03-10,12.422422409057617,12.932290708886528,12.411712103814923,12.793303784677843,384376000
2021-03-11,12.945744514465332,12.99830122675379,12.687696596615787,12.902404444000641,299916000
2021-03-12,12.808748245239258,12.84137800317836,12.54372612258318,12.60176150260014,243964000
2021-03-15,13.142768859863281,13.158211962080784,12.720327373768852,12.817468886000968,221988000
2021-03-16,13.242400169372559,13.462836579062207,13.068541055091844,13.307409797577044,272128000
2021-03-17,13.292219161987305,13.403807057347713,12.941761527782205,12.99182690409722,243864000
2021-03-18,12.675742149353027,13.135546212993678,12.670262522567052,13.088221126930026,293896000
2021-03-19,12.798537254333496,12.874009196386721,12.56614486370807,12.703139313327759,299208000
2021-03-22,13.137784957885742,13.345269600925587,12.859312225279986,12.865290689757089,297804000
2021-03-23,13.022711753845215,13.29545500368924,12.973393215824773,13.205536681234243,222048000
2021-03-24,12.59653091430664,13.110884070467083,12.590304455981338,13.102913101614503,245840000
2021-03-25,12.489178657531738,12.668019515314883,12.226896785999031,12.453560612717908,295144000
2021-03-26,12.792062759399414,12.809000478579916,12.328024743744802,12.508359288718777,363968000
2021-03-29,12.900660514831543,13.0144907889492,12.653322911949298,12.773130700711981,273520000
2021-03-30,12.824444770812988,12.92756476170925,12.658307641148648,12.794804234582625,200204000
2021-03-31,13.299192428588867,13.420992735807696,12.934786334230242,12.967665043865257,314776000
2021-04-01,13.76098918914795,13.819024583083182,13.46159272623592,13.522369358755661,308276000
2021-04-05,13.9360933303833,13.96249568673925,13.682528281107839,13.816534468400627,255672000
2021-04-06,13.810555458068848,14.002597032896157,13.722879532840807,13.948297705902563,191744000
2021-04-07,14.09151840209961,14.191150299741128,13.661105981821104,13.829733469793657,251284000
2021-04-08,14.264381408691406,14.418313585584368,14.196630537167836,14.200367553011299,244416000
2021-04-09,14.347076416015625,14.355047386702058,14.122903911178433,14.161760136622581,195172000
2021-04-12,15.15310001373291,15.296072916324466,14.087281972664629,14.237229116837765,869324000
2021-04-13,15.621871948242188,15.642296785961808,15.070157136320923,15.17551855147795,676212000
2021-04-14,15.220853805541992,15.662723403944465,15.17153526617019,15.56757439683238,385500000
2021-04-15,16.07794189453125,16.154658563081032,15.574050016503216,15.604936219474224,598480000
2021-04-16,15.85401725769043,16.10633661100152,15.806940170418816,15.993999997068041,335208000
2021-04-19,15.305289268493652,15.74940120021796,15.177012626643881,15.479397321409937,404420000
2021-04-20,15.115492820739746,15.440045020755381,14.908008137498932,15.26693366441033,334132000
2021-04-21,15.304043769836426,15.306036274534817,15.046742716044934,15.063181592433518,216776000
2021-04-22,14.795670509338379,15.381758649575245,14.729165313862191,15.318491630862203,277788000
2021-04-23,15.209146499633789,15.278639983279946,14.845488196208844,14.879362682597167,227500000
2021-04-26,15.42111587524414,15.422112602976226,15.0694135112326,15.129193420921956,197796000
2021-04-27,15.325218200683594,15.612906665769394,15.29806806262324,15.52124478193989,164572000
2021-04-28,15.220602989196777,15.475164740857569,15.15957836730446,15.308030914991681,209416000
2021-04-29,15.268428802490234,15.379767751976296,15.016109419040074,15.343401918682673,173196000
2021-04-30,14.954336166381836,15.308529842071689,14.941882296807739,15.118730665369561,201912000
2021-05-03,14.782218933105469,15.190711864139518,14.733150296570749,15.069409466583876,203912000
2021-05-04,14.298504829406738,14.583702894438511,13.958758495262643,14.583453950082967,405324000
2021-05-05,14.40535831451416,14.759054021385886,14.334619173139814,14.654937338900202,292024000
2021-05-06,14.469624519348145,14.517697387535478,14.16574610808728,14.441976491548107,193380000
2021-05-07,14.757811546325684,14.915728739355696,14.617827849292928,14.7538265361417,229328000
2021-05-10,14.2133207321167,14.75158504127591,14.197628684614322,14.732903760867538,268904000
2021-05-11,14.253667831420898,14.301989633306933,13.69946267596104,13.774186827796091,285584000
2021-05-12,13.707931518554688,14.207837357510233,13.658862883776619,13.958008435105357,303408000
2021-05-13,13.61502456665039,14.028998076504566,13.409532427846457,13.982169938542986,285404000
2021-05-14,14.190652847290039,14.275340485481827,13.697970119526413,13.83895053700073,258616000
2021-05-17,14.113438606262207,14.11717467222545,13.802585945986333,14.104969746666484,216980000
2021-05-18,13.96423625946045,14.351308574282077,13.952529225125941,14.214563077949034,186256000
2021-05-19,14.014054298400879,14.027753839066552,13.493474603613123,13.516638780467643,344000000
2021-05-20,14.558792114257812,14.629780197695082,14.218049123725091,14.24993109761989,321592000
2021-05-21,14.936651229858398,15.16605535919213,14.814850925300101,15.108019017237964,672992000
2021-05-24,15.554620742797852,15.687131342210156,15.120222378827417,15.156588205382036,554816000
2021-05-25,15.590237617492676,15.760359702554151,15.425595157911804,15.708052890917713,435408000
2021-05-26,15.642298698425293,15.735704145609564,15.52896724992977,15.676423080242675,370440000
2021-05-27,15.43107795715332,15.692115130559111,15.40318098520956,15.642049757647367,581476000
2021-05-28,16.18480110168457,16.21768077012577,15.444034637929313,15.444034637929313,644536000
2021-06-01,16.204723358154297,16.328019228538366,15.844801122756069,16.210203934751263,472804000
2021-06-02,16.71658706665039,16.85657172590824,16.175832350111072,16.19252112571894,594168000
2021-06-03,16.907379150390625,17.19556736897667,16.522051333849653,16.639368724927916,580008000
2021-06-04,17.513641357421875,17.5960856255782,17.032665784160628,17.049601597313153,617120000
2021-06-07,17.554243087768555,17.7470324200021,17.12956115972956,17.5066700158796,575756000
2021-06-08,17.39283561706543,17.556730264798006,17.187591515567266,17.462826964629212,323848000
2021-06-09,17.298419952392578,17.514423962117288,17.19627423364393,17.45537830426716,381656000
2021-06-10,17.36493682861328,17.43170722377166,17.116796462616325,17.29019648734641,287772000
2021-06-11,17.763813018798828,17.877420418706762,17.383627676899426,17.419253896117993,416308000
2021-06-14,17.956634521484375,17.97731303714649,17.60186273783962,17.8442740934731,321376000
2021-06-15,17.727182388305664,17.954148103362822,17.66689173938309,17.853247418996794,243032000
2021-06-16,17.748855590820312,17.8928582145457,17.52388380440414,17.729423980176904,307124000
2021-06-17,18.59293556213379,18.770072470549398,17.69504235018329,17.713228953536802,809656000
2021-06-18,18.574504852294922,19.308217023143403,18.519943127082154,18.71925451472753,968856000
2021-06-21,18.363733291625977,18.472607738221978,17.761317116263903,18.37170513870822,672384000
2021-06-22,18.82164764404297,18.898383795362612,18.32262411331532,18.407830114038756,580144000
2021-06-23,18.991559982299805,19.086731742850937,18.842575405432253,18.942231092149555,332356000
2021-06-24,19.13929557800293,19.3530565919672,19.022449314340957,19.161470004367036,320924000
2021-06-25,18.96540069580078,19.278817427102744,18.829371801358914,19.21404094846536,278364000
2021-06-28,19.91611671447754,20.00954357887379,19.252411904857897,19.29451595908237,495436000
2021-06-29,19.957721710205078,20.02947213929642,19.589245203319127,19.813968049037626,367632000
2021-06-30,19.933551788330078,20.093000115257194,19.795279984425818,19.93031286945108,326568000
2021-07-01,20.142330169677734,20.38548859722356,19.949994640023817,20.055630160644014,480136000
2021-07-02,20.416379928588867,20.434568434216665,20.217817481948444,20.369791959842154,342764000
2021-07-06,20.627153396606445,20.77015813867355,20.280104352666278,20.666018525350328,446708000
2021-07-07,20.301532745361328,20.803048270219904,20.26192060678892,20.781622741141774,418428000
2021-07-08,19.83414649963379,20.063602249461436,19.632843115344528,19.788056528694977,503300000
2021-07-09,19.981136322021484,20.011033596944927,19.686157099051567,19.893689311396027,296624000
2021-07-12,20.441791534423828,20.46197014862544,20.118160092279034,20.170229888571328,321984000
2021-07-13,20.180192947387695,20.39071501744408,20.04466209433025,20.33017348061207,290708000
2021-07-14,19.773107528686523,20.347371324645856,19.684664506102898,20.287578671273554,380100000
2021-07-15,18.9008731842041,19.778587910474652,18.793494657119066,19.743459705435733,550564000
2021-07-16,18.09839630126953,19.090963266733112,18.010700300983057,18.964900147522947,688224000
2021-07-19,18.715017318725586,18.976362343498174,17.803917401134495,17.853497190988364,749060000
2021-07-20,18.547849655151367,18.77307053516643,18.101393819429756,18.665442975738188,434687000
2021-07-21,19.34309196472168,19.459689233832748,18.67739534613808,18.81691214625468,371017000
2021-07-22,19.526456832885742,19.818446094421418,19.209552228936452,19.57429170526757,323826000
2021-07-23,19.490583419799805,19.632094138275786,19.18364454445937,19.5882451844346,195672000
2021-07-26,19.227493286132812,19.374981936997983,18.848802099805674,19.244434884003283,203943000
2021-07-27,19.141794204711914,19.554366791908347,18.676402898513324,19.19859694685459,248863000
2021-07-28,19.435771942138672,19.578278660578594,18.929523634403203,19.252406188851747,202191000
2021-07-29,19.594221115112305,19.784562677980475,19.261370955848342,19.451712518716512,190781000
2021-07-30,19.431785583496094,19.56233262989459,19.196599037799633,19.35106352111419,183497000
2021-08-02,19.681922912597656,19.892196048997913,19.29426383352367,19.632096019964017,217444000
2021-08-03,19.746702194213867,20.152298936128698,19.15375182359824,19.671959943888986,301811000
2021-08-04,20.20411491394043,20.24796386771161,19.75965124376936,19.921093477440312,231309000
2021-08-05,20.56586456298828,20.661534325497566,20.271881335250495,20.429337660982515,211435000
2021-08-06,20.295799255371094,20.499096555119213,20.140336838007727,20.453255584823058,178497000
2021-08-09,20.22504425048828,20.4373093965313,20.073567760929837,20.37552283364435,146443000
2021-08-10,19.86728286743164,20.359579568061065,19.76662927363891,20.251952033949838,179238000
2021-08-11,19.63109588623047,19.979889797414497,19.363024040976125,19.97390996272921,185925000
2021-08-12,19.83638572692871,19.95995693048754,19.55236830867384,19.801506528249956,151652000
2021-08-13,20.1184139251709,20.144325279245585,19.78257563330717,19.83639035283201,183063000
2021-08-16,19.8812313079834,20.217069532094754,19.385942869614865,20.065593064053427,210876000
2021-08-17,19.39093017578125,19.70185501306102,19.2005885511107,19.61714701214786,204585000
2021-08-18,18.974369049072266,19.566321363540087,18.934506018766548,19.432782492944614,285913000
2021-08-19,19.729755401611328,20.424353301221036,18.697325356525393,19.426802456904166,766555000
2021-08-20,20.74424934387207,20.79308023295475,19.864293533156978,19.92209227489408,675741000
2021-08-23,21.882312774658203,21.921177903907907,20.877787845028326,20.898715368530024,575807000
2021-08-24,21.717885971069336,21.88331418864783,21.46077578999832,21.678024826308345,297299000
2021-08-25,22.136432647705078,22.392546755792843,21.647125866786784,21.66207355456047,347701000
2021-08-26,21.99193572998047,22.262997548429166,21.714894075614353,22.123480715517967,237940000
2021-08-27,22.55797004699707,22.643674033280696,22.090586896089597,22.107528492260414,304722000
2021-08-30,22.609792709350586,22.963568544992565,22.47326582404602,22.751303423762153,262580000
2021-08-31,22.3117733001709,22.62075868040585,22.047640789736928,22.62075868040585,259850000
2021-09-01,22.367591857910156,22.622754957763057,22.28386700045794,22.41144855038439,201767000
2021-09-02,22.322738647460938,22.51909472765023,22.22206920355075,22.44433930541851,187834000
2021-09-03,22.768280029296875,22.910811920681166,22.127383658232656,22.25197477815264,280532000
2021-09-07,22.58786964416504,22.824093892750362,22.448326313698814,22.758309804466514,198107000
2021-09-08,22.26592254638672,22.53603592576677,21.905105352001236,22.439353122725205,254434000
2021-09-09,22.104455947875977,22.464275126748724,22.058606891844985,22.239014571951014,196856000
2021-09-10,22.404468536376953,22.551983198863454,22.19714878261406,22.274892739720574,248376000
2021-09-13,22.079532623291016,22.888876529423555,21.786493788006073,22.60979183386128,297500000
2021-09-14,22.16924285888672,22.336692569612442,22.013753027023114,22.202133951589552,199755000
2021-09-15,22.267915725708008,22.293831645548725,21.894142459272885,22.236020817611784,166538000
2021-09-16,22.16924285888672,22.20412821528791,21.855272750166648,22.110435843651945,156033000
2021-09-17,21.82836151123047,22.247983887075033,21.758590795663608,22.227052672404977,294503000
2021-09-20,21.043935775756836,21.362888683857676,20.594410879277827,21.076826867613953,349440000
2021-09-21,21.176498413085938,21.354911802354714,20.881467187077302,21.34693855063017,204688000
2021-09-22,21.869220733642578,21.888157678451677,21.126657139855844,21.296101066558997,268726000
2021-09-23,22.4084529876709,22.461279102173783,21.81838869165872,22.067570844468374,248555000
2021-09-24,22.00876808166504,22.076546431149566,21.789488429342764,21.997804384215325,217655000
2021-09-27,21.589143753051758,21.72768898320493,21.25524054701434,21.638979428215535,245215000
2021-09-28,20.631290435791016,21.34893644407722,20.583447115090674,21.144607100297833,343069000
2021-09-29,20.44988441467285,20.948248800717536,20.40004683540283,20.871501019861885,218394000
2021-09-30,20.64823341369629,20.997088873720934,20.620325128983062,20.70006335689361,221009000
2021-10-01,20.674152374267578,20.790768337768267,20.136914012363036,20.682125627897644,240978000
2021-10-04,19.667451858520508,20.47480160606298,19.49103082581489,20.43692580745961,345635000
2021-10-05,20.384098052978516,20.58045410102996,19.789050920867343,19.884737541485297,279282000
2021-10-06,20.632286071777344,20.652219202114356,20.014313404708272,20.054183467600772,297202000
2021-10-07,21.006059646606445,21.252251394930184,20.90339594423825,21.023002332349666,256919000
2021-10-08,20.76285743713379,21.136630744836808,20.707040866525467,21.03197467494621,151258000
2021-10-11,20.627302169799805,20.994098397870303,20.443904055764555,20.507695778664687,163388000
2021-10-12,20.60338020324707,20.988117194123532,20.460848337072985,20.759866211548562,162134000
2021-10-13,20.870502471923828,20.921336231312484,20.645241941754325,20.849571259430128,180652000
2021-10-14,21.67486000061035,21.683829432378424,21.052900818856443,21.218358128233028,243589000
2021-10-15,21.790481567382812,21.859256088546132,21.591136975232704,21.738651631224155,226994000
2021-10-18,22.149307250976562,22.218081780697908,21.57319699245635,21.677854960050606,189494000
2021-10-19,22.21708869934082,22.305796372358465,21.964916022213767,22.20313265408627,161473000
2021-10-20,22.03070068359375,22.359621161989526,21.910096191330364,22.232039597473953,146276000
2021-10-21,22.617767333984375,22.63670618326787,22.010760294577082,22.024714435687386,187590000
2021-10-22,22.651655197143555,23.054332903700523,22.487195958001656,22.74833799814001,249384000
2021-10-25,23.0902156829834,23.278596571757692,22.695511238886706,22.897846267570205,230235000
2021-10-26,24.636144638061523,25.17637336256749,23.84573943509634,23.9105273389636,485898000
2021-10-27,24.371017456054688,25.007927133813123,24.20256965592996,24.39394293454579,245990000
2021-10-28,24.859413146972656,24.868384481883496,24.442781235893953,24.796619505924756,234204000
2021-10-29,25.483366012573242,25.624901707362692,24.91822131585797,24.91921749719109,292503000
2021-11-01,25.742511749267578,25.80929200930688,25.144474150231424,25.565094542912135,265740000
2021-11-02,26.31463623046875,26.590730535065173,25.715602386475727,25.73753168250349,294112000
2021-11-03,26.510988235473633,26.696380585852886,26.14917676933632,26.582753200243893,239910000
2021-11-04,29.703514099121094,31.26239704427072,27.02929029769168,27.139927249878582,1153631000
2021-11-05,29.65467643737793,31.29728433418583,29.313794225323047,30.088252938531244,851260000
2021-11-08,30.703229904174805,30.99826111038882,29.8091630510037,30.050371960024457,503101000
2021-11-09,30.55671501159668,32.20430952982085,29.865983049867186,32.176401244543264,646746000
2021-11-10,29.362632751464844,30.74908322904024,28.68386069593988,29.259970949508748,636206000
2021-11-11,30.29058837890625,30.489934904320453,29.679594643475284,30.368334246239346,332172000
2021-11-12,30.29058837890625,30.579640650645906,29.53307424388538,29.911832261950494,413054000
2021-11-15,29.926782608032227,30.543757233968925,29.151327703396426,30.45205912496515,384909000
2021-11-16,30.104202270507812,30.29059084971871,29.60882826269929,29.66165629394215,264484000
2021-11-17,29.1652774810791,30.409195964278993,28.705785120196275,30.31849214904719,428508000
2021-11-18,31.57138442993164,32.65283428082638,31.218542338444994,32.261122107751916,781711000
2021-11-19,32.87710189819336,32.97976560905506,31.800634810586825,32.13752850967371,533867000
2021-11-22,31.851465225219727,34.533662437419686,31.795648655207987,33.40735781762492,754335000
2021-11-23,31.642154693603516,32.25414653332147,30.778986374975506,31.431844462985936,532163000
2021-11-24,32.567115783691406,32.74752344863697,30.82682705345173,31.358084433513884,435162000
2021-11-26,31.399944305419922,32.60299466798655,31.24744493690994,32.49335390329238,283069000
2021-11-29,33.26681900024414,33.30270053648563,31.931202291527786,32.26012461188157,454964000
2021-11-30,32.56910705566406,33.24389436052743,31.759764944757165,33.06049435573746,622066000
2021-12-01,31.336008071899414,33.184171666297914,31.2811809672,33.11439240625947,484368000
2021-12-02,32.02482986450195,32.375722550194084,30.9272972457991,31.11570313644076,472890000
2021-12-03,30.596343994140625,32.027822639120906,30.035115336865402,31.899227266863253,544325000
2021-12-06,29.942405700683594,30.145761817550646,27.949700565814876,29.78589864714848,658938000
2021-12-07,32.32487869262695,32.346812573827144,30.55447261848209,30.859510618013076,593053000
2021-12-08,31.725778579711914,32.188318120673316,31.32205326007069,31.898234128872442,475551000
2021-12-09,30.393980026245117,32.103581165831095,30.33217500414839,31.634061878266106,488507000
2021-12-10,30.102901458740234,31.206415682530494,29.766962833942674,31.051903118678588,488825000
2021-12-13,28.07231330871582,30.19859728465225,28.027454948851968,30.1537389247884,598344000
2021-12-14,28.247758865356445,28.58768456683166,27.16418223461943,27.61176761656936,667035000
2021-12-15,30.363082885742188,30.403954139971678,27.75033624261141,28.31056675334451,698297000
2021-12-16,28.2976016998291,31.061869576386897,28.004528853648427,31.053895348302806,707366000
2021-12-17,27.713451385498047,28.830921489909592,27.672580135131074,27.896871959169967,713758000
2021-12-20,27.631710052490234,28.055370925868335,27.059518227197945,27.21901421962327,461847000
2021-12-21,28.98343849182129,29.028296854991318,27.31470852270142,28.284645850680768,524385000
2021-12-22,29.307411193847656,29.461923742071825,28.359405933040755,28.800015295930997,395184000
2021-12-23,29.546655654907227,29.964336743268632,29.33831421297981,29.66129326312554,343022000
2021-12-27,30.84754753112793,30.98910054168439,29.546656940110104,29.566594412321887,403686000
2021-12-28,30.22650909423828,31.231334077242877,29.91748399123054,31.21339111350028,420591000
2021-12-29,29.90652084350586,30.451799123179573,29.273520345909006,30.177665528495464,343139000
2021-12-30,29.492828369140625,30.36108570963226,29.44697370362588,29.73306863749012,308864000
2021-12-31,29.318378448486328,29.935430483532848,29.23863045980728,29.58055069803875,266530000
2022-01-03,30.026142120361328,30.61428422261977,29.69119982289277,29.721106030264906,391547000
2022-01-04,29.19776153564453,30.37205130388123,28.259724925855497,30.181652811785955,527154000
2022-01-05,27.517072677612305,29.323366804704467,27.446297114632042,28.85783647032943,498064000
2022-01-06,28.089262008666992,28.348443450993756,26.979768076203065,27.55295615903355,454186000
2022-01-07,27.161190032958984,28.33249071472493,26.971787872683233,28.05237553867087,409939000
2022-01-10,27.31370735168457,27.382490289709768,25.563237098121473,26.4972864282957,594681000
2022-01-11,27.729398727416992,27.97661882621992,26.754479886883722,27.23695493896439,404089000
2022-01-12,27.91082763671875,28.504949514228787,27.52105820708782,27.978612384474925,383413000
2022-01-13,26.491310119628906,28.390309630110426,26.41455104320911,28.289627869102336,540171000
2022-01-14,26.85715675354004,27.111354801279813,26.127461534880105,26.217178269218586,395832000
2022-01-18,25.821426391601562,26.554112344866216,25.688845811972694,26.177302480368454,424270000
2022-01-19,24.98805809020996,26.459409683048193,24.97310593684919,25.996872119985937,488315000
2022-01-20,24.073945999145508,25.49844661807642,24.002172240904777,25.22431303336184,435181000
2022-01-21,23.300392150878906,24.744828429105826,23.18974164646766,23.43297273498428,718958000
2022-01-24,23.29839515686035,23.30636938474509,20.822218672511546,22.259676871868574,913982000
2022-01-25,22.253700256347656,22.870752385278564,21.930721138257574,22.4750012913378,664616000
2022-01-26,22.70028305053711,23.98123602247963,22.229769407799456,23.166809579557935,755959000
2022-01-27,21.87489128112793,23.919432592467135,21.606737447782898,23.49377731200437,573353000
2022-01-28,22.768075942993164,22.786018910319385,21.228937446273747,21.942682333906376,543774000
2022-01-31,24.40888786315918,24.431816145631064,22.979403852664547,23.108993615367613,564680000
2022-02-01,24.56041145324707,25.065814798100266,23.814765930647102,25.02494354865154,518925000
2022-02-02,25.162511825561523,25.73569997115753,24.47568045285035,25.712773586139047,543419000
2022-02-03,23.87258529663086,24.99802967321124,23.705115075622988,24.38097948355901,410178000
2022-02-04,24.242414474487305,24.55741930721573,23.557577711661764,23.89650713053911,354829000
2022-02-07,24.650127410888672,25.10269624776117,24.125782912567686,24.29524762592509,376868000
2022-02-08,25.028932571411133,25.1505481244359,23.90448448091836,24.28229068862886,410359000
2022-02-09,26.620899200439453,26.64083667175982,25.27315770145827,25.541309655752155,524282000
2022-02-10,25.742677688598633,26.84021038947603,25.519384054932555,25.913140626547364,513200000
2022-02-11,23.873579025268555,26.069642339244744,23.698134593993387,25.834385491481136,605472000
2022-02-14,24.19057846069336,24.79666354683214,23.680189818886806,23.85862696314563,440424000
2022-02-15,26.411561965942383,26.461403743864466,24.705949858768733,24.870429246985168,699869000
2022-02-16,26.427509307861328,26.498286759029188,25.471529825588878,26.176304019794223,732676000
2022-02-17,24.42982292175293,25.703798143147747,24.088900885684307,25.549285582156386,810595000
2022-02-18,23.567548751831055,24.907316200447443,23.02725575627355,24.590316828988254,761255000
2022-02-22,23.316341400146484,23.988218678165815,22.92757016662024,22.9624597952012,633422000
2022-02-23,22.316495895385742,24.078929495655366,22.230768194872702,23.727040557473366,566511000
2022-02-24,23.6732120513916,23.72504833875335,20.82421265561137,20.94881900592277,735801000
2022-02-25,24.080923080444336,24.140733592878306,23.30736782876033,23.646297234789348,528866000
2022-02-28,24.30820655822754,24.587325461796915,23.632342229680074,23.91644455057124,477319000
2022-03-01,23.40306854248047,24.300235899548934,23.059155656499062,24.214506278553596,412056000
2022-03-02,24.147838592529297,24.336276568768735,23.345238595457605,23.685222229370265,389642000
2022-03-03,23.64334487915039,24.2535209394166,23.399074019480082,24.189710547156224,365095000
2022-03-04,22.867666244506836,23.609449084190494,22.415018401859665,23.314331446054602,431415000
2022-03-07,21.28838539123535,22.964378855624652,21.266451574671656,22.749020877092576,450821000
2022-03-08,21.449905395507812,22.30634551586361,20.58847910622701,21.24551620790643,557467000
2022-03-09,22.945436477661133,23.150822137347905,22.180721331376475,22.320303633914452,492742000
2022-03-10,22.59049415588379,22.720105999777736,21.816805180949956,22.46387173081111,428066000
2022-03-11,22.034160614013672,23.07604745226114,21.980320637514282,22.953412795419776,367209000
2022-03-14,21.266447067260742,22.195669376851416,21.095957034349265,21.80384067249969,385354000
2022-03-15,22.904556274414062,22.969363152831257,21.25847601527962,21.453891221892214,491996000
2022-03-16,24.423019409179688,24.523718332751294,23.10296459283885,23.429986500774472,671422000
2022-03-17,24.692214965820312,24.76798684900342,23.834776570421486,24.04813969626861,471941000
2022-03-18,26.374183654785156,26.489839164055603,24.55063450386545,24.725112338972878,730719000
2022-03-21,26.65435028076172,27.071106099040612,25.88963521663449,26.428027300009337,591727000
2022-03-22,26.444976806640625,27.156850275284068,25.994323791878227,26.647371123248757,547007000
2022-03-23,25.55763053894043,26.532715564299693,25.498806299804944,26.048163421646912,502120000
2022-03-24,28.066133499145508,28.23562710130492,25.82981594503605,26.088045093021876,877379000
2022-03-25,27.6094970703125,28.273513231464275,27.189751821010642,27.802919332389703,579016000
2022-03-28,28.134925842285156,28.165833619637276,27.124943427788132,27.67330593129394,425494000
2022-03-29,28.570619583129883,28.85975453924561,27.896633131852415,28.609502941441008,488984000
2022-03-30,27.607501983642578,28.41110037401944,27.42105885059828,28.219672974520872,463487000
2022-03-31,27.20470428466797,28.163838026854247,27.188753110757293,27.699226807551824,523440000
2022-04-01,26.632413864135742,27.41407840137785,26.188740006342908,27.29343862106805,517235000
2022-04-04,27.278484344482422,27.475894378510496,26.533710211634048,26.648367352938315,397120000
2022-04-05,25.853740692138672,27.237605758755578,25.743071345725753,27.172798887898374,436615000
2022-04-06,24.334287643432617,25.22462691873164,23.931491886634323,24.859718060988605,703833000
2022-04-07,24.13587760925293,24.648346195017268,23.40805294497013,24.36818323767015,557992000
2022-04-08,23.050119400024414,23.851724837527705,22.99329001527572,23.845742196501757,524781000
2022-04-11,21.851699829101562,22.253499000395795,21.595465570939584,22.147815823189774,575207000
2022-04-12,21.439931869506836,22.65729475827579,21.218593162457935,22.46985514903304,662258000
2022-04-13,22.1368465423584,22.432962530129032,21.39107597210752,21.66326329916609,516943000
2022-04-14,21.194664001464844,22.70913934444599,21.09994772609378,22.437948470033938,569097000
2022-04-18,21.718101501464844,22.02219119866503,21.016198500677564,21.13683828693259,525701000
2022-04-19,22.131864547729492,22.306342402426626,21.250497509099134,21.655288033662476,512781000
2022-04-20,21.417997360229492,22.602457585796717,21.1368379554735,22.449913552276662,468974000
2022-04-21,20.12287139892578,22.3252899842491,19.940416029363888,21.64432421395311,656209000
2022-04-22,19.456859588623047,20.42496741924135,19.441904885705686,20.242512056651538,624713000
2022-04-25,19.842702865600586,19.885574017830244,19.039104567845087,19.144787739155014,641566000
2022-04-26,18.732023239135742,19.729043844449905,18.614374777282016,19.659252706344454,653143000
2022-04-27,18.360130310058594,19.109888503688698,18.235502768670734,18.542583691878,499460000
2022-04-28,19.72306251525879,19.977303851455268,18.43491199008361,18.910490135420694,570327000
2022-04-29,18.491743087768555,20.06803212955995,18.46183178332937,19.344195296792407,500435000
2022-05-02,19.474807739257812,19.51568405448222,18.336209816554007,18.48576255245507,572049000
2022-05-03,19.543598175048828,19.7659352569291,19.07599562451621,19.342200337321106,475751000
2022-05-04,20.273420333862305,20.339223690643312,18.695136244226077,19.86364548989257,648855000
2022-05-05,18.787857055664062,19.86563575823811,18.444882087815973,19.807809899114023,626331000
2022-05-06,18.619359970092773,19.453866151773262,17.936401353934347,18.680179051563016,633297000
2022-05-09,16.899503707885742,18.2006142842985,16.77686905131604,17.980273914729565,644455000
2022-05-10,17.542573928833008,18.14377789214046,16.97427258321848,17.636293713121535,761474000
2022-05-11,16.58045196533203,17.70010720962238,16.518638315122686,17.295316703632178,670167000
2022-05-12,16.126808166503906,16.73798268883239,15.520620763164581,16.170677698614824,708728000
2022-05-13,17.65324592590332,17.874584618378165,16.54356304480127,16.737981755398717,670437000
2022-05-16,17.212562561035156,17.735001491928404,17.055034273977807,17.456833430342392,521446000
2022-05-17,18.122840881347656,18.31626309329952,17.581459503770265,18.020147135380373,585830000
2022-05-18,16.887535095214844,18.064019738570103,16.813756162184983,17.652250113395763,545161000
2022-05-19,17.072980880737305,17.634303190844598,16.684141563200637,16.88653775929863,621310000
2022-05-20,16.644262313842773,17.358128675360334,15.708059831340721,17.280361950120188,739105000
2022-05-23,16.8476505279541,16.86460007161556,16.130793035835357,16.225509284140784,639889000
2022-05-24,16.105871200561523,16.547552147553244,15.732985873904111,16.460811455935517,588550000
2022-05-25,16.92442512512207,17.060019607721216,15.952329656354774,15.97227052482503,781132000
2022-05-26,17.79781723022461,18.038098454950646,15.97426580795554,15.988224037593847,996575000
2022-05-27,18.75495719909668,18.82474834379244,18.046075040592772,18.13181926193302,738379000
2022-05-31,18.616371154785156,19.142797955948794,18.29532999144944,18.923452187686582,664100000
2022-06-01,18.265419006347656,18.9962349851399,18.068008952451528,18.668216603337324,544514000
2022-06-02,19.53363037109375,19.56055035839236,18.14378428765927,18.23750410498318,648656000
2022-06-03,18.664228439331055,19.274406575530012,18.46681836923716,19.025151378896318,598779000
2022-06-06,18.73002815246582,19.27938709229923,18.508689459205605,19.081977060607624,422406000
2022-06-07,18.86961555480957,18.94339449795544,18.133813364518677,18.416967656771526,388914000
2022-06-08,18.596372604370117,19.12689931949138,18.4836845843309,18.74695362356912,363252000
2022-06-09,17.998031616210938,18.880581583160353,17.991051027241866,18.429833350813585,395574000
2022-06-10,16.9270076751709,17.648005592341615,16.822296926639886,17.551274019304014,465248000
2022-06-13,15.603680610656738,16.266839478389468,15.562793756532253,15.955702996068341,604153000
2022-06-14,15.792157173156738,16.021519942748558,15.369330314017972,15.68744737975274,469680000
2022-06-15,16.481245040893555,16.821300578805904,15.881908139766276,16.050439932166825,563936000
2022-06-16,15.557807922363281,15.897864407425715,15.358361819515217,15.816090696879078,545749000
2022-06-17,15.836034774780273,15.950716157739642,15.285562995334534,15.604676739581116,630334000
2022-06-21,16.52013397216797,16.960909651002094,16.36157379723121,16.429386318006205,483089000
2022-06-22,16.314708709716797,16.615872682415247,16.135206727012413,16.18107890643938,437135000
2022-06-23,16.18008041381836,16.539082437023865,15.809109627633456,16.473265177528255,463680000
2022-06-24,17.078582763671875,17.092543941061024,16.26484203486428,16.454316515193973,472153000
2022-06-27,16.822296142578125,17.282020263994987,16.579968879448046,17.26407044859053,427968000
2022-06-28,15.937753677368164,17.154375384027293,15.90085545872729,16.85321143493184,461149000
2022-06-29,15.498969078063965,15.776199264816002,15.127999283665375,15.770216310534561,482352000
2022-06-30,15.117033004760742,15.523903457243852,14.820855311845145,15.31847343700277,686070000
2022-07-01,14.482791900634766,15.021296837715987,14.352155016267275,14.857751323588166,577610000
2022-07-05,14.922572135925293,14.929552726095583,14.016089244404482,14.135756912052631,651397000
2022-07-06,15.08811092376709,15.276587784305496,14.748054467101642,14.9684432720513,529066000
2022-07-07,15.814096450805664,15.900855482165372,15.346395028402622,15.41320992490336,492903000
2022-07-08,15.79415225982666,15.992601679207207,15.346394973873567,15.387281829188536,467972000
2022-07-11,15.110048294067383,15.484010012025513,14.996363612260746,15.483012377539282,437321000
2022-07-12,15.040242195129395,15.38827589482835,14.835809855403015,15.225727086961914,458483000
2022-07-13,15.122015953063965,15.33243221201758,14.424951823504246,14.549605743927154,521918000
2022-07-14,15.329440116882324,15.430160316266676,14.68722307156985,15.066171100260284,456235000
2022-07-15,15.718361854553223,15.738305988579,15.40223910380052,15.615647329390558,385935000
2022-07-18,16.056421279907227,16.850216937133126,15.957696353307478,16.25686498780902,670517000
2022-07-19,16.94495391845703,17.062627235975032,16.12722460067231,16.440354390374548,702366000
2022-07-20,17.75769805908203,17.883350564875844,16.754484694338107,16.90008038178597,760538000
2022-07-21,18.000024795532227,18.093764403863,17.49642380939711,17.835482614701714,557049000
2022-07-22,17.271047592163086,17.91725223020256,17.08955040089698,17.843457714010622,536671000
2022-07-25,16.976865768432617,17.076589278551587,16.602904032037294,16.971878546789405,480748000
2022-07-26,16.487228393554688,16.872159411075533,16.43238035984879,16.84224178303558,397865000
2022-07-27,17.740751266479492,17.8863469903353,16.86617833746132,16.984848381766234,569776000
2022-07-28,17.93421173095703,18.08977999214664,17.39171903743578,17.925237772890636,474646000
2022-07-29,18.112714767456055,18.193489890290078,17.64301808926749,17.763683382729887,435460000
2022-08-01,18.38994598388672,18.793825424102035,17.94019436661478,18.131662250640616,476469000
2022-08-02,18.474706649780273,18.885566611126666,18.041908238318054,18.071825862895118,489527000
2022-08-03,18.8406925201416,18.915485636087563,18.08678506318179,18.133655821615758,418146000
2022-08-04,19.161802291870117,19.220638962108396,18.708062062276774,18.796816360490926,409652000
2022-08-05,18.93642807006836,19.17576338661587,18.614322361680482,18.75792279078178,386068000
2022-08-08,17.74373435974121,18.188500533618924,17.194261266370553,17.45354161171163,981859000
2022-08-09,17.038698196411133,17.398698836090517,16.677700873007122,17.20423899397108,668263000
2022-08-10,18.046899795532227,18.067841567146683,17.26905848827763,17.649004232789324,597422000
2022-08-11,17.89232635498047,18.65520971795895,17.82650909360647,18.080804181955322,509327000
2022-08-12,18.65720558166504,18.666181442081236,17.903297977027467,18.10972564798509,478094000
2022-08-15,18.979307174682617,19.1109416861416,18.561468505502724,18.649224212452747,457666000
2022-08-16,18.82673454284668,19.089006932991676,18.449780750266285,18.867621402461417,451240000
2022-08-17,18.28424072265625,18.63626412135766,18.094768085558428,18.471721894186565,446799000
2022-08-18,18.721027374267578,18.812771727418596,18.13266064622917,18.25033399183685,415447000
2022-08-19,17.79958724975586,18.468729162588712,17.72080548388627,18.35504444387847,441588000
2022-08-22,16.986841201782227,17.509390657788362,16.91902867077679,17.441578126782925,409593000
2022-08-23,17.133434295654297,17.4166484395593,16.923018006184385,16.94196640912856,369986000
2022-08-24,17.1743221282959,17.357812751409767,16.8482277414163,16.964902510641934,522661000
2022-08-25,17.863405227661133,17.897311489093674,16.786395448843106,16.797364674114142,770691000
2022-08-26,16.214984893798828,17.874377717185446,16.192047853448514,17.807563767738106,769127000
2022-08-29,15.75725269317627,16.29276564803654,15.723347381626995,15.97564717969457,496132000
2022-08-30,15.425174713134766,15.994592953755117,15.139966300020541,15.915812157547325,530181000
2022-08-31,15.05221176147461,15.49697709866868,14.917585283969304,15.34140885146709,573710000
2022-09-01,13.898415565490723,14.340188956278503,13.233262343519234,14.169661891977615,1178865000
2022-09-02,13.60921859741211,14.13176711995098,13.553372925822355,14.060964535551635,743157000
2022-09-06,13.42772102355957,13.740851814141763,13.314036323816168,13.692984371926862,535751000
2022-09-07,13.680093765258789,13.803787740228488,13.313003564331206,13.529467069211695,512657000
2022-09-08,13.955412864685059,13.973368965250524,13.335948799799713,13.425725497360691,624873000
2022-09-09,14.351431846618652,14.438216654464224,14.091077423081934,14.121999969055892,486612000
2022-09-12,14.469141006469727,14.511036991860852,14.162899808803669,14.33347754387466,484159000
2022-09-13,13.098536491394043,13.887581309355834,13.06661601426547,13.767878093148786,714956000
2022-09-14,13.095544815063477,13.25714401689083,12.881076192438005,13.22123276604588,588507000
2022-09-15,12.897037506103516,13.200285874328177,12.758381195489553,12.982825342829914,523625000
2022-09-16,13.165372848510742,13.179338177876392,12.58580882588614,12.710499810260421,670751000
2022-09-19,13.348916053771973,13.429716127163072,12.97783599693244,12.979830907792524,569685000
2022-09-20,13.143424987792969,13.44966616014184,13.024719705664902,13.182329079094677,524818000
2022-09-21,13.228215217590332,13.996312044305188,13.07758850400222,13.180334501882477,807679000
2022-09-22,12.529946327209473,13.116492959222398,12.39727571074283,13.037687792673827,759162000
2022-09-23,12.485055923461914,12.579821317047688,12.226696435880543,12.389293550179527,663309000
2022-09-26,12.197769165039062,12.627704338358164,12.183803837251507,12.460119453590893,547343000
2022-09-27,12.382309913635254,12.70451127518139,12.227693405646438,12.476077368836638,553854000
2022-09-28,12.704513549804688,12.791298357950701,12.323457977799615,12.379319288548018,542414000
2022-09-29,12.189788818359375,12.469096309319497,11.916466059827378,12.417224823009533,532763000
2022-09-30,12.108988761901855,12.601767882452046,12.045146859340639,12.057117275528151,565638000
2022-10-03,12.48106861114502,12.646658600455845,12.075074233627726,12.316476553047927,547478000
2022-10-04,13.134449005126953,13.187318430145417,12.847160878067555,12.847160878067555,584182000
2022-10-05,13.176344871520996,13.288068453828838,12.589799156184034,12.87908219169331,507131000
2022-10-06,13.097538948059082,13.62223854641482,13.070605273695971,13.187316594180706,644157000
2022-10-07,12.046144485473633,12.638675790831929,11.992278089651654,12.474083761565735,672478000
2022-10-10,11.641148567199707,12.094025672565365,11.379796220873162,12.007240867482555,698699000
2022-10-11,11.557356834411621,11.81671332375179,11.255105480239216,11.532418070127365,667482000
2022-10-12,11.471569061279297,11.705987738753207,11.316952527256786,11.550374224944592,492590000
2022-10-13,11.930432319641113,12.048140628446744,10.786267640804748,10.943877022867374,850103000
2022-10-14,11.199241638183594,12.081055785720459,11.17629874128277,12.027189398888956,713432000
2022-10-17,11.85860824584961,11.918460323463654,11.488526149600807,11.489523129293081,580774000
2022-10-18,11.937413215637207,12.46111484348481,11.589276093854338,12.313480989431524,659362000
2022-10-19,12.021206855773926,12.319468398644798,11.804743321043421,11.84963214701234,523131000
2022-10-20,12.163851737976074,12.737429914885366,12.075071081844804,12.083051675521514,652398000
2022-10-21,12.435179710388184,12.467101136617279,11.857611660936854,12.068089492311048,609494000
2022-10-24,12.567852020263672,12.678577660700563,12.034174829585528,12.477077391333092,517457000
2022-10-25,13.228215217590332,13.26711930987685,12.63269102706923,12.662617544617813,505482000
2022-10-26,12.864118576049805,13.354901886783574,12.676583621317251,12.837185850244591,532953000
2022-10-27,13.143424987792969,13.803788998303101,13.089558589412318,13.59630304820485,583113000
2022-10-28,13.799798965454102,13.815760155792058,13.028710226197942,13.071604141512527,521040000
2022-10-31,13.463632583618164,13.803790122164811,13.264127212017728,13.743938035026355,486341000
2022-11-01,13.509519577026367,13.890575176364532,13.485578741755033,13.776856684484033,432817000
2022-11-02,13.186322212219238,14.17487261406129,13.178342566791004,13.815762884236742,672628000
2022-11-03,13.387818336486816,13.746928905168618,12.923968770800348,13.010753571214046,500065000
2022-11-04,14.121004104614258,14.193823590572745,13.66313824443395,13.951424297335134,612576000
2022-11-07,14.265645027160645,14.376370676305802,13.919503702415724,14.192825541805423,410061000
2022-11-08,14.565902709960938,14.854187833198369,14.180856306818514,14.764410169505489,595292000
2022-11-09,13.741943359375,14.175868382440134,13.724985188452262,14.126988780724597,454414000
2022-11-10,15.71106243133545,15.734005334197544,14.511036451418649,14.763411236851555,700819000
2022-11-11,16.286632537841797,16.34847952206211,15.44372241385744,15.767918688568072,655487000
2022-11-14,16.25471305847168,16.499108168761815,15.882635102124247,16.177903764636575,527852000
2022-11-15,16.624797821044922,16.955975861509707,16.341499544736198,16.680659131421315,545876000
2022-11-16,15.870665550231934,16.321547735639033,15.833757322153295,16.12204333727618,649547000
2022-11-17,15.6382417678833,16.225786282199604,15.496592636887353,15.676147926956387,710894000
2022-11-18,15.3709077835083,15.962442238278935,15.082621710940268,15.926530031469108,492072000
2022-11-21,15.279132843017578,15.438737129847263,15.042718303446582,15.109553050431892,404739000
2022-11-22,15.998353004455566,16.01830401963345,15.084617057750513,15.29010813802562,472866000
2022-11-23,16.478160858154297,16.486142404800624,16.008326496462395,16.05820212549382,427241000
2022-11-25,16.229778289794922,16.44624088571978,16.1320209884095,16.277659960613633,167934000
2022-11-28,15.787871360778809,16.316561753105944,15.686124245692138,15.986378789361892,303741000
2022-11-29,15.600337028503418,15.89261289133373,15.481631739149844,15.787871978822768,298384000
2022-11-30,16.885480880737305,16.892465330806235,15.56242050073122,15.662198222921692,565298000
2022-12-01,17.09701156616211,17.22672251600334,16.59812007687738,16.961313400800822,470977000
2022-12-02,16.838584899902344,16.895459640770735,16.408540682249722,16.622066938764753,371389000
2022-12-05,16.573177337646484,16.957324046486256,16.43548278731988,16.642024612809784,352255000
2022-12-06,15.951556205749512,16.536256494140442,15.783928452332743,16.493352558842304,352694000
2022-12-07,16.084260940551758,16.150114595724432,15.632264273659429,15.737031971375904,372388000
2022-12-08,17.130937576293945,17.140915635032428,15.923619112619104,16.236924067023104,515456000
2022-12-09,16.963308334350586,17.544018774553155,16.93736690492108,17.121956228129644,465338000
2022-12-12,17.496124267578125,17.499117875319435,16.75976146929497,16.99922915428006,457328000
2022-12-13,18.03193473815918,18.7483433376604,17.671735017061216,18.48991676619764,656589000
2022-12-14,17.634817123413086,18.21153673692968,17.38138052214265,17.947122938893273,496888000
2022-12-15,16.91441535949707,17.281599496574888,16.662975165285864,17.107985485394817,478542000
2022-12-16,16.53426170349121,17.003220944622573,16.373619336340138,16.82661330300129,478232000
2022-12-19,16.217960357666016,16.572172773420323,16.109202785089362,16.53525606050728,354039000
2022-12-20,16.04933738708496,16.27383892516191,15.816855115740298,16.02838403707244,403260000
2022-12-21,16.464418411254883,16.59014043707696,16.066302786245483,16.078277218761983,325025000
2022-12-22,15.304991722106934,16.102221001275094,14.849005155476785,16.058317929250357,565045000
2022-12-23,15.172286987304688,15.304991533429133,14.850003158774006,15.162308930007534,349326000
2022-12-27,14.089694023132324,15.066523670848282,14.024837595300793,15.040581290027674,464902000
2022-12-28,14.004881858825684,14.230380640006066,13.853218422811985,13.896123310795858,351066000
2022-12-29,14.570623397827148,14.650445953818707,14.195457574978805,14.370069773045314,354923000
2022-12-30,14.581598281860352,14.596564414988238,14.201442514206743,14.302218410381846,310490000
2023-01-03,14.283263206481934,14.962754136499147,14.064748866809973,14.818075144951218,401277000
2023-01-04,14.716300010681152,14.820069526606867,14.209426861493185,14.534704309371103,431324000
2023-01-05,14.23337459564209,14.531711494421922,14.116633408077806,14.458873382334806,389168000
2023-01-06,14.826057434082031,14.976722686175162,14.00288666985135,14.44191076025438,405044000
2023-01-09,15.593351364135742,16.020401941381497,15.1074306292161,15.250114184790577,504231000
2023-01-10,15.873730659484863,15.926612657782302,15.437699200244237,15.472621454131234,384101000
2023-01-11,15.965523719787598,15.992464284529852,15.528495081310508,15.804881372380587,353285000
2023-01-12,16.474393844604492,16.60011394726638,15.457652972865747,16.064305755567425,551409000
2023-01-13,16.86153793334961,16.88448766180026,16.129165833633266,16.241914296385605,447287000
2023-01-17,17.66275405883789,17.68869739083552,16.861534824609727,16.861534824609727,511102000
2023-01-18,17.338478088378906,17.8333769022018,17.24368747395342,17.627834203643413,439624000
2023-01-19,16.727827072143555,17.158870328406007,16.693903966162893,16.9982261040619,452932000
2023-01-20,17.799448013305664,17.81641051877651,16.787696318202407,16.973282837444028,564967000
2023-01-23,19.15045166015625,19.202336426570977,17.778499909823832,18.023952936401,655163000
2023-01-24,19.2222900390625,19.451781589199925,18.778276881927304,18.78526133289635,496204000
2023-01-25,19.280162811279297,19.32705950006516,18.538809936927446,18.871071892196763,449537000
2023-01-26,19.758098602294922,20.121291926493868,19.235260153653364,19.657322688857523,489535000
2023-01-27,20.319847106933594,20.582264478452693,19.361976503519905,19.418849333138702,542142000
2023-01-30,19.119518280029297,20.095348779096263,19.107543848870183,19.905771381530464,488611000
2023-01-31,19.49368667602539,19.643353741949113,18.90798817511003,19.127499744923487,498017000
2023-02-01,20.896568298339844,21.14501488817615,19.567520729990026,19.647343286751223,660477000
2023-02-02,21.660865783691406,21.90033342006355,20.654104095633148,20.953438165318428,564276000
2023-02-03,21.053218841552734,21.696789246514708,20.74290754825101,20.95344017438409,429366000
2023-02-06,21.0422420501709,21.52217456940096,20.73991246279001,20.759868575425514,452197000
2023-02-07,22.12384033203125,22.20965010200628,21.103107721044175,21.334593701458743,664150000
2023-02-08,22.15576934814453,22.82727757872674,21.95920561326959,22.337365045310303,559651000
2023-02-09,22.2874755859375,22.968961841072108,22.07095764976335,22.555880179506847,523876000
2023-02-10,21.217851638793945,22.02904881959799,20.7648596572667,21.64191049076745,550737000
2023-02-13,21.739694595336914,21.999118385629707,20.915525681631326,21.490248862723064,474919000
2023-02-14,22.920072555541992,22.99789874171555,21.318629492503824,21.530159368940577,675474000
2023-02-15,22.713529586791992,22.804327433692144,22.056989406086455,22.499006113761624,420575000
2023-02-16,21.953224182128906,22.50000774301944,21.87838968971364,22.08393238042942,412026000
2023-02-17,21.3405818939209,21.691800771351655,20.92849743532747,21.58304317749563,465888000
2023-02-21,20.609210968017578,21.44634980045972,20.57229233801295,20.953445458280317,410015000
2023-02-22,20.707983016967773,21.057207361992994,20.37572117670934,20.661088247534547,513184000
2023-02-23,23.61153221130371,23.835036491709413,22.97394905021416,23.388029834017708,1117995000
2023-02-24,23.234373092651367,23.421957916477858,22.89612587509221,23.17350941362294,589716000
2023-02-27,23.448894500732422,23.827053916300855,23.401999726272685,23.617520428698207,452994000
2023-02-28,23.164525985717773,23.77217689153847,23.154547928957133,23.32018024556822,455963000
2023-03-01,22.647674560546875,23.204437941311127,22.458095290551928,23.14057875941402,460026000
2023-03-02,23.262313842773438,23.328167510652396,22.38226919901642,22.438146710867823,389415000
2023-03-03,23.837032318115234,23.847010375257764,23.078717103361356,23.268296382829778,412393000
2023-03-06,23.501781463623047,24.19424120106475,23.434928663312892,23.838034225602097,437429000
2023-03-07,23.24031639099121,24.07560247170694,23.193411743392723,23.551677824513874,515154000
2023-03-08,24.13148307800293,24.15044517574278,23.376033256322696,23.438903973884155,513573000
2023-03-09,23.38801383972168,24.403929057492398,23.33512096029611,24.125499097663184,501257000
2023-03-10,22.9179744720459,23.578619542231447,22.679463555166457,23.36106553205838,474866000
2023-03-13,22.918973922729492,23.250294843227117,22.25134506080111,22.705413316762304,421890000
2023-03-14,24.01373291015625,24.169413651316027,23.411966858551523,23.4478943547844,474910000
2023-03-15,24.178396224975586,24.23627613573367,23.312173337984937,23.71235140158233,524486000
2023-03-16,25.488704681396484,25.535607427755508,23.845075681386035,23.97780468614888,583253000
2023-03-17,25.672327041625977,26.34494677671912,25.615442640620632,25.928800789668877,848547000
2023-03-20,25.846967697143555,25.970714347329455,25.07854386503028,25.56255140531931,432747000
2023-03-21,26.145357131958008,26.337962757604163,25.329033093000934,26.12639693275394,547408000
2023-03-22,26.413803100585938,27.532507969585293,26.183275210273973,26.37088997719431,797295000
2023-03-23,27.135324478149414,27.442694389660254,26.635350859477686,27.059479880369732,564889000
2023-03-24,26.72416877746582,27.111374826778054,26.301037139360137,26.975653609349873,454920000
2023-03-27,26.4766788482666,26.944718450224425,26.311018361963345,26.782052080395054,361026000
2023-03-28,26.355924606323242,26.45871435039119,25.7970717555382,26.392849502534016,356104000
2023-03-29,26.928747177124023,27.02255456693602,26.542540461107045,26.770074250919894,393694000
2023-03-30,27.326934814453125,27.442698440126694,27.046510003503098,27.173250787735967,364516000
2023-03-31,27.72012710571289,27.777009606558664,27.04950214041425,27.084430325748205,433933000
2023-04-03,27.907737731933594,27.94266591204821,27.280025990589856,27.45267208283813,398716000
2023-04-04,27.396787643432617,27.94266851512213,27.25108667754047,27.908737736009,368592000
2023-04-05,26.825960159301758,26.9427192704289,26.3409552107088,26.77406658654195,515015000
2023-04-06,26.981639862060547,27.02455108460632,26.372888285157632,26.529566401792227,397654000
2023-04-10,27.52252960205078,27.564443419953324,26.614393073942708,26.768077072918704,395279000
2023-04-11,27.113372802734375,27.73310161069259,27.070459671596023,27.667236759205327,314378000
2023-04-12,26.440750122070312,27.4117573972983,26.393845475280525,27.313958486817846,446259000
2023-04-13,26.4088134765625,26.83194507729408,26.275088982964736,26.67925848324337,353615000
2023-04-14,26.703210830688477,26.827954885781043,26.166312310977247,26.44973120006375,395660000
2023-04-17,26.946712493896484,26.950704014318593,26.378877313961777,26.510607005107396,321471000
2023-04-18,27.6103515625,28.05244531067526,27.300986821273888,27.476627054688475,604812000
2023-04-19,27.87380599975586,27.942664953460447,27.176237922113327,27.304973482039863,358660000
2023-04-20,27.04850196838379,27.972606485594795,26.944714827313312,27.614340416338198,427713000
2023-04-21,27.06346893310547,27.12733896388513,26.667282494525807,26.896811075410813,345103000
2023-04-24,26.98662757873535,27.309963550008472,26.616386963271044,26.9576876302619,339282000
2023-04-25,26.187271118164062,27.191211864022204,26.17130503524893,27.022557264988468,378527000
2023-04-26,26.900802612304688,27.27403733509567,26.65031712353252,26.946709851264895,406337000
2023-04-27,27.17024803161621,27.43869819426143,26.570478891557638,27.30696852654992,377161000
2023-04-28,27.692182540893555,27.701162985929276,27.015569392110717,27.169255299832017,292216000
2023-05-01,28.850805282592773,28.99850296142685,27.723119847489293,27.782996461743867,570329000
2023-05-02,28.15223503112793,28.776954560836412,28.025496178380074,28.621273856351937,402730000
2023-05-03,27.745075225830078,28.308918916724693,27.415750979636734,27.782997527115576,383387000
2023-05-04,27.50556182861328,27.801952644290193,27.18422068244442,27.594378381183077,321850000
2023-05-05,28.621274948120117,28.696120235561477,27.67421872062941,27.76902351276572,361494000
2023-05-08,29.09130859375,29.160167550884644,28.291950055367597,28.46359684267218,344979000
2023-05-09,28.512496948242188,28.91367423632623,28.3917463228912,28.83982635316878,314869000
2023-05-10,28.825855255126953,29.053389041510602,28.402723651406696,28.94560847700235,369350000
2023-05-11,28.519485473632812,28.89072544575844,28.18816641833993,28.83683515837139,322149000
2023-05-12,28.28196907043457,28.72106862682804,27.988570462268328,28.47058123775665,274222000
2023-05-15,28.893714904785156,28.90968288930767,28.09435634331566,28.449626392092515,293926000
2023-05-16,29.153188705444336,29.808845057213148,28.772970149815272,28.781950596394086,449405000
2023-05-17,30.116207122802734,30.137164031905737,29.369739532230806,29.523423532319487,432535000
2023-05-18,31.613136291503906,31.76282877397273,30.257917101676483,30.347732971846412,748725000
2023-05-19,31.19998550415039,31.515338464823536,30.85269847604877,31.471427932457345,473908000
2023-05-22,31.112163543701172,31.455459020418363,30.61717888104211,30.837725120407754,372000000
2023-05-23,30.625164031982422,31.223935873295638,30.568281535055462,30.936525465603022,356253000
2023-05-24,30.475473403930664,30.54433236973777,29.744971827236576,30.14814396527104,721419000
2023-05-25,37.90222930908203,39.39915781484461,36.559982197378055,38.44411669724596,1543911000
2023-05-26,38.86625671386719,39.08979709643769,37.47311513309701,37.812419131021514,714397000
2023-05-30,40.02886962890625,41.85212836748926,39.86720258532556,40.5118797580755,923401000
2023-05-31,37.75653839111328,40.212498283604155,37.74456192441203,39.407151325355905,1002580000
2023-06-01,39.688568115234375,39.967993574032356,38.2614958531395,38.410189027460895,635873000
2023-06-02,39.2464714050293,40.4170698367897,38.97802122010776,40.014895164925456,482731000
2023-06-05,39.09079360961914,39.48398404045427,38.627743010740026,38.82932905392205,396094000
2023-06-06,38.57485580444336,39.07982029424169,38.06989131464503,38.75049794421731,388729000
2023-06-07,37.40213394165039,39.42220064737449,37.28336583715142,38.8393365135724,511998000
2023-06-08,38.435123443603516,38.78843525380602,37.43208020342754,37.650652361661095,417772000
2023-06-09,38.69462203979492,39.633790585447805,38.49201760502022,38.961101220453585,427717000
2023-06-12,39.405242919921875,39.45314993990052,38.54292417486873,39.12379346073873,388701000
2023-06-13,40.94224548339844,41.02109426945124,39.66274022839159,40.10787227427034,613208000
2023-06-14,42.913394927978516,42.91638744979996,40.47314567377515,40.74461994343987,740465000
2023-06-15,42.570072174072266,43.20483722073351,42.06505544214176,42.51917264005908,568622000
2023-06-16,42.60899353027344,43.63599213320871,42.5780517641451,43.3655191410193,655709000
2023-06-20,43.72282409667969,43.90447325497645,42.591030025374586,42.914401391724816,451153000
2023-06-21,42.961307525634766,43.53020280046162,41.998187390967416,43.416422222584046,551603000
2023-06-22,42.941349029541016,43.341566542076215,42.15188658669768,42.170846843287116,417737000
2023-06-23,42.12693405151367,42.725765968157205,41.9333109957247,42.38143932936339,358140000
2023-06-26,40.55299758911133,42.680852228000454,40.02203048498169,42.378439961624785,594322000
2023-06-27,41.794578552246094,41.858453292545065,40.369357466339395,40.71967293420545,462175000
2023-06-28,41.03705596923828,41.76364114383004,40.43922159164072,40.58094379252524,582639000
2023-06-29,40.74262619018555,41.51911336113598,40.521057714884826,41.47719520674288,380514000
2023-06-30,42.21975326538086,42.467272192490576,41.420311904436474,41.5989647398468,501148000
2023-07-03,42.330528259277344,42.81458581035407,42.11994000015232,42.434326127886784,198209000
2023-07-05,42.23472213745117,43.09304679541421,42.003170973529485,42.05307299440359,323618000
2023-07-06,42.021141052246094,42.096993500956245,41.2656128948708,41.76264574505463,303582000
2023-07-07,42.42036056518555,43.129980526432945,42.097990517388034,42.239712723775206,355881000
2023-07-10,42.097984313964844,42.72775789742395,41.56801476475212,42.57405800948138,353908000
2023-07-11,42.32255172729492,42.67486603723535,41.985211451319245,42.39840417547179,298244000
2023-07-12,43.8166389465332,43.84957572671799,42.69382635632928,42.949329116868,481277000
2023-07-13,45.88760757446289,46.06525908080091,44.405494267990946,44.43144469055369,478204000
2023-07-14,45.38059616088867,47.99450350820883,44.972390985691305,46.492428621249765,772075000
2023-07-17,46.370662689208984,46.40559448511717,45.17399644703976,46.19900003919172,510488000
2023-07-18,47.40165328979492,47.80287207706954,45.64507706670889,46.6101959109385,569164000
2023-07-19,46.985469818115234,47.72503024968798,46.65112205838491,47.37171842574284,427502000
2023-07-20,45.431495666503906,46.99545027981004,44.974385975713794,46.41657614955658,537865000
2023-07-21,44.22285079956055,45.77682663388391,44.014257511133955,45.698975360580505,963769000
2023-07-24,44.52526092529297,45.02129625877823,43.95437445925072,44.64402903720118,382516000
2023-07-25,45.59018325805664,46.09320109466631,44.83565269586211,44.85361925028961,348081000
2023-07-26,45.363624572753906,45.96345774796509,44.54322423850326,45.93151847506049,364237000
2023-07-27,45.81076431274414,47.30285671883618,45.661054414701624,46.42856035632444,455976000
2023-07-28,46.65910720825195,46.93556908272483,46.2908251472219,46.577265904182916,331194000
2023-07-31,46.63814163208008,47.03836291442901,46.41557565297474,46.66309454574556,251055000
2023-08-01,46.416568756103516,46.80880613490032,45.93750255596739,46.36965926264909,237858000
2023-08-02,44.18292999267578,45.75087468728102,43.302644871740895,45.74189331269121,530142000
2023-08-03,44.42844772338867,45.03027593449394,43.71483776411609,43.71483776411609,324176000
2023-08-04,44.5931282043457,45.55325576078865,44.30668747221976,44.897535492129286,362666000
2023-08-07,45.32870101928711,45.45146298171195,44.47636125716046,45.02329618186399,322154000
2023-08-08,44.57716369628906,45.15403903929904,43.970344091683025,44.76579541158173,353843000
2023-08-09,42.47126388549805,44.22584525940291,42.05207850406444,44.187917131866904,586449000
2023-08-10,42.30558776855469,43.48928271463046,41.753661535765616,42.07803041712352,492705000
2023-08-11,40.775569915771484,41.93631084030742,40.559990255420004,41.66982783575129,533085000
2023-08-14,43.66792678833008,43.71483628671642,40.2326217412967,40.407280716905284,690286000
2023-08-15,43.85456848144531,45.17998944739272,43.62501611478745,44.473365790467945,676512000
2023-08-16,43.40144729614258,44.588134620821634,43.321601018047524,44.43343721611258,527451000
2023-08-17,43.25972366333008,43.97632609118521,42.91738827793847,43.884505920253574,452395000
2023-08-18,43.21481704711914,43.49327393992906,41.57900368302175,42.552106546557646,583768000
2023-08-21,46.87568283081055,46.97349186656967,44.13602090022551,44.407491420923556,692573000
2023-08-22,45.57920455932617,48.09330773941367,45.24485683130546,48.041406896438666,755293000
2023-08-23,47.02439880371094,47.10823512648874,45.12010736864763,45.77682903768783,779046000
2023-08-24,47.0713005065918,50.16826807045973,47.06731047667301,50.11836604551162,1156044000
2023-08-25,45.928524017333984,47.71204812043245,44.9364534643998,46.92059076298821,925341000
2023-08-28,46.74393844604492,46.88865698143186,44.800725372190506,46.3916241394205,685192000
2023-08-29,48.689151763916016,48.9855752028849,46.30080281747559,46.57526966972096,701397000
2023-08-30,49.168209075927734,49.829918115562,48.33083976005429,48.94863563426867,735206000
2023-08-31,49.25904083251953,49.64728445636799,48.86281334141854,49.28399374905417,528570000
2023-09-01,48.4146842956543,49.70317460901009,48.04839726391632,49.665250288293905,463830000
2023-09-05,48.453609466552734,48.75602175102256,47.76694740479326,48.129240595849275,382653000
2023-09-06,46.973365783691406,48.45859385625443,46.49326248710991,48.350797071158595,468670000
2023-09-07,46.1548957824707,46.25770462589442,45.067922908266546,45.440229441727205,433330000
2023-09-08,45.48714065551758,46.519215678178135,45.18670244634744,45.856454433608306,473069000
2023-09-11,45.0938720703125,46.07703462980452,44.229483586598796,46.062063171640766,473966000
2023-09-12,44.78645324707031,45.587959502588625,44.448083747449665,44.654699054902544,349256000
2023-09-13,45.400299072265625,45.8444700948222,44.42012548496772,44.51694497475434,398355000
2023-09-14,45.49612808227539,45.90137033130358,45.04696523433204,45.86444047531069,370097000
2023-09-15,43.81825256347656,45.514086250608685,43.7264210191702,45.256567267439614,506831000
2023-09-18,43.88412857055664,44.15961559349167,41.921789942113186,42.66839815481211,500271000
2023-09-19,43.43896484375,43.88413352477652,42.92192782259573,43.751381753727316,373064000
2023-09-20,42.16034698486328,43.82124998391259,42.14437793528599,43.51881278602881,367108000
2023-09-21,40.94062042236328,42.021603947761406,40.903690569058845,41.505568360727295,450736000
2023-09-22,41.53251647949219,42.03657715904044,41.154220620543846,41.494585230845004,479236000
2023-09-25,42.14338302612305,42.45679753767784,41.10032682953403,41.513557426280826,419091000
2023-09-26,41.83295440673828,42.74026210135053,41.577430601284675,41.92278696484624,402282000
2023-09-27,42.38892364501953,42.79217453974366,41.55148895907964,42.25118391944289,444935000
2023-09-28,43.008766174316406,43.36509986355093,42.03658080053992,42.38093579889095,424663000
2023-09-29,43.41800308227539,44.061802514667,43.226359256277895,43.74539144535937,397830000
2023-10-02,44.698612213134766,45.09087814744479,43.77932579033049,43.948009813372195,433298000
2023-10-03,43.43596649169922,45.045965740925496,43.16547120468859,44.7245629218231,470850000
2023-10-04,43.9589958190918,44.06080708258773,43.21138991227506,43.66055277170503,361821000
2023-10-05,44.60478591918945,44.816392949836604,43.80627636575413,43.967973455641534,393483000
2023-10-06,45.67678451538086,45.70373466330227,43.944017177662325,44.11070601288464,434436000
2023-10-09,45.188690185546875,45.52007265706839,44.285376719881796,44.7584930492937,409675000
2023-10-10,45.71272277832031,46.17286291728584,45.00404573819931,45.22563248789511,368582000
2023-10-11,46.71883773803711,46.77174044276166,45.964245041548175,46.109973069324404,378137000
2023-10-12,46.85758590698242,47.52035097000379,46.243733198035265,46.68989946190785,481325000
2023-10-13,45.37635040283203,47.02827139098628,45.19568766753486,46.87255982126832,474115000
2023-10-16,46.00916290283203,46.13891807478204,44.82836342341364,44.9790832052808,375099000
2023-10-17,43.85618209838867,44.670664500769895,42.40089687991119,43.918066921379186,812333000
2023-10-18,42.11742401123047,43.13852165493323,41.74711648202066,42.51168892025405,627294000
2023-10-19,42.022613525390625,43.21638582989178,41.80401951663401,42.731290656514126,501233000
2023-10-20,41.309932708740234,42.39091619548763,41.00150619051564,41.81199440818419,477266000
2023-10-23,42.894981384277344,43.16747569287728,40.86876235135564,41.15223395492377,478530000
2023-10-24,43.581695556640625,43.615632642963874,42.61150915403504,42.99678817947999,401463000
2023-10-25,41.70119857788086,43.56871659941446,41.47761668487891,43.317183162193714,398379000
2023-10-26,40.25090789794922,42.17731428874224,39.80573926150373,41.775064849583806,541001000
2023-10-27,40.42457962036133,41.12926616420593,39.94048219347045,41.053407480581996,416784000
2023-10-30,41.0843505859375,41.688223517144955,40.40561655584123,41.010490884180456,388028000
2023-10-31,40.704063415527344,40.802881903079644,39.1569503913023,40.37467987980174,517969000
2023-11-01,42.24618911743164,42.30208459844571,40.79289899587781,40.807870455778854,437593000
2023-11-02,43.42498779296875,43.802282272530825,42.814127888386025,43.247317846401735,409172000
2023-11-03,44.921199798583984,45.22463078266812,43.641585445769095,43.93803330221259,424610000
2023-11-06,45.66580581665039,45.849465106470674,44.815391150878824,45.20067395834923,400733000
2023-11-07,45.86943435668945,46.13194133469671,45.07391747451028,45.63387372397261,343165000
2023-11-08,46.487274169921875,46.779727832903724,45.8823998221808,46.01415398971753,346719000
2023-11-09,46.86257553100586,48.14019083451283,46.662947187934414,47.3786111235174,540496000
2023-11-10,48.2449951171875,48.38174104695151,47.194955890683396,47.41155087354873,421245000
2023-11-13,48.52946472167969,49.02454332437156,48.00943495548385,48.230024106474055,384136000
2023-11-14,49.563533782958984,49.74120373030796,48.948683517262864,49.58749116388393,416954000
2023-11-15,48.79697036743164,49.866972887678294,48.11025170692205,49.84202172257436,475497000
2023-11-16,49.38786697387695,49.43278516309001,48.24001057724096,48.58835975878918,339756000
2023-11-17,49.206207275390625,49.62442581647781,48.9157487529458,49.43178439121729,325205000
2023-11-20,50.31513214111328,50.45387324372552,49.08941820057832,49.22017477900762,414120000
2023-11-21,49.85100173950195,50.422932832163035,49.130346021791986,50.03266205340574,565747000
2023-11-22,48.625282287597656,50.24126692176278,47.60119189596065,49.759168450104845,899420000
2023-11-24,47.687042236328125,48.829910707399556,47.656097917344944,48.379750254535665,294645000
2023-11-27,48.15216827392578,48.4396301867081,47.5632667713432,47.71098998988454,395662000
2023-11-28,47.731956481933594,48.23302446932741,47.3846048841161,48.14618466607588,401491000
2023-11-29,48.05035400390625,48.67119737228817,47.77087663297862,48.288911166313994,382005000
2023-11-30,46.68290710449219,48.0204119586937,46.33555556358415,47.934569759213595,526247000
2023-12-01,46.677921295166016,47.11211268040661,46.10099843511436,46.43837031596677,369317000
2023-12-04,45.42525100708008,45.99119649745045,44.92618209165027,45.99119649745045,437543000
2023-12-05,46.483375549316406,46.51731180808335,45.19067140687653,45.385325095795785,371718000
2023-12-06,45.42226028442383,47.30292009715476,45.331422145943435,47.13122440124437,380590000
2023-12-07,46.5133171081543,46.546259494756995,45.52307681120913,45.618907131547076,350823000
2023-12-08,47.42171096801758,47.65629461849747,46.467405912391875,46.51232804934258,359224000
2023-12-11,46.54427719116211,47.44667271999739,45.748694086196686,47.406746578668496,509728000
2023-12-12,47.57244873046875,47.581431635575925,45.96430689603469,45.96430689603469,372387000
2023-12-13,48.0026741027832,48.50777677637629,47.52352626972847,47.544488916025955,447792000
2023-12-14,48.26420211791992,48.58363397802505,47.33785124678629,48.3041320524151,391232000
2023-12-15,48.80325698852539,49.316344970250725,48.03462269335951,48.108492709816815,479948000
2023-12-18,49.98814392089844,50.34351123549537,49.06279063158867,49.312347036005846,412587000
2023-12-19,49.515987396240234,49.61181773302037,48.80824574504592,49.33630646675969,464444000
2023-12-20,48.025634765625,49.91028529819524,48.012657344636494,49.5668939044448,397894000
2023-12-21,48.903079986572266,49.00789323083867,48.33309014213933,48.72439672866285,300425000
2023-12-22,48.74336242675781,49.29537882848635,48.38100372795406,49.107712672335644,252507000
2023-12-26,49.19156265258789,49.51199224313979,48.87312841671405,48.88111364335506,244200000
2023-12-27,49.329315185546875,49.591849010515,48.99790354922427,49.42315016052461,233648000
2023-12-28,49.43413543701172,49.795492674643874,49.324329994165225,49.554922947314495,246587000
2023-12-29,49.43413543701172,49.908294957673476,48.664503467597335,49.724619498674286,389293000
2024-01-02,48.08253860473633,49.20753796128958,47.510557182874564,49.156629756474466,411254000
2024-01-03,47.48460006713867,48.09850675959303,47.23604131164446,47.40074947125083,320896000
2024-01-04,47.912845611572266,48.4139538933309,47.423713267882654,47.68225263678446,306535000
2024-01-05,49.009883880615234,49.459086175725254,48.220287041681374,48.37601228101952,415039000
2024-01-08,52.160282135009766,52.18224626703925,49.391205977221674,49.42414836733732,642510000
2024-01-09,53.04571533203125,54.22861420741035,51.598287244233845,52.30802809263291,773100000
2024-01-10,54.25356674194336,54.50312317370562,53.39409433002728,53.52087170860792,533796000
2024-01-11,54.7247314453125,55.24780381728257,53.46497330302631,54.90141935524095,596759000
2024-01-12,54.61292266845703,54.872463461679565,54.23359967517569,54.52308221048439,352994000
2024-01-16,56.281959533691406,56.73415487746208,54.80259064863885,54.92038130782368,449580000
2024-01-17,55.95354461669922,56.37080221365978,54.642874592370525,56.24702168282456,474394000
2024-01-18,57.005672454833984,57.497797746406825,56.00744677307047,57.15840086229008,491650000
2024-01-19,59.38543701171875,59.394419914475016,57.12345527692673,57.88609953221263,543501000
2024-01-22,59.548152923583984,60.223953645882176,58.96518950299891,59.942452516713104,452955000
2024-01-23,59.76677322387695,59.803706328736965,58.481056408623395,59.46430941121268,294654000
2024-01-24,61.25312042236328,62.73748144195341,59.83164734308872,60.19699904963291,560271000
2024-01-25,61.50767517089844,62.607721109617174,60.742033936667,62.23937252647403,482777000
2024-01-26,60.92271423339844,61.67338271174931,60.46553046315559,60.85184105783135,390309000
2024-01-29,62.35416793823242,62.37812361839996,60.79893365210522,61.12335395532468,348733000
2024-01-30,62.66261672973633,63.38034275629544,62.14952879417416,62.788396424260334,410735000
2024-01-31,61.4178352355957,62.15851930991276,60.592302887690344,61.33098779929159,453795000
2024-02-01,62.9151725769043,63.07888305643791,61.54061686379006,61.98981538927627,369146000
2024-02-02,66.04261016845703,66.48182425910672,63.57698787949549,63.86048434942647,476578000
2024-02-05,69.20899200439453,69.3737001755538,67.08576682117494,68.10395378778126,680078000
2024-02-06,68.10195922851562,69.63024118166943,66.18237446253364,69.50646063248888,683111000
2024-02-07,69.97461700439453,70.09540449820057,67.48005062301553,68.19777661316522,495575000
2024-02-08,69.5174331665039,70.66838724943909,69.33176617612584,69.94966354395652,414422000
2024-02-09,72.0050277709961,72.0569298484953,70.08743069197543,70.40786033375117,436637000
2024-02-12,72.11981201171875,74.4786183227707,71.1235816589561,72.47118484090161,613710000
2024-02-13,72.0000228881836,73.31967588505927,69.49647717607553,70.2750920169868,602580000
2024-02-14,73.76890563964844,74.10430812575423,71.81038816611475,73.07214581565101,504917000
2024-02-15,72.52908325195312,73.84374789733648,72.27154539670707,73.73794078168315,420122000
2024-02-16,72.4841537475586,74.2699807907232,72.37235296886776,73.96851471281462,495327000
2024-02-20,69.32876586914062,71.82832050697183,67.61381202197207,71.8193337960462,704833000
2024-02-21,67.35228729248047,68.76577530674938,66.13045996080022,67.88533642606332,673755000
2024-02-22,78.3986587524414,78.43558804957509,74.08831901858908,74.89189108055353,865100000
2024-02-23,78.6771469116211,82.24779566972408,77.43235796782388,80.64664555528343,829388000
2024-02-26,78.95166778564453,80.5029113343283,78.36570371037314,79.55858308487059,503973000
2024-02-27,78.56136322021484,79.338988045559,77.02509990421383,79.24015705268404,391705000
2024-02-28,77.52519989013672,78.7929431019633,76.98815248522881,77.48227691873889,393110000
2024-02-29,78.97163391113281,79.84807446200602,78.2109848648127,78.95366810218512,507289000
2024-03-01,82.13301086425781,82.15397732028299,79.29405523547015,79.85805518730493,479135000
2024-03-04,85.08576202392578,87.53940093463996,83.57045769196934,83.98072393894745,615616000
2024-03-05,85.81549835205078,85.94827183043155,83.27290109267872,85.12269695886387,520639000
2024-03-06,88.54676818847656,89.56900130568565,86.87965493223747,87.8699456446009,582520000
2024-03-07,92.50891876220703,92.60674904676837,89.44721547430589,90.00225477502153,608119000
2024-03-08,87.37680053710938,97.23174889760968,86.35656281212522,94.97365533037919,1142269000
2024-03-11,85.6258316040039,88.6436045203793,84.0206076407832,86.27969890435133,678364000
2024-03-12,91.75423431396484,91.80115020297974,86.00118865594371,87.89691045320731,668075000
2024-03-13,90.73098754882812,91.34592070136199,88.28222228746216,90.89769886633881,635713000
2024-03-14,87.79206848144531,90.48940398821422,86.45038860441925,89.42225054534444,602318000
2024-03-15,87.68526458740234,89.39131202190967,86.10799973550625,86.77983369344113,642086000
2024-03-18,88.30218505859375,92.24535790675833,86.93454915835915,90.23184422557269,668976000
2024-03-19,89.24357604980469,90.38759254394184,84.86315541638959,86.5502309225731,672171000
2024-03-20,90.21588897705078,90.25382534481801,88.07059918494765,89.64187768825083,479063000
2024-03-21,91.27703857421875,92.48794810720764,90.24881917443113,92.14054972284487,480372000
2024-03-22,94.12610626220703,94.61425987373234,90.67707334814835,90.983542177901,586719000
2024-03-25,94.83788299560547,96.59883562555477,93.34846365413705,93.77871885813295,552136000
2024-03-26,92.4011001586914,96.20851455285562,92.34220396856466,95.68541767838448,513648000
2024-03-27,90.0940933227539,93.0789259717654,88.96904130951937,92.95114873658731,586067000
2024-03-28,90.19990539550781,91.14227480173439,89.03891256279711,89.8445176119648,435212000
2024-04-01,90.20689392089844,92.0656767674512,89.04989954343785,90.14300911365386,452441000
2024-04-02,89.29747009277344,89.93835929549583,87.46863424504667,88.295199136712,433064000
2024-04-03,88.81031799316406,90.21788597554938,88.24729689318218,88.33115142365672,370067000
2024-04-04,85.756591796875,90.47742601324012,85.73163346290652,90.24981545155312,434965000
2024-04-05,87.85596466064453,88.32814710111496,85.77756069682601,86.71593161708087,399678000
2024-04-08,86.98247528076172,88.67654220104028,86.58216705957724,88.54676191015398,283220000
2024-04-09,85.20654296875,87.4836082761363,82.87857850073121,87.29094090122678,501700000
2024-04-10,86.88864135742188,87.24901778988773,83.56439211342133,83.78102010903869,431929000
2024-04-11,90.45946502685547,90.58225365038547,86.77584440203218,87.26898672835297,431637000
2024-04-12,88.03365325927734,90.01922323878227,87.37878828439109,89.54403999734934,426805000
2024-04-15,85.85243225097656,90.45646450816476,85.78055803275619,88.94408228829708,443077000
2024-04-16,87.26399993896484,87.96578088273147,85.91533573267348,86.28369399477991,370453000
2024-04-17,83.88983154296875,88.62164096734257,83.80497167986917,88.18738725935935,495400000
2024-04-18,84.52472686767578,86.0411075798554,82.25964941091485,84.82321393436638,447260000
2024-04-19,76.06837463378906,84.17834237736079,75.47540651529913,83.00637428065669,875198000
2024-04-22,79.3806381225586,79.93467971860302,76.26802794241385,77.9690792079323,596341000
2024-04-23,82.28060913085938,82.62601207910251,80.12534225900131,80.62946711947102,438559000
2024-04-24,79.53935241699219,83.93674114541149,79.04620255838257,83.80496541021976,512208000
2024-04-25,82.4892578125,83.1790583894206,78.08787011237102,78.73175253009703,424641000
2024-04-26,87.58344268798828,88.17841379736606,83.24295407183207,83.67320929669376,551011000
2024-04-29,87.60540771484375,87.8399947565515,85.11870586410434,87.44368500312586,388971000
2024-04-30,86.25273132324219,88.66555550305353,86.15091015960982,87.08928102561724,363709000
2024-05-01,82.89753723144531,85.85142484392729,81.11461964994571,84.93002290842145,559863000
2024-05-02,85.66875457763672,86.08802721004574,83.05627099401435,84.30311392551386,377898000
2024-05-03,88.63561248779297,89.12675929539812,86.8896334546632,87.6373400551101,398341000
2024-05-06,91.98082733154297,92.06069095925291,88.90115758999175,89.23557796278553,376203000
2024-05-07,90.39756774902344,91.62244547206083,88.85723403089521,90.94062670307744,437342000
2024-05-08,90.25581359863281,91.03646035901207,89.26552291616532,89.32841761603471,325721000
2024-05-09,88.59370422363281,90.9146850807723,88.0785966955897,90.37262376475964,378013000
2024-05-10,89.72272491455078,91.24309639621146,89.07284860877868,90.14898917811553,335325000
2024-05-13,90.24285125732422,90.84081559912512,88.37607866208896,90.32170955662887,289680000
2024-05-14,91.19818878173828,91.49267735254841,88.78036800318161,89.44422015487879,296507000
2024-05-15,94.46652221679688,94.69812368698847,91.44076009123388,92.31225306463462,417735000
2024-05-16,94.19599914550781,95.65347613046144,93.94043705092355,94.74604980958085,323952000
2024-05-17,92.3192367553711,94.57633241179128,91.64740285082287,94.20597874528181,359691000
2024-05-20,94.61626434326172,95.03553695656012,93.27858287715311,93.58804490846175,318764000
2024-05-21,95.22122192382812,95.23519767784772,93.01903151729087,93.43730641374981,328946000
2024-05-22,94.78596496582031,95.85411617010452,93.0879071432018,95.29408831779949,548648000
2024-05-23,103.61969757080078,106.1363388077003,101.34462744914427,101.85175314144693,835065000
2024-05-24,106.28506469726562,106.29105104139217,102.82205601462691,104.26855020743297,429494000
2024-05-28,113.7042236328125,114.74043237669933,109.69316745366345,110.05354384473526,652728000
2024-05-29,114.62664031982422,115.29248791517858,110.70942292973874,112.85471267036033,557442000
2024-05-30,110.3091049194336,115.61891628592592,109.47355289556607,114.45193707992216,484553000
2024-05-31,109.44361877441406,112.52229098316289,106.75526997887016,112.3256250740568,613263000
2024-06-03,114.80133819580078,114.80133819580078,111.80951385006522,113.42472260342709,438392000
2024-06-04,116.2358627319336,116.39858317577006,113.84799638822281,115.51611513617264,403324000
2024-06-05,122.22847747802734,122.23745699449587,117.26506688652523,118.16650675945408,528402000
2024-06-06,120.78897857666016,125.3700480295792,118.11560338652608,123.83370517037008,664696000
2024-06-07,120.67916870117188,121.48178065904402,117.81812234412239,119.56309618694148,412386000
2024-06-10,121.57960510253906,122.88733960177423,116.80786391189227,120.16206002224595,313434100
2024-06-11,120.7110595703125,122.66783369220164,118.54462427746988,121.56963752755465,222551200
2024-06-12,124.99397277832031,126.67120854134929,122.3683033445049,122.85749488714337,299595000
2024-06-13,129.39674377441406,129.58643359087407,126.95077798576432,129.177104537848,260704500
2024-06-14,131.66299438476562,132.62140615970972,128.10885485479358,129.7461556011969,309320400
2024-06-17,130.76449584960938,133.50997130629256,129.36680534695333,132.7711985693246,288504400
2024-06-18,135.35691833496094,136.10568428406987,130.474964956118,130.9242214788469,294335100
2024-06-20,130.56480407714844,140.52837801062054,129.30688285479897,139.56996619369176,517768400
2024-06-21,126.36173248291016,130.4150570517715,124.09547105255645,126.91083052082259,649445800
2024-06-24,117.91564178466797,124.2551908621237,117.8457572795687,123.03719724453093,476060900
2024-06-25,125.88250732421875,126.29183629953359,119.12365113611966,121.00055473590018,414192600
2024-06-26,126.19200134277344,127.9091645624237,122.39825146602374,125.92244138152637,362975900
2024-06-27,123.78597259521484,126.2019962793405,122.71773358253314,123.8957921998042,252571700
2024-06-28,123.33670806884766,127.49984424336094,122.54800714954669,124.37499759741449,315516700
2024-07-01,124.09546661376953,124.63457133754859,118.63446631453066,123.26683055595603,284885500
2024-07-02,122.4681396484375,123.20692743216773,120.8308389451457,120.93067286767031,218374000
2024-07-03,128.06893920898438,128.06893920898438,121.16032653936864,121.45983599496338,215749000
2024-07-05,125.62294006347656,128.6379747149119,125.47318537524079,127.17038486367325,214176700
2024-07-08,127.9890365600586,130.55481479101948,126.83094936680692,127.28020581947078,237677300
2024-07-09,131.163818359375,133.59980576329167,128.43829962119838,130.1355144487565,285366600
2024-07-10,134.68800354003906,134.87769332438475,132.20209545632153,133.8094467425138,248978600
2024-07-11,127.19036865234375,135.92596317348227,126.84094609019272,135.52662745493282,374782700
2024-07-12,129.02732849121094,131.70291097832524,127.01064833229333,128.04893020829968,252680500
2024-07-15,128.2286376953125,131.1737800395054,126.97070905664152,130.34514408452472,208326200
2024-07-16,126.15206909179688,128.82765170945768,124.37499938694933,128.22864817880884,214769500
2024-07-17,117.79583740234375,121.64948612259293,116.52793062400055,121.15030890615485,390086200
2024-07-18,120.89073944091797,122.19858897958201,116.36819489836525,121.64949097287113,320979500
2024-07-19,117.73594665527344,121.39990584738524,117.176870571876,120.15196272062997,217223800
2024-07-22,123.33670806884766,123.86583470179693,119.6627634357803,120.15195497722627,258068900
2024-07-23,122.38827514648438,124.48482570104972,121.89908357161131,122.57796493987696,173911000
2024-07-24,114.06200408935547,119.75262181556741,113.25333936427286,118.9739065074374,327776900
2024-07-25,112.0952377319336,116.43807811661003,106.12508231687993,112.85398925547956,460067000
2024-07-26,112.87396240234375,116.00879506379749,111.39640194140975,115.9988170024744,293399100
2024-07-29,111.40637969970703,116.0886649396649,111.11686358531041,113.50293033164324,248152100
2024-07-30,103.5593032836914,111.80570498592243,102.37125913301429,111.33647720819822,486833300
2024-07-31,116.82743072509766,118.1452582531107,110.6975352036146,112.71421539482289,473174200
2024-08-01,109.03030395507812,119.96229129522796,106.63425141361782,117.33661384645708,523462300
2024-08-02,107.09347534179688,108.54109382170915,101.20319035397925,103.58925680976456,482027500
2024-08-05,100.28471374511719,103.23984998207244,90.54077860317504,91.90851949250676,552842400
2024-08-06,104.07845306396484,107.53275860175525,100.38454458708775,103.66912407688663,409012100
2024-08-07,98.74723815917969,108.6209626457341,98.52759897070796,107.6325862976113,411440400
2024-08-08,104.79727172851562,105.3263983879788,97.3595262295921,101.83215768316434,391910000
2024-08-09,104.57763671875,106.42459107060563,103.2598090475883,105.46617163856445,290844200
2024-08-12,108.84060668945312,110.88723650727509,106.08515369153115,106.14505252549102,325559900
2024-08-13,115.94889068603516,116.03874655153282,111.39639661656214,112.25498209343158,312646700
2024-08-14,117.88570404052734,118.40484504167927,113.88230026594151,118.33496052966188,339246400
2024-08-15,122.65782928466797,123.03720123653866,117.27669936691132,118.56457753138926,318086700
2024-08-16,124.375,124.79430704362497,120.98059332504539,121.73934484458584,302589900
2024-08-19,129.78607177734375,129.78607177734375,123.21689800857207,124.07548340044629,318333600
2024-08-20,127.04061889648438,129.66629628755138,125.6828560733908,128.18872055728244,300087400
2024-08-21,128.28857421875,129.13718177592708,126.45160529458104,127.11051541152283,257883600
2024-08-22,123.536376953125,130.5348437487765,122.89743071735391,129.80604926899383,376189100
2024-08-23,129.15713500976562,129.38676754540884,125.0139693437825,125.6529157045682,323230300
2024-08-26,126.25191497802734,131.04401222890846,124.1653576328901,129.35680584239554,331964700
2024-08-27,128.0889129638672,128.98742611377176,123.67617933536566,124.84426014055718,303134600
2024-08-28,125.40331268310547,128.118838213882,122.43819852070378,127.90917706049713,448101100
2024-08-29,117.39649963378906,124.22524823697073,116.51795043355128,121.16030028839229,453023300
2024-08-30,119.173583984375,121.54966504357485,117.02712020356385,119.33331674975315,333751600
2024-09-03,107.8222885131836,116.01877823521122,107.1134577156826,115.8191103772934,477155100
2024-09-04,106.03523254394531,113.0836130103624,103.94867525541761,105.23655349888746,372470300
2024-09-05,107.0335922241211,109.4695798052194,104.58762658147727,104.817243866478,306850700
2024-09-06,102.66079711914062,107.97204286084109,100.78388574677186,107.86222325429438,413638100
2024-09-09,106.29479217529297,106.3746623538231,103.51936821450626,104.70740474857429,273912000
2024-09-10,107.922119140625,109.21998302790867,104.77730096516093,107.63259542371279,268283700
2024-09-11,116.7176284790039,116.99716652085532,107.24323877137772,109.20999835891277,441422400
2024-09-12,118.95413208007812,120.60155948017247,115.19999582839206,116.6577172050991,366052700
2024-09-13,118.9141845703125,119.77284345041441,117.41652479583126,118.8942191250157,238358300
2024-09-16,116.59780883789062,117.99562620382233,114.1815861384539,116.60779536966285,248772300
2024-09-17,115.40966033935547,118.61465900940927,114.65085152654682,117.98563701926243,231925900
2024-09-18,113.1931381225586,117.51637724987856,113.04337060887723,115.70920340593533,310318900
2024-09-19,117.68611145019531,119.47331975028854,117.06707598202318,117.16691844656921,293506400
2024-09-20,115.81903076171875,118.43494609535816,115.2099818009,116.87737463970251,382462400
2024-09-23,116.07862854003906,116.80748542405605,114.68081111279044,116.36817703420066,206228500
2024-09-24,120.68142700195312,121.60997636399935,115.19998675947464,116.33820757520982,354966800
2024-09-25,123.31730651855469,124.74507579152808,121.42026930294443,121.82962567540989,284692900
2024-09-26,123.84648895263672,127.47082313052574,121.609985658202,126.6021852727835,302582900
2024-09-27,121.21060943603516,123.83650371853182,119.07394858799772,123.7765997601264,271009200
2024-09-30,121.25054168701172,121.31044564232414,117.96567356169257,118.12541998168962,226553700
2024-10-01,116.81745910644531,122.24897417258154,115.60934783662292,121.58001370293499,302094500
2024-10-02,118.66458129882812,119.19375323018366,114.96037016184738,116.25834508658102,221845900
2024-10-03,122.65834045410156,124.16598683922703,120.15225416683853,120.73135113827638,277118000
2024-10-04,124.72511291503906,124.84492844767553,121.63993722019764,124.7450859792245,243678100
2024-10-07,127.52073669433594,130.43617917860723,124.75505409102715,124.7949925984476,346250200
2024-10-08,132.68267822265625,133.27175410957346,129.2180905372518,130.0567764001493,285722500
2024-10-09,132.4430389404297,134.31013180466115,131.17503131034326,133.9007678130665,246191600
2024-10-10,134.5996856689453,134.7893916948541,130.79563194093248,131.70421594134592,242311300
2024-10-11,134.58969116210938,135.5681579226704,133.45147037350253,133.8009151704973,170209500
2024-10-14,137.8546142578125,139.38222619629536,136.08737124143596,136.25710420849128,232347700
2024-10-15,131.3946990966797,138.3538265330219,128.5391603262797,137.654906403531,377831000
2024-10-16,135.50823974609375,136.40682939830356,131.37469992296278,133.77094915217629,264879700
2024-10-17,136.7163848876953,140.6702140778628,136.65648092397825,139.12262899690117,306435900
2024-10-18,137.78469848632812,138.68328825202838,137.06582057977474,138.45365135367973,176090200
2024-10-21,143.48580932617188,143.48580932617188,137.78471061125512,137.91451267760561,264554500
2024-10-22,143.36598205566406,144.194689003585,141.55880826832362,142.68705023422552,226311600
2024-10-23,139.34226989746094,142.20778753302577,137.24555525009052,141.80841766733155,285930000
2024-10-24,140.19094848632812,141.12948441968888,138.2439937495604,140.6003124972593,172354900
2024-10-25,141.31918334960938,143.90515439009727,140.5803475394567,140.71013437273555,205122100
2024-10-28,140.30075073242188,142.91665786792092,139.83148285521668,142.77687691949686,173586700
2024-10-29,141.02963256835938,142.0380513591214,138.68329276437913,140.0711235834401,157593600
2024-10-30,139.12261962890625,140.11108066863528,136.59656776236113,139.32230457284558,179418100
2024-10-31,132.55288696289062,137.39532698555524,131.9039070664443,137.38534807029694,270039600
2024-11-01,135.1887664794922,137.09579048755296,134.36007470728345,134.4898615442038,207127800
2024-11-04,135.83775329589844,138.74321710094807,135.3585064031532,136.9959472521015,187528200
2024-11-05,139.69174194335938,140.15101580482042,137.11576495412646,137.2355728771189,160537400
2024-11-06,145.38282775878906,146.26145970555473,141.73852838547052,142.73696823952852,242043900
2024-11-07,148.6477508544922,148.69766066609404,145.9419717733186,146.1616297903136,207323300
2024-11-08,147.39967346191406,149.53633403774526,146.03180056765603,148.5378942315628,175665800
2024-11-11,145.03338623046875,148.61779734270107,143.3460354590936,148.44804913905642,182325600
2024-11-12,148.0586395263672,149.41651833977537,145.78219787373922,146.55100082856893,198634700
2024-11-13,146.0417938232422,149.0970171738845,145.67236073742527,148.83742831045777,191903300
2024-11-14,146.53102111816406,148.76753177848803,145.32291747893564,147.40965302668107,194463300
2024-11-15,141.7584991455078,145.0134231170618,139.86146934373124,144.64398997756967,250132900
2024-11-18,139.93133544921875,141.32916034590224,136.93601597273187,139.28235565663965,221205300
2024-11-19,146.78062438964844,146.90044752125365,140.77002797265112,141.0995149233474,227834900
2024-11-20,145.66238403320312,147.3297766964244,142.50731056070873,147.18001681813428,309871700
2024-11-21,146.44119262695312,152.65149063112756,140.4805046221909,149.11701974284432,400946600
2024-11-22,141.72854614257812,146.93042492260167,140.8798813363258,145.70233282975542,236406200
2024-11-25,135.8077850341797,141.82837577269152,135.60810012239304,141.76847182265374,344941900
2024-11-26,136.70640563964844,139.08269776121745,135.45835561529256,137.48518763604767,190287700
2024-11-27,135.12884521484375,137.00591700209634,131.59437486042492,134.7993582371888,226370900
2024-11-29,138.03431701660156,139.1326070072914,135.83775227020575,136.56660913585418,141863200
2024-12-02,138.41372680664062,140.23087948399635,137.60499293345052,138.6134117376161,171682800
2024-12-03,140.0411834716797,140.32074544201365,137.73478959893222,138.04430354930304,164414000
2024-12-04,144.91355895996094,145.56253876730494,140.07111960214385,141.77845844597738,231224300
2024-12-05,144.8436737060547,146.32146235801875,143.73532840807314,144.89360218968224,172621200
2024-12-06,142.22760009765625,145.482733396531,141.09928024490165,144.38438282581114,188505600
2024-12-09,138.6029815673828,139.74128080496888,136.92549436926976,138.76274660606958,189308600
2024-12-10,134.8685760498047,141.60850970621567,133.5904709096604,138.80268748950093,210020900
2024-12-11,139.1022491455078,139.96096726526153,135.00837248215075,137.155160163518,184905200
2024-12-12,137.13519287109375,138.2335586289744,135.59749604609573,136.8755860719742,159211400
2024-12-13,134.0498046875,139.3918327936691,132.34234795745746,138.73281333743972,231514900
2024-12-16,131.80313110351562,134.19954557462145,130.2254857362255,133.9798724705664,237951100
2024-12-17,130.19554138183594,131.39374870651014,126.67080709010266,128.89747709842524,259410300
2024-12-18,128.71774291992188,136.49611794642954,128.08867764771298,133.66035727519176,277444500
2024-12-19,130.485107421875,133.8301176053825,129.3568029702355,131.56349862817564,209719200
2024-12-20,134.49911499023438,135.07825184796977,128.02878306565836,129.61640819653473,306528600
2024-12-23,139.46168518066406,139.58150132927014,134.9184683016336,136.0767418582626,176053500
2024-12-24,140.01087951660156,141.68836668012935,138.44321367436993,139.7912064019445,105157000
2024-12-26,139.7213134765625,140.63995487774488,137.52459740894255,139.49166074428362,116205600
2024-12-27,136.8056640625,138.81267619141968,134.50910636621433,138.34337590905767,170582600
2024-12-30,137.2849578857422,140.06081067569033,133.82013169900247,134.628921256616,167734700
