Date,Close,High,Low,Open,Volume
2019-01-02,223.80596923828125,224.7273989963419,220.02190048222155,220.04873678437622,126925200
2019-01-03,218.46536254882812,222.36573144390618,217.98228176056196,222.06156390491395,144140700
2019-01-04,225.78292846679688,226.4270268245097,221.11322219847892,221.48894396544466,142628800
2019-01-07,227.56320190429688,228.967685018204,225.1567801850317,226.05135993790628,103139100
2019-01-08,229.7012481689453,230.18432891084558,227.2232719214142,229.74599353972656,102512600
2019-01-09,230.7747802734375,231.61568757213706,229.18242912704284,230.40799923460793,95006600
2019-01-10,231.58883666992188,231.8393179366992,228.56515239927478,229.24504182356054,96823900
2019-01-11,231.6782989501953,231.70513525362898,229.93385732577602,230.51532876711232,73858100
2019-01-14,230.26483154296875,231.06994789059002,229.3792062906262,229.7817508142326,70908200
2019-01-15,232.90380859375,233.21691691957597,230.63156872394273,230.64052325623595,85208300
2019-01-16,233.46739196777344,234.35301702855713,233.12744735442945,233.3331831885252,77636700
2019-01-17,235.23866271972656,236.09747886046176,232.55492370584037,232.59966906964814,96118400
2019-01-18,238.36968994140625,238.83488883956215,235.27445194397527,237.04572950918973,127900300
2019-01-22,235.14923095703125,237.11731741906,233.53899825203223,236.90262700516908,115531200
2019-01-23,235.6412811279297,236.87580568670793,233.181186544988,236.17803449701725,86030300
2019-01-24,235.76646423339844,236.34796286693012,234.45143100905162,235.46231041761553,59204100
2019-01-25,237.76141357421875,238.58443898655247,235.86490880279874,237.60932299896712,96883400
2019-01-28,235.95436096191406,236.01696079540557,234.1920377820725,235.62337082617444,85613700
2019-01-29,235.6412811279297,236.66108795882667,234.80932842106972,236.09752558671568,66136300
2019-01-30,239.3716278076172,240.21253492262588,236.3926893728271,237.15308758964215,92473700
2019-01-31,241.4739227294922,241.957003473344,239.09433714733026,239.30905486704737,104012100
2019-02-01,241.5901641845703,242.60999803104392,240.80292976983338,241.67067307238622,85782500
2019-02-04,243.28994750976562,243.35257465629314,240.96403425662496,241.6349691969302,60744800
2019-02-05,244.3097686767578,244.61392255740444,243.2183801401264,243.71934268476923,79552800
2019-02-06,243.9876708984375,244.52442420548215,243.25413625589732,244.0324162659288,58347800
2019-02-07,241.66180419921875,242.9231377133348,240.00682608227083,242.37745713067275,95482000
2019-02-08,241.95704650878906,242.0554372016688,239.5953422747042,240.4183678624528,75788900
2019-02-11,242.0911865234375,242.86946659878197,241.5633877056799,242.61005810727352,68021400
2019-02-12,245.20431518554688,245.5800233927025,243.62984608780823,243.70142775610952,72270200
2019-02-13,246.00045776367188,246.8413648479182,245.61579505290536,246.03624859502852,65277200
2019-02-14,245.4547882080078,246.581967392561,244.10396409321197,244.9180349153441,83234400
2019-02-15,248.1295166015625,248.16530742640353,247.02024673509356,247.22598255202874,97088700
2019-02-19,248.5590362548828,249.21206212427865,247.32451159710354,247.3334661324364,59120800
2019-02-20,249.05992126464844,249.51616561794017,248.02220560446585,248.5231680196707,76610800
2019-02-21,248.17430114746094,248.78260876381597,247.21709435971118,248.42478236010152,64214700
2019-02-22,249.71304321289062,249.90982457999132,248.15645564241626,248.79159971921942,78114600
2019-02-25,250.0529327392578,251.6542382053372,249.97242383431418,251.13539394000878,69030700
2019-02-26,249.87405395507812,250.75072474880014,249.49831840033238,249.70408159702777,56844100
2019-02-27,249.76661682128906,250.11548864335228,248.22793893074171,249.15828198984414,56921600
2019-02-28,249.30148315429688,249.99032704780788,248.97944754206418,249.55196439728053,69268300
2019-03-01,250.858154296875,251.26965348340852,249.42682073018182,250.87603607005747,78880500
2019-03-04,249.94557189941406,252.1551849315805,247.65544996733956,251.9136582318563,106494600
2019-03-05,249.6056671142578,250.2676747866207,249.05998649422446,250.07086612193086,59114600
2019-03-06,248.0938262939453,249.73092276380123,247.7717906411017,249.7219682288629,75039800
2019-03-07,246.01832580566406,247.78957580658192,245.17741886164012,247.64643980542886,94885100
2019-03-08,245.5263671875,245.69633953555666,243.7014440300641,244.16661570345593,85795800
2019-03-11,249.0868682861328,249.24788614108067,246.21527400456432,246.2421103137223,65098900
2019-03-12,250.0261688232422,250.5450405391989,249.45365178886735,249.64150595478853,79667500
2019-03-13,251.68096923828125,252.61133947361625,250.75059900294625,250.91164404588298,80639200
2019-03-14,251.5200653076172,252.12837303273284,251.08172993222647,251.7079194255833,67518400
2019-03-15,252.76268005371094,253.57134263691682,251.88212050895183,252.07082946753658,81309000
2019-03-18,253.67916870117188,253.9756956908309,252.75369409159345,252.97832411741985,62199800
2019-03-19,253.7421112060547,255.50320320501433,252.85258493986163,254.7394829347921,90268100
2019-03-20,252.97837829589844,254.73050384084684,251.87321588136902,253.52648993504164,84609200
2019-03-21,255.83566284179688,256.23998047374977,252.11577610387022,252.16071856563832,79550400
2019-03-22,250.9117431640625,254.99999873616272,250.8488401747913,254.47886913237073,122659300
2019-03-25,250.72303771972656,251.75633027368409,249.46511515748892,250.57027724900775,85575200
2019-03-26,252.59194946289062,253.54437851241264,251.19026039300329,252.47513747029075,68125900
2019-03-27,251.27110290527344,253.16699429149978,249.7256474675577,252.5829343773154,72224700
2019-03-28,252.22360229492188,252.6728624031701,250.75004339861144,251.90014817890042,56238500
2019-03-29,253.81393432617188,254.13738835770084,252.6099208410579,253.73307081828966,82186800
2019-04-01,256.8239440917969,257.1204710295328,255.539067150015,255.80863958619787,77617900
2019-04-02,256.9498291015625,257.1834531340026,256.1591269185293,257.0127320980904,40070400
2019-04-03,257.3541259765625,258.55813955865335,256.75210547518907,258.16278854117206,68243200
2019-04-04,258.0370178222656,258.2886023749723,256.98576457085767,257.67761523563604,48997500
2019-04-05,259.2860107421875,259.33991976678186,258.4144449503601,258.70197802863925,58621700
2019-04-08,259.48358154296875,259.59139954862746,258.20767116115127,258.86360058977857,53566300
2019-04-09,258.15380859375,258.8456592016085,257.60572449284734,258.522205126451,66142300
2019-04-10,259.0343933105469,259.1242508136989,258.1538336527132,258.5671452624204,52601500
2019-04-11,258.96240234375,259.5284742454136,258.3963304420864,259.5194802721649,55093100
2019-04-12,260.714599609375,260.9931386511058,259.0074168766403,260.57083310063365,69727800
2019-04-15,260.5439147949219,260.88535687304153,259.74421862030886,260.7865053880093,49596700
2019-04-16,260.714599609375,261.47834719052565,260.12157304356356,261.4244381773299,52153200
2019-04-17,260.07666015625,261.8557124477344,259.6633211574548,261.8287579409137,58268300
2019-04-18,260.58880615234375,260.858378651933,259.36683190031505,260.66070312049783,68708500
2019-04-22,260.8133544921875,260.9661149361686,259.73514709355516,259.8250045652705,40160100
2019-04-23,263.15863037109375,263.3922544241675,260.94827810651367,261.1818747389239,52246600
2019-04-24,262.5745544433594,263.410171605521,262.43078792825753,263.0777235358863,50392900
2019-04-25,262.4127502441406,263.06867970360906,261.2267247054764,262.47565322395,57770900
2019-04-26,263.6347961425781,263.7066656882998,261.68499538422964,262.4577369591944,50916400
2019-04-29,264.0481872558594,264.56934444677836,263.63487554699253,263.72473307170276,57197700
2019-04-30,264.1828918457031,264.47042488251304,262.29602141570473,263.7066772500253,81111700
2019-05-01,262.1971435546875,265.0185097807534,262.1881495792361,264.8118402899683,71671900
2019-05-02,261.6310119628906,262.99677972910905,260.1394656722656,262.08027190269394,65030200
2019-05-03,264.1918029785156,264.47034195162666,261.73883379978037,263.10460158602905,56543700
2019-05-06,263.10467529296875,263.54494138916215,259.58246426144535,259.8969517961515,107198100
2019-05-07,258.7108459472656,261.2985878238254,256.8059880160905,260.705561358726,144729900
2019-05-08,258.35150146484375,260.0586842910349,257.75847486656824,258.35150146484375,91568300
2019-05-09,257.5697326660156,258.1717256781386,254.5506913693155,256.28485571593546,103471100
2019-05-10,258.86370849609375,259.6184622709735,253.6522742114518,256.63536824121263,112429300
2019-05-13,252.35836791992188,254.7214804117822,251.52275072246363,253.7600846462088,127290500
2019-05-14,254.640625,256.168120343081,253.24792962651986,253.37370819864339,77003200
2019-05-15,256.1322021484375,256.7701439026409,252.8076659712132,253.01433551780383,73956400
2019-05-16,258.504150390625,259.86089660564755,256.76101983242893,256.83288934938713,76749600
2019-05-17,256.8329772949219,259.312901499198,256.1860417381828,256.2040296890674,100353000
2019-05-20,255.13485717773438,256.9408643844069,254.38906995262954,255.23368125153678,62877600
2019-05-21,257.43505859375,257.8124217622232,256.57245936734176,256.8240439532116,46847100
2019-05-22,256.6442565917969,257.59668554101046,256.16804211719005,256.4825295824555,49482500
2019-05-23,253.50840759277344,254.46980300756655,252.09772482532682,254.42488798262627,98733800
2019-05-24,254.0836181640625,255.35952930034446,253.4636368442685,254.94619014003598,55268100
2019-05-28,251.7204132080078,255.31449378901283,251.70245267653993,254.36206462869922,70029400
2019-05-29,250.03123474121094,251.01061858059722,248.62954526276232,250.60630089681214,104972900
2019-05-30,250.71409606933594,251.62161026679743,249.6179003033244,250.78596562189657,62523800
2019-05-31,247.33558654785156,248.99785400522927,247.30863204511155,248.17123097409964,86862800
2019-06-03,246.70663452148438,248.48568651126263,245.3768150956478,247.37153052407598,96428000
2019-06-04,252.061767578125,252.19654006890423,248.5485517416839,248.99781165804745,77231900
2019-06-05,254.24530029296875,254.27225480555384,251.8732209234881,253.67922810801772,71169700
2019-06-06,255.89849853515625,256.5723885707165,253.8948163786434,254.54175190960748,69430400
2019-06-07,258.4593505859375,259.5375858798903,256.7431735770717,256.9138946222919,74272200
2019-06-10,259.6453552246094,261.3076228990596,259.5554977301904,260.0047577816279,60799100
2019-06-11,259.58251953125,261.82882037077394,258.93558379264056,261.46042374261225,58641300
2019-06-12,259.124267578125,259.90597580686716,258.61210445561744,259.3488976402078,47096300
2019-06-13,260.19342041015625,260.55285036170267,259.33084885188674,260.0316933843536,48945200
2019-06-14,259.90594482421875,260.50793796326803,259.1421972200491,259.90594482421875,52324700
2019-06-17,260.0046691894531,260.76841650079444,259.83394823442455,260.13944167483146,39205700
2019-06-18,262.7272033691406,263.7784836775862,261.4602870674344,261.8197169504023,85434800
2019-06-19,263.32037353515625,263.85049725511794,261.89172945851396,262.8621193786363,78674400
2019-06-20,265.8361511230469,266.240496147716,263.3832087300726,265.9979055853094,116570000
2019-06-21,265.4497375488281,266.82212083031214,265.2330527028107,265.5671176917623,83309500
2019-06-24,265.12469482421875,265.97338627298683,264.9711913645555,265.6573967423069,47582700
2019-06-25,262.5243835449219,265.2059687471691,262.41604112123906,265.1788831412484,82028700
2019-06-26,262.2624816894531,263.9237961241511,262.1541392888887,263.41817988550474,51584900
2019-06-27,263.19256591796875,263.6981823651526,262.6418159699409,263.0210145283139,40355200
2019-06-28,264.546875,265.0434536754882,263.6530223625105,264.16764892571615,59350900
2019-07-01,266.9485778808594,268.08622859750477,265.74771822350516,267.8695161656501,78705600
2019-07-02,267.6437683105469,267.69793952489164,266.0637102660974,266.9033916424673,61504500
2019-07-03,269.7835693359375,269.80164477374774,268.1764259500246,268.3208916824014,40898900
2019-07-05,269.4765319824219,269.6390731176219,267.2644680944765,268.5555941350259,51677300
2019-07-08,267.9958801269531,269.2960442403786,267.4541404873554,268.16743147205943,45841800
2019-07-09,268.32989501953125,268.6278366109929,266.7859607557403,266.8401319541879,41101300
2019-07-10,269.612060546875,270.56011189882554,268.8626737180611,269.39537569112645,58448500
2019-07-11,270.2440185546875,270.48778894864506,269.2418238255109,270.25305627246956,50826100
2019-07-12,271.45391845703125,271.52616509938144,270.4246380127178,270.73161735765416,40326000
2019-07-15,271.5442199707031,271.8873226456437,271.03860367732375,271.8873226456437,33900000
2019-07-16,270.66851806640625,271.6617031458477,270.3615385971301,271.4540284074998,36650100
2019-07-17,268.8265686035156,270.8039007082595,268.8265686035156,270.641387055438,36036300
2019-07-18,269.8106689453125,270.18989495674094,267.8875359461371,268.3299433311183,51392600
2019-07-19,268.31195068359375,270.93032731709434,268.1403993042997,270.90324170741786,58678600
2019-07-22,268.97100830078125,269.51274797837686,268.1945358876464,268.70916240503885,43638100
2019-07-23,270.8941345214844,270.8941345214844,269.25990553066293,270.0905766044497,44564500
2019-07-24,272.16729736328125,272.16729736328125,270.0454993112613,270.13579386637423,47213200
2019-07-25,270.8670959472656,271.76998626708985,270.06351033668966,271.71581505222247,55394100
2019-07-26,272.6818542480469,272.88049117681857,271.42682375398465,271.5532415968484,45084100
2019-07-29,272.1852111816406,272.6818172131321,271.6344615085866,272.56443710470654,38126500
2019-07-30,271.5171203613281,271.92343194048675,270.40655558457587,270.7857815620586,45849000
2019-07-31,268.546630859375,271.9505446149553,266.5332033083149,271.7609178303265,104245200
2019-08-01,266.2081298828125,271.65255641303344,265.4135821381002,268.700115526861,142646600
2019-08-02,264.2037048339844,265.55804002591907,262.6507327117384,265.31426961081803,116749700
2019-08-05,256.2583312988281,260.2220053837113,254.36225615994783,260.1136629564653,178745400
2019-08-06,259.8517150878906,260.06842741136916,256.6735524016881,258.14526742033206,120711700
2019-08-07,260.0052490234375,260.7727110773986,254.65111763531422,256.78192492921147,140572300
2019-08-08,265.1066589355469,265.1066589355469,260.9443476671785,261.49509755220527,87713900
2019-08-09,263.3009033203125,264.7635814112252,261.5222080674551,264.1676704197368,93730000
2019-08-12,260.09564208984375,263.29185424173795,259.1475906449031,261.80209060429195,65527600
2019-08-13,264.1405029296875,265.58513268360247,259.4545008367751,259.79760350315723,94299800
2019-08-14,256.3305358886719,260.70052138237736,256.204145582048,260.0956003464888,135622100
2019-08-15,257.0077819824219,257.9016623373555,254.9672681362208,257.2154567222614,99556600
2019-08-16,260.7998962402344,261.23326599547846,257.0619167770849,258.660050411632,83018300
2019-08-19,263.94195556640625,264.6191234101706,263.1383973865682,263.81556523033254,53571800
2019-08-20,261.91943359375,263.9689845752752,261.7930432847781,263.43628262555785,51596400
2019-08-21,264.05029296875,264.4204537634302,263.3911730960728,264.07737857699556,49524700
2019-08-22,263.968994140625,265.3865385206094,262.1993368727227,264.75453184479977,51666400
2019-08-23,257.18829345703125,264.33015864750445,255.94230050225514,262.6688438924776,149161500
2019-08-26,260.03240966796875,260.03240966796875,257.84740299073746,259.37328982123614,72423800
2019-08-27,259.01214599609375,261.7930636581838,258.2537214211673,261.42287531434596,66668900
2019-08-28,260.8359069824219,260.99842057049005,257.5493741356223,258.3529594666534,59696700
2019-08-29,264.1676025390625,264.69129428520955,262.3889077432596,263.3911301931494,57899400
2019-08-30,264.05029296875,265.6664468507787,263.12031701361735,265.6483989632906,62901200
2019-09-03,262.5062561035156,263.2646804730789,261.1790065682752,262.35278021837604,69101400
2019-09-04,265.4858703613281,265.5039182477998,263.9238602297381,264.6732746057014,46887300
2019-09-05,268.89874267578125,269.81064296202624,265.44969579769,267.96876695252837,83258100
2019-09-06,269.1062316894531,269.7473031382161,268.53743439224627,269.21460158578185,49584300
2019-09-09,269.24200439453125,270.18099083700633,268.3029903980201,270.09072381471776,51260300
2019-09-10,269.1787109375,269.24191987648885,267.22846442804376,268.4834677166774,57947100
2019-09-11,271.0927734375,271.17403024628595,268.8355480133743,269.48563003768334,68821100
2019-09-12,272.03179931640625,273.08816543274827,271.23725152228974,271.9956759928493,72908700
2019-09-13,271.8511047363281,272.826241215717,271.4809165871168,272.4741009442677,62104800
2019-09-16,271.0115051269531,271.8963473751053,270.3704608488334,270.7225736719622,58191200
2019-09-17,271.6977233886719,271.78799036288956,270.6413297609149,270.8128810983628,41475500
2019-09-18,271.8602294921875,271.968571901471,269.27794933684083,271.30945217296875,73375800
2019-09-19,271.84222412109375,273.2417207457767,271.5081590883585,272.24853581465317,76560500
2019-09-20,270.5578308105469,272.7257172981861,269.7686931121249,272.44450325727587,89565000
2019-09-23,270.4942626953125,271.21084760193804,269.6416243712935,269.89559997751627,43476800
2019-09-24,268.3717346191406,271.9727625422939,267.4102536031992,271.582733535712,94869400
2019-09-25,269.9591369628906,270.40358741300247,266.97490242905855,268.45341435241266,71854000
2019-09-26,269.3966979980469,270.17675595776956,267.99076670726214,269.96814996825674,56179700
2019-09-27,267.94549560546875,270.258515016911,266.394430888546,270.1496445739282,84746600
2019-09-30,269.1881408691406,269.8956464426555,268.41716214409126,268.4625040639401,51662400
2019-10-01,265.9861755371094,270.72102824217234,265.76849006877796,270.06794415591315,88242400
2019-10-02,261.2876892089844,264.4170571356595,259.9996795705218,264.4079776780748,122539500
2019-10-03,263.4283142089844,263.4555248952082,258.3487738908161,261.0608737824399,85278800
2019-10-04,266.9931335449219,267.2471092538503,264.02702943995206,264.08147851019316,65091200
2019-10-07,265.8410339355469,267.818445039267,265.5598476544299,266.19480049123445,59610500
2019-10-08,261.71392822265625,264.72537300214316,261.67763808472165,263.99065687623875,95708100
2019-10-09,264.19927978515625,265.13355020756165,263.10174525349936,263.72761868689645,62359400
2019-10-10,265.9861755371094,266.86602454663546,263.954370682643,264.1176347838915,55296300
2019-10-11,268.74371337890625,270.97507304287916,268.6167393837116,268.7346339216523,98720400
2019-10-14,268.4443054199219,269.0973894531063,268.0996183355658,268.42614651152667,40394800
2019-10-15,271.10205078125,271.8458464973218,269.3695631563232,269.4874853651235,46754500
2019-10-16,270.6666564941406,271.35603084525394,270.2312854776649,270.6394458056109,48928200
2019-10-17,271.46484375,272.3356133684746,270.77546947468795,271.8276621175921,45736600
2019-10-18,270.27667236328125,271.57376153444164,269.42403373913845,270.92975667791666,64304000
2019-10-21,272.1088562011719,272.30841046123777,271.15645449887944,271.5918531611871,39048600
2019-10-22,271.2200012207031,272.93433011116593,271.1292896905478,272.6440642871781,48594700
2019-10-23,272.0091247558594,272.0635461348605,270.75737767629226,270.9660114166438,34352200
2019-10-24,272.4534912109375,273.0884440118041,271.62806364231596,272.94331115214135,35453100
2019-10-25,273.56927490234375,274.11351638561285,271.8277076921369,271.8821290723367,45205400
2019-10-28,275.1111755371094,275.61007494387354,274.7574366745982,274.7846473563298,42147000
2019-10-29,275.029541015625,275.9547595486964,274.7120646107723,274.8390662452186,44284900
2019-10-30,275.8731689453125,276.24503908773704,273.9229683145181,275.22913658461215,49643900
2019-10-31,275.13848876953125,275.8641533549526,273.6872149612356,275.8641533549526,69053800
2019-11-01,277.687255859375,277.73259776958525,276.41735019832123,276.58064197385863,71141500
2019-11-04,278.8028869628906,279.3743389032854,278.4309892289629,279.2382855082534,60606900
2019-11-05,278.4945983886719,279.30189498204095,278.2043325788355,279.0025497152499,42933200
2019-11-06,278.55816650390625,278.8302734655543,277.6148162347298,278.49466565242903,46487100
2019-11-07,279.53765869140625,280.8710375909936,279.0659976008694,279.89142527025837,54272300
2019-11-08,280.2270202636719,280.28144163006976,278.49453294996727,279.19295893958304,49032100
2019-11-11,279.69195556640625,279.8642991803106,278.71231526828956,278.8483964128372,35797300
2019-11-12,280.28143310546875,281.1794133049867,279.5104268632624,280.054668191953,46484600
2019-11-13,280.3721923828125,280.77130091310977,279.0660240438884,279.29278899604503,53917700
2019-11-14,280.7803649902344,280.862024736105,279.4560653623706,280.0910183287371,51219900
2019-11-15,282.8121337890625,282.85747569869864,281.42433364278145,282.1136801480739,62023600
2019-11-18,283.0207824707031,283.2566268714091,282.1228021468884,282.57633203669667,49228000
2019-11-19,282.9391174316406,283.62849164179835,282.2951128139359,283.6194121870548,67804700
2019-11-20,281.886962890625,282.86660297199927,280.3358983899287,282.34957224467774,79406200
2019-11-21,281.4334411621094,282.10468425402297,280.6352517705745,281.9958415043259,54664700
2019-11-22,282.05926513671875,282.3132407351811,281.0524421975064,282.17718732194487,44850200
2019-11-25,284.2453308105469,284.2453308105469,282.98453205746335,282.98453205746335,48647200
2019-11-26,284.8892822265625,285.07070522877143,283.96409135032974,284.28156776356354,37569000
2019-11-27,286.1592102050781,286.1592102050781,285.15235952241426,285.37004499703744,44444600
2019-11-29,285.09796142578125,285.84175709981287,284.87119647744976,285.59683323960326,36592700
2019-12-02,282.6761169433594,285.4154274537873,282.2497977488334,285.351926627072,75767800
2019-12-03,280.7803649902344,280.862024736105,278.58529565869156,279.9640166629559,73941700
2019-12-04,282.5128479003906,283.11151071206064,281.4788140847929,281.82350125041523,49080000
2019-12-05,283.0207824707031,283.2294161852713,281.71461417355385,283.2112849549353,40709000
2019-12-06,285.60589599609375,286.00500449632267,284.9165217354681,284.9256011908763,48927000
2019-12-09,284.7079162597656,285.88708285190785,284.63533597889335,285.21586750080536,34838500
2019-12-10,284.3904724121094,285.31566348978197,283.73738821573176,284.6535275182076,52649800
2019-12-11,285.19775390625,285.4517295424743,284.30882533883084,284.84398729797243,53429100
2019-12-12,287.6558837890625,288.4359419435748,284.97099448527933,285.2068112141044,96389600
2019-12-13,287.8282470703125,289.0527834416107,286.6490526203965,287.42005905278955,81503900
2019-12-16,289.8055725097656,290.3951557751756,287.76468819631657,289.55159690245364,82749700
2019-12-17,289.8690185546875,290.485812387136,289.7873865193276,290.1864949241495,61097700
2019-12-18,289.8872375488281,290.4859003373177,289.8328161754444,290.25913538779594,48133000
2019-12-19,291.0755615234375,291.1481418282076,289.82381423827144,290.07778994241556,85310500
2019-12-20,292.3515625,293.48183740439526,291.13013011229833,292.10543451333706,147142100
2019-12-23,292.7982482910156,293.1901949374519,292.65240185614937,293.13550600154747,52990000
2019-12-24,292.8073425292969,293.07166308676193,292.5065255951328,293.0260982506087,20270000
2019-12-26,294.36602783203125,294.37515192605576,293.1810639379538,293.1901602146185,30911200
2019-12-27,294.29315185546875,295.1499823509916,293.7644828220485,295.0952934102021,42528800
2019-12-30,292.6705627441406,294.51184926989555,292.1874586969327,294.37512695792304,49729100
2019-12-31,293.381591796875,293.6277198137139,291.82290156546304,292.1692833540794,57077300
2020-01-02,296.1252746582031,296.1435228475682,293.9923228046252,294.91296621198353,59151200
2020-01-03,293.8829345703125,295.00411329960116,292.68884653822107,292.74353546966336,77709700
2020-01-06,295.0041809082031,295.08621432416686,292.01437027823323,292.13287226263657,55653900
2020-01-07,294.17462158203125,294.9129499592201,293.72795822762987,294.4389421396399,40496400
2020-01-08,295.7425842285156,296.954893216256,294.12008023989824,294.3661805499999,68296000
2020-01-09,297.74786376953125,297.8208009132974,296.71784219845114,297.30122807910067,48473300
2020-01-10,296.8909606933594,298.4861195611985,296.42610473911026,298.33117684890317,53029300
2020-01-13,298.93280029296875,298.9418965712198,297.0824170116794,297.5108322451486,47086800
2020-01-14,298.47698974609375,299.5434516916106,297.9209485381816,298.4952101168568,62832800
2020-01-15,299.1514892578125,299.9080379561586,298.3037830757557,298.3858164658878,72056600
2020-01-16,301.6399230957031,301.6399230957031,300.29998886032536,300.5278686430947,54050300
2020-01-17,302.578857421875,302.7884890679203,301.5761805798231,302.35097758583424,95846000
2020-01-21,301.9863586425781,302.7885001455664,301.5488471444855,301.62175645504635,77742400
2020-01-22,302.0228271484375,303.49038781097767,301.8678844320141,302.84318902456715,48914900
2020-01-23,302.36920166015625,302.77939649699647,300.2635941747511,301.3756489009387,51963000
2020-01-24,299.6802978515625,303.107620551751,298.39505183899183,303.025587123379,87578400
2020-01-27,294.87646484375,296.3531215152195,294.1107920443717,294.4480497017618,84062500
2020-01-28,297.966552734375,298.8416034600196,294.96764649476006,296.2984568633764,63834000
2020-01-29,297.7204284667969,299.55259115613137,297.5198931086739,299.32471133178075,53888900
2020-01-30,298.6866149902344,298.89627442765044,294.9129398382602,295.66036446661803,75491800
2020-01-31,293.2630920410156,298.22175888029057,292.3515728105219,298.06678837146853,113845600
2020-02-03,295.4416198730469,297.30112696346464,294.6212580975968,294.73976005288546,69083000
2020-02-04,299.94451904296875,300.8104734483571,298.723086598825,299.0421238964606,62573200
2020-02-05,303.4083251953125,303.6179846653886,301.41212336008243,302.870532103236,65951100
2020-02-06,304.42926025390625,304.62067153969036,303.35364621707834,304.3654472195234,50359700
2020-02-07,302.80670166015625,304.4383010658972,302.2597845544811,303.37183913632214,64139400
2020-02-10,305.0672607421875,305.13107376686384,301.88606741089336,301.92253597033135,42070000
2020-02-11,305.5960388183594,307.2002942348692,305.0673419265735,306.4164008111858,54864500
2020-02-12,307.56488037109375,307.77451202465284,306.66245727222037,307.02705945948134,43992700
2020-02-13,307.2367858886719,308.2029944132998,305.86950652543953,306.1429512711381,54501900
2020-02-14,307.72894287109375,307.8474448392001,306.4528213248784,307.64690946641167,64582200
2020-02-18,306.9358825683594,307.79271287619065,305.550355525555,306.735347223604,57226200
2020-02-19,308.4034118652344,309.0779271915285,307.61951868249895,307.9020874174254,48814700
2020-02-20,307.1365051269531,308.6769752996938,304.1558185736376,307.8565854998732,74163400
2020-02-21,303.9735412597656,306.0973695137125,303.15315143324005,305.78745621324725,113788200
2020-02-24,293.89202880859375,304.04633809698913,292.81641502565685,294.54832373659,161088400
2020-02-25,284.9865417480469,295.8883062471929,284.11149089171784,295.2776038121276,218913200
2020-02-26,283.93829345703125,289.9634233462724,283.2090890630601,286.3811587759355,194773800
2020-02-27,271.1861267089844,283.9929622601153,271.1861267089844,278.43268874388383,284353500
2020-02-28,270.0467529296875,271.5325340386913,260.27526361074985,263.15566832306206,384975800
2020-03-02,281.7414245605469,281.805237571284,268.40589618419204,271.82409267912834,238703600
2020-03-03,273.67462158203125,286.0712930613618,271.2408799542185,282.1153015410036,300139100
2020-03-04,285.177978515625,285.39676211227726,276.4911987598748,279.03434596352906,176613400
2020-03-05,275.6981201171875,281.1763600202487,273.4649145191371,277.9951665598652,186366800
2020-03-06,271.1405944824219,272.3438069509594,264.55032601369834,267.2119474918185,228667200
2020-03-09,249.96603393554688,259.0447615084453,249.2550497488266,250.94133878200407,309417300
2020-03-10,262.900390625,262.9915202948296,249.3005113667445,259.4548490211814,276444100
2020-03-11,250.0843963623047,256.99372753135424,246.91232732401264,255.86345261585788,255316300
2020-03-12,226.1570587158203,243.06574485920348,225.7650981762707,233.34894558391483,392220700
2020-03-13,245.49041748046875,247.4593027706441,226.5308107156286,239.81164146550884,329566100
2020-03-16,218.6278839111328,234.1692750182009,216.35819611440786,219.84019219766736,297240000
2020-03-17,230.43209838867188,233.50392810842425,216.09390266325667,223.35869921057358,262070500
2020-03-18,218.76466369628906,226.39407689191867,207.84466479454713,215.34646582603455,327597100
2020-03-19,219.2294921875,225.49163896080339,211.67300364288351,218.0809829271714,289322000
2020-03-20,209.78199768066406,224.14949538908877,209.50693107809147,222.37074721498362,347158800
2020-03-23,204.41824340820312,210.58883736917826,200.11807712080454,209.22269612416616,326025200
2020-03-24,222.939208984375,223.81025556170377,214.3663954320049,214.9348561536564,235494500
2020-03-25,226.27664184570312,235.04201992086357,219.82181757105965,224.5162352253458,299430300
2020-03-26,239.4889373779297,240.95592219798814,228.34884302210628,228.77977750775747,257632800
2020-03-27,232.3555908203125,239.13132946268587,230.1825909794387,232.21806449765097,224341200
2020-03-30,239.9014434814453,240.61660815727984,232.45638865585167,234.44601489405457,171369500
2020-03-31,236.32568359375,241.44185872909284,234.922859122693,238.90211266816877,194881100
2020-04-01,225.68984985351562,236.24314028710725,223.62687128450554,227.36774076850008,189554600
2020-04-02,230.89772033691406,231.67705936295383,224.25950903784965,224.80964222485147,177660400
2020-04-03,227.56031799316406,232.26391415318625,224.83718484688495,229.9166909570072,135561200
2020-04-06,242.84463500976562,244.80677011871967,227.54193143111638,236.40815247528656,188061200
2020-04-07,243.09225463867188,252.16935565660157,242.87221252313967,251.41750778727922,201427200
2020-04-08,251.25242614746094,253.05867943513024,243.20222724698658,245.68696224301036,153774500
2020-04-09,255.07586669921875,257.8265049685233,252.5727758010134,254.50737795290667,189999200
2020-04-13,252.7469940185547,254.443226607134,248.85025633333169,254.1039856856062,114839100
2020-04-14,260.20123291015625,261.2189556921162,252.60947200950213,257.6248038351175,134143400
2020-04-15,254.6724395751953,260.3387477403847,252.56360009643504,254.4982302449213,121775000
2020-04-16,255.9010772705078,256.7537685008256,252.83870305963532,255.9469100537086,131798300
2020-04-17,262.8143005371094,263.4194162623719,258.9267132107058,261.65902364519036,146684800
2020-04-20,258.1839904785156,262.95177313986176,257.96394844153764,259.1191971166025,100109300
2020-04-21,250.34471130371094,254.9291074264228,249.40947658688037,253.72799788074695,126385700
2020-04-22,255.9010772705078,257.64314274626923,253.89310890173235,255.2134176368434,92951600
2020-04-23,255.88262939453125,260.33867676205836,255.58007157656192,257.17543239680975,104709700
2020-04-24,259.4493408203125,260.1186727932332,255.35088916404356,257.39554010912246,85063200
2020-04-27,263.19012451171875,264.3087180906632,260.96211509838025,261.4205546310472,77896600
2020-04-28,261.97998046875,267.17867138306195,261.67739457497856,266.8302527082662,105270000
2020-04-29,268.8382568359375,270.3694580633469,266.27100517548735,267.2979058396674,118745600
2020-04-30,266.3351135253906,268.9390474225819,264.60219818898923,267.462857175173,122901700
2020-05-01,259.2843017578125,266.5001372793607,258.1198471539412,261.5948274910563,125180000
2020-05-04,259.99945068359375,260.30200851871746,255.92850465269154,257.40466678621465,80873200
2020-05-05,262.4017333984375,265.20738229155137,260.1278622774751,262.81434034545913,79569900
2020-05-06,260.6229248046875,264.48297858278846,260.19199044127004,264.09790497007816,73632600
2020-05-07,263.767822265625,265.6932743331002,263.2635498583758,263.8320105300923,75250400
2020-05-08,268.1322326660156,268.5998501465137,265.76666797978606,266.89443979354115,76452400
2020-05-11,268.18719482421875,269.56251377203523,265.7849755389823,266.2067321816507,79514200
2020-05-12,262.8418884277344,269.78264576548486,262.7043341023588,269.37006673219304,95870800
2020-05-13,258.1932373046875,263.31858964743844,255.7726623265701,262.2825114779081,144721100
2020-05-14,261.2831115722656,261.41146013220174,250.29888679853764,255.7635079143885,121977900
2020-05-15,262.48419189453125,262.53002466488874,257.95480613821377,258.89919065123917,111146300
2020-05-18,270.47943115234375,272.0839701507051,268.3706196611589,268.6915050760796,119703800
2020-05-19,267.7012634277344,271.58882289589167,267.6829359139752,269.88344074536735,95189300
2020-05-20,272.2488708496094,273.1107393357214,271.00192885833945,271.23114860505166,85861700
2020-05-21,270.3693542480469,272.9274551573874,269.2782657160711,272.1205969507901,78293900
2020-05-22,270.8829040527344,271.05711341057327,268.8474302756722,270.0852232989164,63958200
2020-05-26,274.22027587890625,277.07178533427884,270.9011769612808,276.8333877387792,88951400
2020-05-27,278.3004150390625,278.33709805129075,272.1939946167621,277.00761167218025,104817400
2020-05-28,277.7868957519531,281.33521382254526,277.11756385460404,279.3272461114309,90405200
2020-05-29,279.02471923828125,279.61150744849493,274.5778489741923,277.3193091660714,119090800
2020-06-01,280.1524353027344,280.75757894742645,277.8694149921172,278.3828651183529,55758300
2020-06-02,282.47216796875,282.51802872321025,279.739885508997,281.06934373149255,74267200
2020-06-03,286.23138427734375,287.18494662104723,284.1775835194625,284.45263612777273,92567600
2020-06-04,285.4795837402344,286.98327953028644,283.3890996283888,285.2503638684051,75794400
2020-06-05,292.79620361328125,294.56577377345707,290.7974136505666,290.8616019107014,150524700
2020-06-08,296.33538818359375,296.52792499363557,293.0621225082108,293.60307791418927,73641200
2020-06-09,294.125732421875,296.40875303318035,292.814573695221,293.67644251654445,77479200
2020-06-10,292.48455810546875,295.5927930158741,291.76939322056137,294.7034187889176,95000800
2020-06-11,275.6231384277344,286.2039358982989,275.0730331017828,285.5712867925123,209243600
2020-06-12,278.92388916015625,283.3890875968667,273.78020888553783,282.61891221793167,194678900
2020-06-15,281.5279235839844,282.6556957798261,272.07489534682344,273.2485003390127,135782700
2020-06-16,286.9465637207031,289.4038217313861,282.0962919334156,289.25711767246935,137627500
2020-06-17,285.7546691894531,288.25776030514066,285.021148798676,287.9643521488298,83398900
2020-06-18,285.86468505859375,286.34145231822947,283.7833786982742,284.2418184413267,80828700
2020-06-19,284.23101806640625,289.5170574345226,282.28787417657315,289.32367329044104,135549600
2020-06-22,286.0543212890625,286.45030759053503,282.490388367676,283.6323128106449,74649400
2020-06-23,287.3712463378906,289.6274972240298,286.9660418676936,288.69736494870455,68471200
2020-06-24,280.0406799316406,285.952959017189,278.2080704245772,285.3359343924869,132813500
2020-06-25,283.04296875,283.3100417218154,277.45301313177083,279.46981736237365,89468000
2020-06-26,276.3202819824219,282.1589024781775,275.7401296700566,281.94708210428337,127961000
2020-06-29,280.3815612792969,280.5196928041572,275.28890629956817,277.5727838921979,79773300
2020-06-30,283.9730224609375,285.66752892214726,279.79209321079117,279.94863284970944,113394800
2020-07-01,285.9622802734375,287.22395639224413,284.62697148514405,285.08742860608777,72396500
2020-07-02,287.53692626953125,290.7324982838953,286.8738672084971,289.3879438992051,69344200
2020-07-06,291.9757995605469,292.5559799310515,290.6036465664798,291.3495847273951,61713800
2020-07-07,288.9644470214844,292.408657022588,288.5868688394488,290.43791531370204,82910000
2020-07-08,291.17462158203125,291.2851267804882,287.9698584105039,289.728779659392,54638600
2020-07-09,289.5169982910156,292.0218859318801,286.109604655345,291.7824392568342,83354200
2020-07-10,292.47308349609375,292.74015643400605,288.0250810957527,289.45248660102106,57550400
2020-07-13,289.94061279296875,297.18820278628755,289.2867716039281,294.8122566026346,102997500
2020-07-14,293.6979675292969,294.4715320808562,287.32522893206374,288.522406144319,93657000
2020-07-15,296.3962097167969,297.4920997478603,294.02023559241456,296.9119193662305,87196500
2020-07-16,295.42010498046875,295.871343992354,293.85453943512255,294.49919068416483,54622500
2020-07-17,296.2764587402344,297.059241275674,294.4530388686995,296.4238083554755,62774900
2020-07-20,298.6708984375,299.4168366870497,295.26350467471246,296.0094429242622,56308800
2020-07-21,299.3063659667969,301.0745056864678,298.320980919731,300.6324848085871,57292200
2020-07-22,301.0099792480469,301.32311478404205,298.83663538971115,298.94714058873586,57792900
2020-07-23,297.4183654785156,301.35068608523807,296.055430800531,300.6507824803938,75738000
2020-07-24,295.5029296875,296.5251308789289,294.00183516323403,295.5674004213925,73766600
2020-07-27,297.6578674316406,297.83284336537673,295.4016165623497,296.19361733148213,48293000
2020-07-28,295.77008056640625,298.0447401843748,295.4753812230402,296.9304135617862,57495000
2020-07-29,299.4075927734375,299.9693649980808,296.60800599281623,296.64485042658015,48454200
2020-07-30,298.33935546875,298.7537780991364,294.36102749576685,296.44227447076116,61861700
2020-07-31,300.6969299316406,300.798245119707,295.9173824216007,300.12596755695097,84986800
2020-08-03,302.7873229980469,303.5516692549566,301.811156402926,302.3544922923563,53077900
2020-08-04,303.9568786621094,303.9568786621094,301.930856580021,301.930856580021,41917900
2020-08-05,305.84478759765625,306.10267054186585,304.98834417548517,305.2554171505095,42697700
2020-08-06,307.8891906738281,308.00891400036295,304.9422824929676,305.2646080403921,43679400
2020-08-07,308.1101989746094,308.3956800618827,306.0197062402385,306.92221206378724,57308300
2020-08-10,309.0311584472656,309.21532440909493,306.62755797641967,308.56148325207386,44282100
2020-08-11,306.4801940917969,310.8453459347755,305.7526922046899,310.2099129722672,69601100
2020-08-12,310.75335693359375,311.52692165598245,308.88390182846837,308.91152813626525,53774400
2020-08-13,310.1914978027344,311.4992082489788,309.2705836615696,309.9888955675153,41816100
2020-08-14,310.20068359375,310.73482947821054,309.0771673345119,309.80469729931406,47260400
2020-08-17,311.18609619140625,311.5820825212489,310.2099294645962,311.2137224910681,35481000
2020-08-18,311.8583984375,312.2820111007127,309.98891563003593,311.58210731482745,38733900
2020-08-19,310.5599060058594,312.7516581960092,309.99813372934017,312.2359484919656,68054200
2020-08-20,311.52679443359375,312.0056596078708,308.7087997728297,308.8377131218765,42207800
2020-08-21,312.6319274902344,312.85293788001695,310.8545419255064,311.1953037485117,55106600
2020-08-24,315.7998046875,315.87346543318415,312.60423235327005,315.06305671035,48588700
2020-08-25,316.905029296875,316.9879082126617,315.20133219483836,316.3616932240013,38463400
2020-08-26,320.0821533203125,320.3491982017806,316.95105067989545,317.49438668215004,50790200
2020-08-27,320.7820129394531,322.2278548973866,319.1243787139967,320.94779884525434,58034100
2020-08-28,322.8540344238281,322.9829758804368,320.61622003326073,321.80420702373715,48588900
2020-08-31,321.68450927734375,323.51711938437126,321.4542807471516,322.64226783208227,66099200
2020-09-01,324.71429443359375,324.81558148751446,321.6200086611954,322.5132963995055,54908700
2020-09-02,329.4110412597656,330.37798998883557,325.4787193923163,326.6206721827685,69540000
2020-09-03,318.07452392578125,328.1953605553692,315.4959476689743,327.7256853866652,148011100
2020-09-04,315.4776306152344,320.3216209085487,308.3865789911979,318.7560834008521,139156300
2020-09-08,306.8577880859375,315.54202965407626,306.55389879011744,310.0809875272591,114465300
2020-09-09,312.9174499511719,315.37627517454166,309.98892137932586,310.8545829924272,91462300
2020-09-10,307.4840087890625,315.4406916483202,306.52625029812896,314.78685053527204,90569500
2020-09-11,307.6405334472656,310.32039660205055,304.8225388111135,309.2613511061483,84680200
2020-09-14,311.6925354003906,313.460702594157,307.78786914857267,310.7992477225099,65605700
2020-09-15,313.267333984375,314.9710024350509,311.70176891157143,314.14218543935834,52920900
2020-09-16,312.02410888671875,315.9287755119788,311.7478178059842,314.50136995908423,82096000
2020-09-17,309.2798156738281,310.9927306673699,306.65520463292705,307.1801324619214,91523300
2020-09-18,305.7191467285156,310.19420971929947,303.24122418442806,310.08326217502207,105877900
2020-09-21,302.3166198730469,302.4645593357365,297.4717223903731,301.14238742219266,99450800
2020-09-22,305.3955383300781,305.95030428150574,301.29030979270976,303.79599750028683,63612100
2020-09-23,298.3131103515625,306.2276881483939,297.8138181951708,305.95029107636867,93112200
2020-09-24,299.1082763671875,302.1594468796686,295.6872430633771,297.0001882528296,76681300
2020-09-25,303.94390869140625,304.72979648153216,297.38849504638966,298.25759348900306,71069400
2020-09-28,308.99224853515625,309.70418077413325,307.10605558287943,308.09538490645014,64584600
2020-09-29,307.3094787597656,309.52851442541044,306.616028350716,308.78884527571864,51304000
2020-09-30,309.63946533203125,312.78310129067506,307.78100935569034,307.97516755399596,104081100
2020-10-01,311.6273498535156,313.1991537202758,309.75041203082435,312.22833451482296,88698700
2020-10-02,308.668701171875,311.59969787140113,306.2185149056574,306.69007030245626,89431100
2020-10-05,314.1422424316406,314.32714558258357,310.67499091510314,310.7212096486976,45713100
2020-10-06,309.6764831542969,316.3706109226611,309.1679640929143,314.28100446334764,90128900
2020-10-07,315.0668640136719,315.87126190492677,312.598168352672,312.6259052380061,56999600
2020-10-08,317.859130859375,317.92385966066934,316.0838856399177,316.9992592418316,45242500
2020-10-09,320.6977233886719,321.1600236881462,318.8855141153723,319.50498071538817,59528600
2020-10-12,325.8569641113281,327.32707559553944,322.7410647815939,323.2311019429976,80388500
2020-10-13,323.73040771484375,325.89396970025575,322.76881520469266,325.71829333157706,73255500
2020-10-14,321.69622802734375,325.39462982999737,320.96581398724754,324.30360807019053,57727900
2020-10-15,321.2987060546875,321.7794882050628,317.25820597808996,317.7944619067174,60357700
2020-10-16,321.1045227050781,324.30363260576735,320.92884634883575,322.648589773227,89501900
2020-10-19,316.2226257324219,322.99067994136914,315.3257621196153,322.36195837394564,68425600
2020-10-20,317.4893493652344,320.7254513716909,316.8051539703146,317.5633049958053,60051900
2020-10-21,316.88836669921875,319.6066946596672,316.58323270677243,317.4431044735385,63575000
2020-10-22,318.62664794921875,319.2091509309516,314.96523691392366,317.10106236922707,55399300
2020-10-23,319.70843505859375,319.9025933086826,317.25824879984316,319.84711952294293,49143900
2020-10-26,313.8002014160156,317.1195140807674,310.31443920384794,316.33359795190205,91473000
2020-10-27,312.7183837890625,314.4751191044585,312.5057155150436,314.1422764667609,65994100
2020-10-28,302.03009033203125,312.746209849687,301.5400530535388,307.05992076846246,127094300
2020-10-29,305.0996398925781,308.26175735299205,300.5783305446324,302.26110998803335,90597700
2020-10-30,301.9190979003906,304.8315842442729,298.27616915749184,303.52789396877716,120287300
2020-11-02,305.3031005859375,307.30021286282704,302.56626275236454,305.3031005859375,86068300
2020-11-03,310.69354248046875,312.7461569674992,305.3863439975958,308.5299804346644,93294200
2020-11-04,317.63726806640625,321.7055046793928,313.98508475423665,315.1593172475223,126959700
2020-11-05,323.8320617675781,325.63504398286517,322.55610859572175,322.9074612913422,82039700
2020-11-06,323.7580871582031,325.00630337123437,321.43733106964845,323.5454189031764,74973000
2020-11-09,327.826416015625,336.90600149766686,327.36411567397204,336.5269118315226,172304200
2020-11-10,327.3456115722656,328.39964160698554,324.08177251066513,326.83706430106344,85552000
2020-11-11,329.7773132324219,330.6001931058199,328.28869157206935,329.5276530081711,58649000
2020-11-12,326.57818603515625,329.82354332955566,324.7752317067129,328.7694850499286,67546200
2020-11-13,331.0994567871094,331.8391259274995,327.96504743366876,328.48282147525566,62892200
2020-11-16,335.232421875,335.42658008620566,332.4771021299016,333.762310414162,74541100
2020-11-17,333.429443359375,334.63144099542336,331.3213552496351,332.8284586496354,66111000
2020-11-18,329.4166564941406,334.2430721080145,329.379664574458,333.697561213107,70591300
2020-11-19,330.8035888671875,331.173423449706,327.44728430310664,328.7879664083773,59940900
2020-11-20,328.5382995605469,330.7481084092092,328.46434393216515,330.5446951604477,70417300
2020-11-23,330.5076904296875,331.7651617960009,328.1129784945893,330.34126910985094,63230600
2020-11-24,335.8334045410156,336.37891546594994,332.1997312419318,333.0503479254816,62415900
2020-11-25,335.3156433105469,335.77794359169803,334.2246214190069,335.75020670349176,45330900
2020-11-27,336.2495422363281,336.721069396595,335.2417026629686,336.4067085508926,28514100
2020-11-30,334.76092529296875,335.7409997721045,332.08884395768695,335.47285766997896,83872700
2020-12-01,338.42236328125,339.95720394364236,337.414551829119,338.0063098651828,74231400
2020-12-02,339.13421630859375,339.2913825881508,336.7395044630417,337.3127522431998,45927000
2020-12-03,339.04180908203125,340.42871003443537,337.94153206913154,339.03255404637883,62882000
2020-12-04,341.9634704589844,341.9634704589844,339.53176684344106,339.62423252861316,50749900
2020-12-07,341.2607421875,341.7507792477723,339.99404421377153,341.19601339057107,48944300
2020-12-08,342.2593994140625,342.8233922079248,339.9478980295718,339.99411677063375,42458900
2020-12-09,339.18963623046875,343.0729406811119,338.35750157794257,342.9157744265064,74098300
2020-12-10,339.0787658691406,340.1235407764272,336.952167699225,337.82129446332254,57735400
2020-12-11,338.68115234375,339.0879788216525,335.8703871356922,337.38671728522763,57698600
2020-12-14,337.16485595703125,341.9172883370529,336.98917958686485,340.84477647871296,69216200
2020-12-15,341.7231140136719,341.7231140136719,338.329845795208,339.6982365511047,63865300
2020-12-16,342.2593994140625,343.17474493301853,341.05740176418556,341.93578357691985,58420500
2020-12-17,344.1733093261719,344.3767225815223,343.07303238358134,343.8959404400441,64119500
2020-12-18,342.79901123046875,344.62823947679175,340.7933577976849,344.4611087749372,136542300
2020-12-21,341.5733642578125,351.4159127548199,336.15997816972384,338.8898932592316,96386700
2020-12-22,340.9976501464844,342.0097572148125,339.87412260631737,341.8983367429737,47949000
2020-12-23,341.3041687011719,343.20766834908954,340.97917335383556,341.96342554621316,46201400
2020-12-24,342.6319580078125,342.6598131310871,341.19272941054123,341.7776869993081,26457900
2020-12-28,345.575439453125,345.9654111690172,344.5540377310399,345.1761449139129,39000400
2020-12-29,344.9161071777344,347.2746111341923,344.33112134700883,347.0981859364546,53680500
2020-12-30,345.408203125,346.43889910302494,345.018231496331,345.73319837345264,49455300
2020-12-31,347.16326904296875,347.8875306310018,344.7026385411162,345.2133252792332,78520700
2021-01-04,342.43695068359375,348.6210426946345,338.7506384714175,348.4910332362678,110210800
2021-01-05,344.79547119140625,345.88187774542536,341.7498547168132,341.7962988166081,66426200
2021-01-06,346.85675048828125,350.0416701451585,342.743317442046,343.29115366008426,107997700
2021-01-07,352.01019287109375,352.7530149569909,349.04814233936133,349.22456754371,68766800
2021-01-08,354.0158386230469,354.2293850911422,350.1531015213458,353.3937031789076,71677200
2021-01-11,351.6294860839844,353.3844152987946,350.7287994312137,350.84951439553026,51034700
2021-01-12,351.70379638671875,352.7159036317569,349.4660070637659,351.8152452148604,52547700
2021-01-13,352.6508483886719,353.6443664384586,350.84947528394184,351.6294468854472,45303600
2021-01-14,351.4159240722656,353.89514316325904,351.0816626236897,353.39372265354797,49989100
2021-01-15,348.85308837890625,350.59872277357266,346.9960051899567,349.80019060400787,107160000
2021-01-19,351.5923767089844,352.1309468672761,349.82815280679114,351.3045309935299,51233300
2021-01-20,356.4579162597656,357.29359819142803,353.48657123958117,353.87654291716206,61836100
2021-01-21,356.782958984375,357.4422441883791,355.86371149800453,357.01509447785054,47840100
2021-01-22,355.52008056640625,356.68075778914084,354.55438918277406,354.9350947122526,52860500
2021-01-25,356.9222106933594,357.27503278883,351.4159360582794,356.25365943655754,70402000
2021-01-26,356.364990234375,358.2777836722093,356.1328548333093,357.8692230993864,42665300
2021-01-27,347.6553649902344,353.1430508430368,345.4268701693278,353.05019098865546,123351100
2021-01-28,350.64532470703125,354.63804402595747,349.0296706731077,349.46605821559444,94198100
2021-01-29,343.62542724609375,349.75380801800657,341.9540352154757,348.7881167338835,126765100
2021-02-01,349.3453674316406,350.3760354516339,343.9133910554013,347.01471794004243,75817600
2021-02-02,354.28521728515625,355.83589501820086,349.4289603698143,352.5209930105071,64450700
2021-02-03,354.56365966796875,356.281467508707,353.2915620518551,355.11149587959494,52427100
2021-02-04,358.5935363769531,358.63995212915546,354.67508910571235,355.59433635934124,47142600
2021-02-05,360.0049743652344,360.710675281438,358.54718510912704,360.4599791681368,48669800
2021-02-08,362.6048889160156,362.6513046740329,360.59923510850524,361.4534777465929,38365200
2021-02-09,362.36346435546875,362.95774475328056,361.3606516052226,361.76918395765694,35551100
2021-02-10,362.20556640625,364.24836966450124,359.8099410732521,364.09979957873327,59154400
2021-02-11,362.79058837890625,363.70056961850463,360.36710768462626,363.28271443963257,42913300
2021-02-12,364.5826721191406,364.82407372216704,361.91773330512245,361.9920325190132,50593300
2021-02-16,364.2669982910156,366.0033955530589,363.552031185599,365.808381339612,50972400
2021-02-17,364.3505554199219,364.6012515218009,361.5091912477151,362.5213268153556,52290600
2021-02-18,362.7997741699219,363.542596113311,360.03271000764204,361.75051763067523,59712800
2021-02-19,362.1591796875,364.34125872083973,361.71346939446187,364.05341301185115,83241000
2021-02-22,359.3735046386719,361.77842431901905,359.1042196026477,359.4013597570989,67414200
2021-02-23,359.8099060058594,361.15630279532843,353.0315629822929,357.1728509983925,107284100
2021-02-24,363.77490234375,364.2020520817897,357.7393791246607,358.7236314134408,72433900
2021-02-25,355.0094299316406,363.87702252268934,353.5702012493284,362.51206472788135,146670500
2021-02-26,353.18017578125,358.0271655270358,351.2024053803291,356.88507715052293,152701600
2021-03-01,361.7413024902344,362.9855734404292,353.37516012939244,358.03642977075657,105348800
2021-03-02,358.9185791015625,362.19633073939394,358.41715856200267,361.964195274004,79595300
2021-03-03,354.16448974609375,359.18787685432164,354.0623353944959,358.22221361056233,119940200
2021-03-04,349.78167724609375,356.5600204671109,345.30609935501286,353.97867561907805,183433000
2021-03-05,356.21649169921875,357.2657484566025,346.01182648724296,353.27300175449477,152039600
2021-03-08,354.4429626464844,359.9770636155982,354.1644114525265,357.1728776946545,123149200
2021-03-09,359.50347900390625,362.04767402813786,357.7763768194202,358.2777972390248,113633600
2021-03-10,361.7413024902344,363.431255369481,360.4320834867978,361.84345682354007,109899400
2021-03-11,365.4090270996094,367.3775310399198,363.7469294630154,364.2019341812967,86245000
2021-03-12,365.90118408203125,366.0404596864284,363.2455681020347,364.05339494438545,64653600
2021-03-15,368.0832214355469,368.3432119800072,364.0162042253978,366.151838816547,73427200
2021-03-16,367.6189270019531,369.4017110962296,366.84822156602263,368.69603871329787,73722500
2021-03-17,368.87249755859375,369.67102984650717,365.19545189698175,366.3375684287189,97959300
2021-03-18,363.50555419921875,368.37110416522074,362.8277084837041,366.2911796002453,115349100
2021-03-19,362.8329772949219,364.7799824618673,360.6623728633488,363.20560482975657,113624500
2021-03-22,365.7301940917969,367.1089472702704,363.2894509967949,363.34534370663016,73778600
2021-03-23,362.8515930175781,366.54065388487237,362.06906667782835,365.09671154896347,90686600
2021-03-24,361.0069274902344,365.8791153784516,360.96035972582666,364.2488456091014,97588600
2021-03-25,363.0379333496094,363.8297562145069,357.6347344917859,359.57244319585334,116128600
2021-03-26,368.8882141113281,369.28878794295866,363.587505033435,364.18370331754596,114409100
2021-03-29,368.701904296875,369.60554090899944,365.93510175704296,367.4163152580118,108107600
2021-03-30,367.7237854003906,368.39452632963565,366.13075792489735,367.43499693096027,76262200
2021-03-31,369.2142639160156,370.77001997622074,368.26405952663214,368.2920058783888,112734200
2021-04-01,373.2014465332031,373.25736766767085,370.93770669938243,371.14265609357545,99682900
2021-04-05,378.5581359863281,379.0984701636254,375.7820362417883,375.8565503888312,91684800
2021-04-06,378.33447265625,379.3778410378448,377.663731778131,377.9991164320186,62021000
2021-04-07,378.7723693847656,379.11705058317233,377.7103794337197,378.16684605543014,55836300
2021-04-08,380.5702819824219,380.626174688792,379.089068404298,380.0206514166771,57863100
2021-04-09,383.3370666503906,383.5047731912766,380.328071856803,380.4491821914655,61104600
2021-04-12,383.47686767578125,383.74700629608895,382.1353857837753,382.74090909191403,56704900
2021-04-13,384.6133728027344,385.2375459689583,382.992427357714,383.3743798281407,56551000
2021-04-14,383.2998046875,385.6380584899132,382.7594706720506,384.58536523914717,61659900
2021-04-15,387.4175109863281,387.6876780817127,385.3866663802353,385.4332341695902,60229800
2021-04-16,388.71234130859375,389.3178645876654,387.28702042046496,388.70301638087244,82037300
2021-04-19,386.8026123046875,388.227933315343,385.4797802188034,387.78079162080644,78498500
2021-04-20,383.9705505371094,386.6907567846418,382.4986335803177,385.5914957452918,81851800
2021-04-21,387.6036682128906,387.8086175691402,383.21589268995496,383.35565285576473,66793000
2021-04-22,384.0636291503906,388.2650766586937,383.00163954615294,387.4359827535034,97582800
2021-04-23,388.2278747558594,389.6345741269456,384.54813911119874,384.6226532391619,73209200
2021-04-26,389.03839111328125,389.60667156779255,388.2931360312582,388.8800379124394,52182400
2021-04-27,388.95452880859375,389.53213415675737,387.8179963971385,389.33648125494796,51303100
2021-04-28,388.8427734375,390.34263698563,388.3769818956655,389.2247259133634,51238900
2021-04-29,391.3207092285156,391.93555735176267,387.94838369193803,391.56292987909427,78544300
2021-04-30,388.7496032714844,389.9047856090629,387.85529148566474,389.05704160482367,85527000
2021-05-03,389.5879821777344,391.11576335825885,389.09424437535307,390.7338109557142,68128300
2021-05-04,387.1845397949219,388.09750141176715,383.5048038327527,387.60376353614816,101591200
2021-05-05,387.3056945800781,389.05707545067736,386.7467390041926,388.82417966319684,60162200
2021-05-06,390.3985290527344,390.5289359008101,385.3772825937991,387.3801805344539,74321400
2021-05-07,393.2398376464844,393.89195716185367,390.48235974282153,391.1624256128691,67733800
2021-05-10,389.34576416015625,393.8173507618117,389.2246538329622,393.5937799606252,81852400
2021-05-11,385.8709716796875,386.8584473474661,382.0049080638009,384.8369282355566,116888000
2021-05-12,377.67303466796875,384.36179320441613,376.3594993403955,383.0948540805935,134811000
2021-05-13,382.2098693847656,384.1382530041698,379.1728997288725,379.21949593633536,106394000
2021-05-14,388.0788269042969,388.9265708311616,384.9114504451291,384.9393967974584,82201600
2021-05-17,387.09136962890625,387.90187074432333,385.0791468765085,386.97028771615726,65129200
2021-05-18,383.75628662109375,387.59440386559174,383.597905008926,387.3521831986254,59810200
2021-05-19,382.75006103515625,382.9270640255615,377.59840975305565,379.07965128953055,106467100
2021-05-20,386.8677978515625,388.1254406224363,383.5047967743601,383.62587868681237,78022200
2021-05-21,386.5510559082031,389.5880256140857,386.0945893314259,388.3490042918943,76578700
2021-05-24,390.4917297363281,391.56304469550713,388.54469589363157,388.7869166152356,51376700
2021-05-25,389.6252746582031,391.9262858634761,389.0476977323679,391.57227976579446,57451400
2021-05-26,390.3985290527344,390.9015634477315,389.17815748951244,390.2122010644439,43088600
2021-05-27,390.6034240722656,391.9355808710809,390.3239321287522,391.4232216191229,56707700
2021-05-28,391.30218505859375,392.42939268320663,391.0692892765859,392.16855054454425,58520200
2021-06-01,390.95745849609375,393.7987753351119,390.5196133395258,393.65904356804924,54216600
2021-06-02,391.572265625,392.4107130596126,390.6034397848831,391.60953690489885,49097100
2021-06-03,390.1189880371094,391.2555203916502,387.79935555163786,389.2619476298755,58138800
2021-06-04,393.6869812011719,393.9850945840739,390.18422002621526,391.96354696648706,55938800
2021-06-07,393.3049621582031,393.8545926231731,392.37337931662984,393.677589608902,51555000
2021-06-08,393.3888244628906,394.2551897336642,391.5629299457471,394.1620257580678,47134300
2021-06-09,392.802001953125,394.30186550282065,392.5784311103021,394.22732293544,48436300
2021-06-10,394.6278381347656,395.5780709347275,392.7087795402519,394.0223149057569,51020100
2021-06-11,395.2799377441406,395.39172314331665,393.89188832161483,395.17747727144723,45570800
2021-06-14,396.16497802734375,396.26743850654356,394.1527554254345,395.39174825118516,42358500
2021-06-15,395.4383544921875,396.3512876197017,394.56266421460623,396.3140447697688,51508500
2021-06-16,393.23046875,395.8016468115362,391.19032822728997,395.57807599910893,80386100
2021-06-17,393.10003662109375,394.07818729216916,390.63134762723126,392.8205731235447,90949700
2021-06-18,387.7969665527344,390.51671667728624,387.5913466663332,389.82509911514796,118676300
2021-06-21,393.3486633300781,393.53560087943845,388.7409408172673,389.5540649639203,72822000
2021-06-22,395.45159912109375,396.28343417143736,392.61966911686017,393.339353041914,57700300
2021-06-23,394.9749450683594,396.3301424887815,394.8908317268986,395.5263737663793,49445400
2021-06-24,397.3115234375,397.73209014648296,396.8628904252522,397.1152589733079,45110300
2021-06-25,398.7228088378906,399.1714418641056,397.73210252899935,398.05922899461444,58129500
2021-06-28,399.526611328125,399.69483801915226,398.04990728021846,399.2462335097463,53159600
2021-06-29,399.74151611328125,400.5452847325405,399.2087698297282,399.9097427746152,35970500
2021-06-30,400.0780334472656,400.7509687229313,399.2555538300446,399.2835916114196,64827900
2021-07-01,402.2931213378906,402.4520211210759,400.7696685970019,400.83509959729395,53441000
2021-07-02,405.36810302734375,405.72326732240344,402.3772728272661,403.4521211484216,57697700
2021-07-06,404.6296691894531,405.63908633581775,401.90056347036705,405.42411100289456,68710400
2021-07-07,406.0596008300781,406.3400071225295,403.3024576849441,405.3119077621989,63549500
2021-07-08,402.7510681152344,403.5081166897468,399.57330096190816,400.75094475455643,97595200
2021-07-09,407.0503234863281,407.3494121346729,402.55475241821676,404.2557870176814,76238600
2021-07-12,408.5083923339844,408.76076088893643,406.5363351584208,406.9662573135737,52889600
2021-07-13,407.1158142089844,409.2187334442086,406.854118733952,407.72331850573784,52911300
2021-07-14,407.72332763671875,409.29352904474496,406.48028123314407,408.8075027783235,64130400
2021-07-15,406.3307800292969,407.0597909836697,404.4334804606937,406.3868556009662,55126400
2021-07-16,403.1436462402344,407.55510476141916,402.75111727654803,407.50838463044124,75874700
2021-07-19,397.19000244140625,403.20902632092094,394.38611039278754,398.3302530154178,147987000
2021-07-20,402.8819274902344,404.1530401378472,397.0591676686946,397.85360950811923,99608200
2021-07-21,406.1437683105469,406.28398573679834,402.83519609526724,404.07824240394586,64724400
2021-07-22,406.99432373046875,407.23733686784163,405.34003746820474,406.3213884076943,47878500
2021-07-23,411.1814880371094,411.51794144372303,408.23740663856285,408.9196688873081,63766600
2021-07-26,412.1907958984375,412.2001513321197,410.54586536220575,410.59258548528925,43719200
2021-07-27,410.31231689453125,411.1815167783755,407.4897133470735,411.15347899253123,67397100
2021-07-28,410.1440734863281,411.5179820776677,408.7234447581243,410.93851547172494,52472400
2021-07-29,411.84503173828125,412.91985138960683,411.05994533585215,411.0693007705477,47435300
2021-07-30,409.84490966796875,411.29357581662805,409.1532635675781,409.28412555399376,68951200
2021-08-02,408.9850158691406,412.10667876520074,408.6298516644557,411.5552501136449,58783300
2021-08-03,412.3123779296875,412.4338844991458,407.5925037276187,409.7795364098606,58053900
2021-08-04,410.2841796875,412.28427447929056,410.0505220211944,411.03187281061224,46732200
2021-08-05,412.88250732421875,412.96662067268136,411.1253968736616,411.4431679198543,38969700
2021-08-06,413.5648193359375,413.98541465155415,412.91992173075016,413.2003281153851,46930000
2021-08-09,413.22833251953125,413.8545192015544,412.46192839518204,413.53674814277605,41222600
2021-08-10,413.7423095703125,414.4526380263717,412.9946164227404,413.676878576167,43339300
2021-08-11,414.7704772949219,414.86394608441594,413.6863020866646,414.8078705152535,44034300
2021-08-12,416.0134582519531,416.1536756754447,413.7236301446858,414.6208676326382,38909400
2021-08-13,416.77056884765625,416.7892511950456,415.9761269822574,416.46212471839107,39470300
2021-08-16,417.7518310546875,417.8826645039691,413.91983997608867,415.4713301600155,73740000
2021-08-17,415.0134582519531,415.87330259419554,412.03198379117543,415.2003672937734,92673900
2021-08-18,410.4710693359375,415.5648176300806,410.22808476985836,414.0039719428465,89351900
2021-08-19,411.106689453125,412.30304425730367,407.6111793930043,407.7513683082851,92812200
2021-08-20,414.3778991699219,414.7050256555393,410.96650244315384,411.45252871527185,72008700
2021-08-23,418.02301025390625,418.92960333483194,414.45271350034966,416.06027973077454,54973000
2021-08-24,418.6865539550781,419.2193003480419,418.17251843232447,418.6865539550781,38744700
2021-08-25,419.5650634765625,420.07909894332823,418.4995708066867,418.87344589815075,40529700
2021-08-26,417.0882873535156,419.5183042507706,416.9948185830064,419.2846465858296,57829600
2021-08-27,420.8174743652344,421.1913209422029,417.8360001384459,417.89207569885787,77235100
2021-08-30,422.6680908203125,423.4531772582027,421.24743377041483,421.4904469021432,48357400
2021-08-31,422.0418395996094,422.9110393113264,421.44369077915854,422.57458594782264,59300200
2021-09-01,422.26617431640625,423.49053835442544,422.03251662178167,422.97650283531857,48721400
2021-09-02,423.5652770996094,424.3690457877398,422.3689509787344,423.6867836507604,42501000
2021-09-03,423.4624328613281,423.97649682090514,422.03244913978364,422.4343619875005,47170500
2021-09-07,421.9483337402344,423.2100907878115,421.2753985497041,423.11662202083113,51671500
2021-09-08,421.43438720703125,422.14471575872943,419.51837690907405,421.4157048587594,56181900
2021-09-09,419.6305236816406,422.9858446456514,419.38751055980504,421.23808970978325,57970400
2021-09-10,416.3218688964844,421.9763727824504,416.2003623513121,421.55580611377326,89948200
2021-09-13,417.3874206542969,419.57448188147487,415.07888137909265,419.31278639177305,83738600
2021-09-14,415.1349182128906,419.03231214319595,414.2470076652523,418.8266922544094,78197100
2021-09-15,418.6024475097656,419.0978006931455,414.45268447355176,415.55554197274927,78792200
2021-09-16,417.9388427734375,419.0510271190857,414.99473310868217,418.07903168064803,77786700
2021-09-17,413.86767578125,417.59004823430996,413.51137369740354,417.168134146106,118425000
2021-09-20,406.966796875,409.3296017705494,402.10987722418974,407.7543985068498,166445500
2021-09-21,406.58233642578125,410.59537031179264,406.05726871090457,409.30144322368784,92526100
2021-09-22,410.5484924316406,412.5831513891095,406.6948671942367,408.85139337293356,102350100
2021-09-23,415.5366516113281,417.14001100580157,412.17996661282217,412.4143728690153,76396000
2021-09-24,416.22113037109375,416.9337345501658,413.6895313452658,413.9051954031547,62094800
2021-09-27,415.0303039550781,416.3523298980062,414.33644206403306,415.1896841659372,61371100
2021-09-28,406.6667785644531,412.5925763413833,405.9354320967594,412.2644018182025,130436300
2021-09-29,407.3511657714844,409.77961092728947,406.78858508585967,408.0449990691309,82329200
2021-09-30,402.3724670410156,409.52652283633495,402.03490711070083,408.82330398006496,140506000
2021-10-01,407.154296875,408.8326537442385,400.58156466232106,404.0976586371233,129240100
2021-10-04,401.90362548828125,406.89176913571015,399.76581284989487,405.9916570765266,128570000
2021-10-05,406.08538818359375,408.3262970264828,402.6068074886927,403.4037658375677,90682500
2021-10-06,407.7730712890625,407.97934991567206,400.8721656243834,402.4942384202276,113032200
2021-10-07,411.2985534667969,414.1301704422201,410.86725401277494,411.0454050378357,72437500
2021-10-08,410.5484924316406,412.45189876084635,409.9202996692927,412.0674690550003,74557400
2021-10-11,407.5762634277344,412.79884218436496,407.5106228023292,409.89219860577384,65233300
2021-10-12,406.5729675292969,408.89828794249456,405.785365924999,408.49511604042164,71181200
2021-10-13,408.03558349609375,408.8513125536215,404.6226438533049,407.5948986632403,72974000
2021-10-14,414.8990783691406,415.04910180856405,411.2235756383798,411.6923881563111,70236800
2021-10-15,418.0588684082031,418.42455590539737,416.38989699593026,417.0087329506892,66260200
2021-10-18,419.2965393066406,419.6340705825797,415.6210366001597,416.2773855665458,62213200
2021-10-19,422.5312805175781,422.596892511088,420.3090855642555,420.9185646143034,46996800
2021-10-20,424.19091796875,424.4909648278342,422.878248727811,422.99075914645675,49571600
2021-10-21,425.2973937988281,425.52241468121287,423.15960957402535,423.5909091366126,41305400
2021-10-22,424.8565979003906,426.3099336904653,422.91570745443045,424.8659833060559,58845100
2021-10-25,427.13507080078125,427.46324528395957,424.1722008875209,425.9442973142117,45214500
2021-10-26,427.51953125,429.8917216010357,427.1444869339798,428.68220582792407,56075100
2021-10-27,425.62548828125,428.6446418796485,425.55046225853243,427.9789361517596,72438000
2021-10-28,429.7323303222656,429.80732773792477,427.0413509410185,427.05070773419686,51437900
2021-10-29,430.60430908203125,430.89497056169455,427.14447031928165,427.435131798945,70162400
2021-11-01,431.3450012207031,431.96383713747196,429.61977470154915,431.5887642564896,48433600
2021-11-02,433.0889587402344,433.3983909976397,431.3824744636354,431.5137556913935,48908400
2021-11-03,435.73309326171875,436.1362651463071,432.08571825925554,432.5264031559585,52509800
2021-11-04,437.7865295410156,437.8709123645309,435.9862767972165,436.3331934985726,52847100
2021-11-05,439.3053894042969,441.29314959663833,437.7958270632598,440.00860807313694,66390600
2021-11-08,439.6805114746094,440.8994412181432,438.9960634954237,440.40250108208477,50405200
2021-11-09,438.22723388671875,440.28063519202976,436.8207962043988,440.0462289116431,51149100
2021-11-10,434.7016906738281,438.2271697715408,433.220255788708,436.53942763125457,69429700
2021-11-11,434.8423767089844,436.26758515556486,434.8236345082835,436.1925591246675,34848500
2021-11-12,438.1239929199219,438.67718819768925,435.161094692695,436.1081050332003,53466700
2021-11-15,438.2740478515625,439.56797493267015,437.14891501750157,439.40859470618256,46980500
2021-11-16,440.0086669921875,441.1431852512349,437.9365237158013,438.01152112700873,48857500
2021-11-17,438.9397888183594,439.9242836397509,438.3209528739824,439.7461325975495,47858300
2021-11-18,440.43060302734375,440.69313688366196,437.25204053194824,439.97114731825366,50625600
2021-11-19,439.64300537109375,441.5651251990252,439.27731788187225,440.31806790988196,57315600
2021-11-22,438.4053039550781,444.00292604113224,438.1990253218852,441.518225650883,72762000
2021-11-23,438.98663330078125,439.83987544998917,435.4799250989726,438.07713594296996,73206500
2021-11-24,440.1586608886719,440.28055671099236,436.17375483241744,436.9894839645097,61858800
2021-11-26,430.34173583984375,434.96422009835896,429.21657442443677,433.50152742675596,112669600
2021-11-29,435.62060546875,437.4583425612124,432.9296261441328,435.1236653350825,86268800
2021-11-30,427.14434814453125,435.0860312808678,426.90055654201063,433.1826540968221,148559600
2021-12-01,422.4000244140625,435.68618205628803,422.2031311937479,432.8451797070104,131939200
2021-12-02,428.8695983886719,430.4354444700302,422.2218416711752,422.6156566962603,127637800
2021-12-03,425.137939453125,431.5887754076615,420.91862695944747,430.5292831950463,137331600
2021-12-06,430.17303466796875,432.04828489860165,425.26924501380654,427.6789484275413,98977500
2021-12-07,439.071044921875,439.63362565886325,430.0417113660508,435.442440658666,95484700
2021-12-08,440.23370361328125,440.68377393878586,437.71148993714627,439.4648728181905,72238800
2021-12-09,437.2613830566406,440.3367916207848,437.0644898372222,438.9490964511675,61272600
2021-12-10,441.3775939941406,441.52761743144606,437.41145846142433,439.9617996675269,77159800
2021-12-13,437.46771240234375,441.2088270752524,437.18640772794674,440.86191039613635,87724700
2021-12-14,434.4578552246094,436.6894070406909,431.54185555192583,434.20470680540546,97264100
2021-12-15,441.2463073730469,441.49007040259744,432.00131048296834,434.51416709666717,116899300
2021-12-16,437.35516357421875,443.37469964954175,435.8080595359977,443.09342361388826,116568600
2021-12-17,432.700439453125,437.2827106378424,430.99737826772844,434.28117656754216,135511600
2021-12-20,428.0993347167969,428.4945046145701,424.4862092214544,427.62887521925904,107134800
2021-12-21,435.7019348144531,435.8430669166713,429.350731783521,431.5148339230484,69806300
2021-12-22,440.0584411621094,440.17134685592566,435.25032979357655,435.44794347232624,58890200
2021-12-23,442.7965393066406,444.2925972471357,440.9523458894644,441.0558332086626,56439700
2021-12-27,449.06304931640625,449.11008378457836,444.12322414632985,444.17025861450196,56808600
2021-12-28,448.69610595703125,450.5214913868531,447.93396375035627,449.4958929694086,47274600
2021-12-29,449.2701110839844,450.28629118812887,447.8022794254561,448.79965148280036,54503000
2021-12-30,448.0280456542969,450.70025247373695,447.56700448030426,449.6934621372565,55329000
2021-12-31,446.8988952636719,448.68663568101795,446.6260494189647,447.53874202831184,65237400
2022-01-03,449.4864501953125,449.61819265083415,445.8545162929149,448.15975083339737,72668200
2022-01-04,449.3359069824219,451.6223622300133,447.4822951975026,450.9072545217483,71178700
2022-01-05,440.70770263671875,449.7405319442751,440.61360498167255,448.9689713732978,104538900
2022-01-06,440.293701171875,443.0035528678846,437.9319849605687,440.2466667010779,86858900
2022-01-07,438.5530090332031,441.4792825603523,437.1980831419466,440.30313360714865,85111600
2022-01-10,438.0072326660156,438.22362566846715,429.62364055153137,435.36325245373706,119362000
2022-01-11,441.9966735839844,442.09077122122125,434.75158623525874,437.74373029781276,74303100
2022-01-12,443.1917419433594,445.24296757937765,441.2346426828555,443.7280727675989,67605400
2022-01-13,437.0850830078125,444.94176206075105,436.0594847879406,444.29252568167936,91173100
2022-01-14,437.263916015625,437.6120514809011,432.7286791584299,433.94247281173614,95890900
2022-01-18,429.5201721191406,432.7851627070061,428.4098944174529,432.5781593461344,109709100
2022-01-19,425.0602111816406,432.45582165960354,424.7873365975809,431.0632797435182,109357600
2022-01-20,420.3555908203125,431.6372011815895,418.2385229314581,426.94202425230395,122379700
2022-01-21,412.1037292480469,421.58818048554997,412.0755028255823,419.2358828982697,202271200
2022-01-24,413.8537902832031,414.3618945596718,395.9010692318445,406.5052155318438,251783900
2022-01-25,408.8011169433594,413.7409421509055,401.9135823339121,407.47441758472695,167997300
2022-01-26,407.77557373046875,417.80577600170864,403.52260050405795,414.6819173184066,186391100
2022-01-27,405.7619323730469,415.50045053402,404.0777079047049,412.3672026513168,149878300
2022-01-28,415.8392028808594,415.886237349482,402.54401155859085,407.11686454826264,164457400
2022-01-31,423.32891845703125,423.677053931945,413.82562974282484,415.17113717300543,152251400
2022-02-01,426.1893310546875,426.82914917104256,420.5343978995624,424.0534262540882,123155400
2022-02-02,430.32940673828125,431.0539041932423,426.2834369036978,428.5887004556451,117361000
2022-02-03,420.2144775390625,426.20812763649417,419.37704575360794,424.3074813838875,118024400
2022-02-04,422.1904296875,426.0293671450485,417.6081293545503,419.97926396514714,118454400
2022-02-07,420.83544921875,424.3450587788941,419.5087499574974,422.95251700944823,84472900
2022-02-08,424.2979736328125,425.2200844976408,418.9159163436349,420.3367130799007,81012000
2022-02-09,430.5081481933594,430.8280572528607,428.1276239352286,428.3252089130967,92589900
2022-02-10,422.7738037109375,430.66810052892527,420.7790596867854,424.6744500762086,140103700
2022-02-11,414.4372253417969,424.92846773085336,413.00703862428105,422.85846290665194,153214600
2022-02-14,413.082275390625,415.5098626456239,409.6197001412661,413.9291255162954,123006300
2022-02-15,419.7440185546875,419.9133771021189,416.99652213320917,417.5140448697904,88482700
2022-02-16,420.2144775390625,421.588211390658,415.82979106919817,417.70221089727113,84863600
2022-02-17,411.23809814453125,420.186247943638,410.63592485416507,417.0341632264874,102259100
2022-02-18,408.5752868652344,412.74355133918664,406.30766852315804,411.49211293034836,132642900
2022-02-22,404.1906433105469,409.7702869392554,400.6998126141375,406.37358261467153,124391800
2022-02-23,397.0207824707031,407.66257403498787,396.4562253293039,407.09801689358864,132578000
2022-02-24,402.99566650390625,403.42850999389174,386.3790593344902,386.73658449661104,213942900
2022-02-25,411.8873291015625,411.97200837339045,402.58162557598797,404.22823397331,121804500
2022-02-28,410.8334655761719,412.31071529051957,405.2538228246702,406.5052324542038,145615000
2022-03-01,404.5763854980469,411.34159579885494,401.8759236906789,409.3374336179091,137785900
2022-03-02,412.01904296875,413.74091213892484,406.0724278778105,406.825151607102,117726500
2022-03-03,409.9678649902344,415.0488225356622,408.1707060110163,414.44664922565886,105501700
2022-03-04,406.6369934082031,407.76607902539786,402.600442693899,406.2417947777143,113978200
2022-03-07,394.649658203125,406.7592814126414,394.5837869801388,406.05359214668294,137896600
2022-03-08,391.6576232910156,401.97008984857894,390.5943799836052,394.82851645161617,164772700
2022-03-09,402.1582336425781,404.134169484024,397.8394184443937,400.02235763522094,116990800
2022-03-10,400.34228515625,401.23614110856755,395.60004466085365,397.55714383339716,93972700
2022-03-11,395.2519226074219,403.4379021571393,394.7438182155745,402.8263104395944,95636300
2022-03-14,392.36322021484375,399.4671471285895,391.2247162730047,396.02340888185535,95729200
2022-03-15,400.99151611328125,401.62191584683524,393.6993928949382,394.969610741959,106219100
2022-03-16,409.8832092285156,409.9396620822366,399.7024567937387,404.49176069614015,144954800
2022-03-17,415.0111999511719,415.0111999511719,407.5967527483876,407.9731146505722,102676900
2022-03-18,419.5567321777344,419.87763507524926,412.66669551110175,413.4028912886427,106345500
2022-03-21,419.4340515136719,421.3877829881189,415.9323761926658,419.3868421211315,88349800
2022-03-22,424.34197998046875,425.27637447242336,420.8214384644653,420.8214384644653,74650400
2022-03-23,418.87713623046875,423.303758234989,418.79219389310117,421.8125003060186,79426100
2022-03-24,425.1914367675781,425.200884406194,419.7832397355188,420.8969665486931,64736900
2022-03-25,427.26788330078125,427.54160557531713,423.24710673053914,425.8238060374059,77101300
2022-03-28,430.3070373535156,430.3070373535156,424.7855555376232,426.6732396590378,68529800
2022-03-29,435.6303405761719,436.12115693733773,431.5057549157547,434.18626321308204,86581500
2022-03-30,432.9403991699219,435.30000450918726,430.83562083793777,434.4882852945164,79666900
2022-03-31,426.27685546875,432.9970065427643,425.8238008960685,432.1758685328461,121699900
2022-04-01,427.4850158691406,427.99466991123313,423.91729355560483,427.8530993439852,89048800
2022-04-04,431.1470642089844,431.25090181901925,426.86204176947047,427.68317979634264,59601000
2022-04-05,425.7011413574219,432.11925672118474,424.5591003737765,429.65584243367965,74214500
2022-04-06,421.4443664550781,423.71902938512,418.5656595556562,421.793612229182,106898000
2022-04-07,423.568115234375,425.38030519520004,418.62239060537553,420.5667035154226,78097200
2022-04-08,422.4354248046875,425.32357938924946,420.89695753959705,422.8129558921499,79272700
2022-04-11,415.2150573730469,420.0097628914947,414.7148221783834,419.16972953989875,89770500
2022-04-12,413.6765441894531,420.7175978859881,412.1286293865626,418.19752691427806,84363600
2022-04-13,418.4146728515625,419.16973507105604,413.25185499529334,413.4311873130841,74070400
2022-04-14,413.2046813964844,419.7549485147844,413.1008437773758,418.64119283709516,97869500
2022-04-18,413.3746032714844,415.0546413726437,411.1471205194664,412.27974277354747,66002500
2022-04-19,420.04754638671875,420.76484688177004,413.1008527235854,413.27073740895713,77821000
2022-04-20,419.73602294921875,422.4354264021452,418.57511557097627,421.82193478222695,65224400
2022-04-21,413.4595642089844,424.7384914494255,412.5534836472507,423.35104208749806,85417300
2022-04-22,402.1144714355469,413.478308876768,401.54816044987837,412.374029818299,132471800
2022-04-25,404.4458312988281,404.61571598232445,395.31886452951045,399.87763849644267,119647700
2022-04-26,392.73272705078125,402.1145203899857,392.70441293823944,401.9162927984164,103996300
2022-04-27,393.8370056152344,399.169736833569,391.70394193167726,393.80869150273776,122030000
2022-04-28,403.7851257324219,405.51237307337215,394.1485050200903,398.5751272035263,105449100
2022-04-29,388.8629150390625,401.9539993420894,388.117271772839,399.8020406731504,145491100
2022-05-02,391.20367431640625,392.5628092111438,382.2749075321882,388.92901145512707,158312500
2022-05-03,392.9970397949219,395.4038260055901,390.14661777180356,391.7039805238848,100028200
2022-05-04,404.9649353027344,405.53124638806986,390.4769516548114,393.65769528593023,144247900
2022-05-05,390.5713195800781,401.1329155913623,386.4467339742489,400.7081751004019,172929100
2022-05-06,388.2400207519531,391.50570647733946,382.9450801949944,388.01350785652954,151770800
2022-05-09,375.8096618652344,383.5869123846669,374.23343271582064,382.3504814055953,155586100
2022-05-10,376.677978515625,383.2754262479383,372.6477827083813,381.7747206128694,132497200
2022-05-11,370.6939697265625,381.34995466803645,369.9483264327751,375.71521640762944,142361000
2022-05-12,370.3070373535156,373.5727232304534,363.5208097766853,367.5038249274551,125090800
2022-05-13,379.1603088378906,380.53831045425517,373.3934177273955,374.43164996045624,104174400
2022-05-16,377.621826171875,381.2839385536254,375.27166828724563,377.5180173546355,78622400
2022-05-17,385.3896789550781,385.6256395203469,379.9720047899369,383.7001932426954,83029700
2022-05-18,369.85400390625,381.12348248197793,368.6175728842904,380.84034133335325,117674500
2022-05-19,367.5887451171875,372.0059481432004,365.3707103676318,366.7959211904098,98510700
2022-05-20,367.7492370605469,374.7336635050742,359.1697150107811,371.1659411793916,131432200
2022-05-23,374.6298522949219,375.3943621595535,368.45711634736125,370.7695124155736,76414900
2022-05-24,371.7700500488281,372.9592717368289,365.22920114781124,370.51472368444104,91448800
2022-05-25,375.0545349121094,377.0177426324369,369.88229858000193,370.2786961363731,91472900
2022-05-26,382.5486755371094,384.18153289436907,376.073931942696,376.2815783765453,82168300
2022-05-27,391.9399108886719,392.0531673410909,384.80446634850006,385.0026651402334,84768700
2022-05-31,389.7408142089844,393.07257654836985,387.00367715799683,390.32599185668306,95937000
2022-06-01,386.5882873535156,392.86483164009155,384.0776638781302,391.8549424707136,86585800
2022-06-02,393.9502868652344,393.9974674509903,384.1815149003103,386.4278638148007,79609600
2022-06-03,387.4849853515625,390.78843305581245,386.5128290364629,389.2405180200075,71874300
2022-06-06,388.664794921875,393.21409252066996,387.49441098526677,391.48687393580764,57508900
2022-06-07,392.3928527832031,392.8459072997686,384.71941293126656,385.1819150847723,59272400
2022-06-08,388.12677001953125,392.4684496696644,387.333946070098,390.6845741806073,64350000
2022-06-09,378.89599609375,388.6175587452947,378.89599609375,386.3523433395128,86289800
2022-06-10,367.9096984863281,373.55388552538324,367.86251789521714,372.7044332589276,132893900
2022-06-13,353.9407653808594,360.3683273758739,352.3362223896235,358.5184050405398,170004900
2022-06-14,352.874267578125,356.7157121238985,349.7784664118968,355.6869276147928,104011800
2022-06-15,357.9049377441406,362.3409783554577,351.22251951050276,356.1682429235863,125666800
2022-06-16,346.0597839355469,350.10887558930665,343.6341022387322,349.7030303010159,134473300
2022-06-17,346.8057861328125,350.1424810150499,343.3079900767023,346.47403747740344,111113900
2022-06-21,355.53607177734375,356.9200257502837,352.44584583713896,352.52169557516805,76811900
2022-06-22,354.8914794921875,358.99595685720385,350.90071887328156,351.3178056312109,90059400
2022-06-23,358.37030029296875,359.10018760142196,353.4695746409906,357.0242713419827,79292100
2022-06-24,369.76434326171875,369.7738317116263,361.5079743602973,361.53641078181903,98050300
2022-06-27,368.3519592285156,370.9776852889989,367.2618578134948,370.683832618729,66009600
2022-06-28,360.825439453125,372.68391795995,360.7116937770823,369.9065216331798,86548900
2022-06-29,360.5316467285156,362.3611241546952,358.71165775298255,361.3753088463661,65676000
2022-06-30,357.6025695800781,360.834977987892,353.156825579061,356.64516179349505,112508300
2022-07-01,361.384765625,361.8208293565842,354.33224330989844,356.94850998659183,74839700
2022-07-05,362.0671691894531,362.08614608538556,353.4790245086268,356.30383382402914,81438000
2022-07-06,363.2900390625,365.7735827766986,359.83013971421116,362.2093972721212,70426200
2022-07-07,368.7311096191406,369.52735833895935,363.3090102076316,365.06266665246835,64525900
2022-07-08,368.4277648925781,370.29516685698064,365.5745188691098,367.1006548819058,72397800
2022-07-11,364.21905517578125,366.72154716840924,363.52706364959664,365.7546798643806,58366900
2022-07-12,360.99615478515625,366.0485817006183,359.25198645225834,363.66929460188067,62219200
2022-07-13,359.1002502441406,362.02934629353234,355.14744302288534,355.56452982281553,84224600
2022-07-14,358.2281494140625,359.30876226262916,351.71594911911046,354.15207948496095,89704800
2022-07-15,365.07220458984375,365.1859502897795,360.72125799807424,362.6265563284071,79060400
2022-07-18,362.0577087402344,368.82583601407083,360.83488501172883,368.15282155868346,63203600
2022-07-19,371.8402099609375,372.40896719895636,365.3185509399986,365.9725884962962,78506000
2022-07-20,374.2101135253906,375.62253303614597,370.6649043931411,372.02991057920354,71843800
2022-07-21,378.0207214355469,378.068105826219,371.2336162126565,373.6318507302927,64903900
2022-07-22,374.5134582519531,379.3383643459128,372.29533041038957,378.1440056178114,72197300
2022-07-25,374.96844482421875,375.8215664094441,372.73134023128426,375.13906335562353,53631500
2022-07-26,370.5321960449219,373.5370840827539,369.64114957187473,373.328540675696,52946400
2022-07-27,380.153564453125,381.8977324950311,373.5275888700464,373.82144153900765,82342100
2022-07-28,384.9215087890625,385.61347120527086,377.41397692695415,380.95921396681945,73966600
2022-07-29,390.5332336425781,391.5190777399874,385.5850941133151,386.35290637404563,87003700
2022-08-01,389.37677001953125,391.8792906615118,387.13020608259814,387.8411455020427,69997500
2022-08-02,386.8080139160156,391.4907383794108,385.63260303844,387.81280623295083,63435400
2022-08-03,392.8651123046875,394.03103437189844,388.64686041910363,388.93122459935086,67820600
2022-08-04,392.5997314453125,393.4718009620609,390.9598207163616,392.78929793981433,45656600
2022-08-05,391.9361877441406,392.5807659148732,388.26774474140564,388.3246175842232,56814900
2022-08-08,391.4811706542969,395.87004150956847,390.3815808280443,393.62347746477167,53886100
2022-08-09,389.9266357421875,391.2537170647009,388.8554822335221,390.75132095945645,44931800
2022-08-10,398.1165466308594,398.25875764308745,395.01686148617915,396.9695725820738,68665700
2022-08-11,398.1165466308594,402.81824634961964,397.3771708656973,400.9603040242822,59489700
2022-08-12,404.85638427734375,404.9606415265143,399.1025065374671,400.05042594390983,61694500
2022-08-15,406.524658203125,407.04603117644456,402.59079888321116,402.64767172710765,54048300
2022-08-16,407.3209228515625,409.2451978170758,404.64778356108576,405.4535207281274,59289000
2022-08-17,404.4298095703125,407.13138566830423,402.4297135053033,403.7283584655346,63563400
2022-08-18,405.60516357421875,406.2876376325339,403.3396227828059,404.62877901944364,49023200
2022-08-19,400.1546325683594,403.1121358999802,399.2825341593999,402.8467196760706,68016900
2022-08-22,391.8224182128906,395.5003494416631,390.92188337608326,395.329701995395,77695600
2022-08-23,390.87451171875,393.7846307828097,390.3247023494631,391.39585573923233,49105200
2022-08-24,392.1257629394531,393.49074002484474,389.9645082393007,390.64698231789686,49177800
2022-08-25,397.6617431640625,397.70912757069436,392.524006429605,393.6141081360208,50942300
2022-08-26,384.201171875,398.0881839321778,384.1442990308555,397.547891912805,103087000
2022-08-29,381.6607360839844,384.70354880710715,380.3052184856568,381.25313774516417,65370800
2022-08-30,377.47088623046875,383.0541440516301,375.37599295553645,382.81716425809753,85652400
2022-08-31,374.5987548828125,380.3431437236325,374.4660612189248,379.10137171228644,76029700
2022-09-01,375.774169921875,376.1154069737023,369.7264403478649,372.4280160542996,78740100
2022-09-02,371.81182861328125,380.6464427581479,370.00129941700374,379.43310730382876,99632100
2022-09-06,370.408935546875,373.5939303427136,368.19080797230174,372.6554995418325,76637400
2022-09-07,377.0633850097656,377.8311974242417,369.87816854830936,370.0961715004415,70964200
2022-09-08,379.52801513671875,379.98299798398256,373.5940297925218,374.79790607505805,80821700
2022-09-09,385.42401123046875,386.28662130528346,381.49961125899546,381.7650275183075,76706900
2022-09-12,389.5663757324219,390.2868036201907,387.1870891554379,387.49043025851944,69256300
2022-09-13,372.6271057128906,382.1062993004574,371.5085678123265,380.9024232007864,122947100
2022-09-14,374.0489501953125,375.5656268148488,370.7501807174359,373.9257160615463,85023700
2022-09-15,369.8022766113281,375.33812191068284,368.53206820723454,372.49436398050875,87633800
2022-09-16,366.9810485839844,367.6378019325583,363.69728184111455,365.6294902775206,103084800
2022-09-19,369.8270263671875,369.8270263671875,363.763980617156,363.84014194343365,73278500
2022-09-20,365.5819091796875,367.51408871168167,362.83118428153335,366.5051690967704,77274900
2022-09-21,359.2048034667969,370.5504007332188,359.19527603958755,367.504586823731,106746600
2022-09-22,356.1875,360.0708846733697,355.44508694272207,358.4337649769324,89472600
2022-09-23,350.21966552734375,352.7609904104437,345.78421269474035,352.7229097506912,122346900
2022-09-26,346.755126953125,352.37082003404043,345.5368069998178,348.75394084213934,92581200
2022-09-27,345.8699035644531,352.5516221250691,343.48084301099055,350.28630194167937,108294100
2022-09-28,352.67535400390625,354.3600529595543,345.127482081543,346.8217084645166,110802200
2022-09-29,345.3083190917969,349.42013004160674,342.3672197883283,349.13459770031216,112952300
2022-09-30,339.9686279296875,348.2779675279083,339.8353891876637,344.36600021604005,153711200
2022-10-03,348.9442443847656,350.7907644280534,341.90083208876825,343.6807182327434,89756500
2022-10-04,359.7568359375,359.78538917158465,348.9061712798272,354.45522944852485,103602800
2022-10-05,358.9192199707031,361.17501250579096,353.07510228982494,355.397528717206,88065700
2022-10-06,355.2166748046875,360.4706728707626,354.7217133827097,357.52004633285617,82333500
2022-10-07,345.3083190917969,355.30235769557754,343.547458861724,351.19051769873397,107789500
2022-10-10,342.6717224121094,346.65982139917173,340.43498499131846,346.4218681376383,76042800
2022-10-11,340.5016174316406,345.5367169870272,338.5694379532379,340.9775239932869,92482800
2022-10-12,339.3784484863281,342.4813682302242,339.1309678057882,340.91088255478394,76991800
2022-10-13,348.3350524902344,349.8008528442018,331.3356548770357,332.38265512986965,147254500
2022-10-14,340.3969421386719,352.4183468938871,339.7592145462475,350.7907254903841,123737000
2022-10-17,349.1441345214844,350.24824134925336,340.06382821256403,346.46954168027236,93168200
2022-10-18,353.2464294433594,357.35826934412756,349.81036876588746,357.0536821558411,97162900
2022-10-19,350.7431945800781,353.9317748856679,347.9353337780581,351.2095737934234,79746900
2022-10-20,347.8020935058594,354.71226720130164,347.04062545500517,350.2958396474553,88283100
2022-10-21,356.25421142578125,356.7396164612049,346.02221835785116,347.5260706048134,131038400
2022-10-24,360.61346435546875,361.74612439325887,355.13101099924324,357.77707959447656,85436900
2022-10-25,366.3719177246094,366.68600327248134,360.4230857441992,360.53729867069814,78846300
2022-10-26,363.6116638183594,368.9037428227225,362.97396524839513,363.23094435236135,104087300
2022-10-27,361.6700134277344,366.44810554176166,361.0513115703601,364.6111129190357,81971800
2022-10-28,370.2743835449219,370.75029017440346,361.3844511918501,361.5652980348159,100302000
2022-10-31,367.5997314453125,369.6842044707059,366.69552642305183,367.81865891657014,96631300
2022-11-01,365.99127197265625,371.5784409364616,364.8205601003969,371.3404875904526,85407600
2022-11-02,356.80621337890625,369.90317244332704,356.7015278683844,365.4010855031739,126990400
2022-11-03,353.1322326660156,356.1685191668986,351.01920615203176,353.5700586148132,87100100
2022-11-04,358.2149353027344,360.61349432188257,352.170915138916,358.8336081280306,103505200
2022-11-07,361.6414489746094,362.23156853069116,357.43442171013305,359.50936758378657,68286900
2022-11-08,363.5926513671875,366.5623039769019,359.5188919325988,362.74552365571884,84641100
2022-11-09,356.101806640625,362.7740251463003,355.60684528454624,361.62231048852317,78495500
2022-11-10,375.6711120605469,376.00425245255667,367.0572151863192,369.3510591794325,141455800
2022-11-11,379.3070373535156,380.1065568499029,374.6431300540452,376.5277303971915,93839900
2022-11-14,376.0803527832031,380.89652430181656,375.8043188764604,377.54615295535484,71903500
2022-11-15,379.28802490234375,382.9239582221826,375.4807721813481,381.8198514474499,93194500
2022-11-16,376.39459228515625,378.6123045593404,375.76639200285024,377.6604912310654,68508500
2022-11-17,375.2428283691406,375.9186366580597,371.3404174691277,371.6449756187588,74496300
2022-11-18,376.9466247558594,378.6408512891868,374.1007122482851,378.5742173860638,92922500
2022-11-21,375.5759582519531,376.7466989172969,373.73896579052973,375.6235663390515,51243200
2022-11-22,380.6300964355469,380.7919174617573,376.1089836932025,377.5176776993283,60429000
2022-11-23,383.0286560058594,383.51406095455076,380.06850204043604,380.29692789864373,68261600
2022-11-25,382.9429626464844,383.4950305265415,382.191051189936,382.4670560829331,30545400
2022-11-28,376.83233642578125,381.4962149118125,376.0708685003482,379.8590951809206,67881600
2022-11-29,376.18511962890625,378.1553507626501,374.34809818392904,376.96558433179973,52310000
2022-11-30,388.0351867675781,388.0351867675781,374.51945716113363,376.4325818837763,144566700
2022-12-01,387.7496032714844,390.24334880412266,385.2463303133382,389.07260830077985,76398200
2022-12-02,387.3023681640625,388.2065734053355,382.76222900679136,382.86691453120744,85342700
2022-12-05,380.33502197265625,385.4177008262784,378.98346353454565,384.48494250767516,77289800
2022-12-06,374.8525085449219,380.7156802284318,372.76806475628393,380.1731688832667,77972200
2022-12-07,374.21490478515625,376.57541212687585,373.0822446819997,374.005504706076,65927900
2022-12-08,377.1463928222656,378.2124187884382,374.3195069079909,376.0994217071505,60737900
2022-12-09,374.32904052734375,378.45990573812827,374.2053001815389,375.90905369871786,81447700
2022-12-12,379.72589111328125,379.72589111328125,374.45283780553007,375.11908962319546,75405800
2022-12-13,382.6003112792969,390.70974839855415,379.84005911089247,390.45276931962,123782500
2022-12-14,380.1541748046875,385.9602409589763,377.21307559103866,382.257673780074,108111300
2022-12-15,370.8550109863281,376.20419694431035,369.19886518287717,375.2999627142446,117705900
2022-12-16,366.47650146484375,369.6414670502064,364.3442305750056,368.3028157600909,119858000
2022-12-19,363.3690185546875,367.0025351167428,361.70526779936387,366.6678648941245,79878100
2022-12-20,363.8662109375,365.4821639806004,361.29407404311723,362.6136124267533,74427200
2022-12-21,369.3069152832031,370.43520527298585,365.9220161334383,366.45747677877307,78167400
2022-12-22,364.038330078125,369.28777027212345,358.34902428686854,366.2662256920997,100120900
2022-12-23,366.13238525390625,366.2758070046261,361.4662030943732,363.01521636298173,59857300
2022-12-27,364.6885681152344,366.36189009849295,363.01524613197586,366.0176778685383,51638200
2022-12-28,360.15625,366.59137848650926,359.9267751898031,364.6216127041186,70911500
2022-12-29,366.6391906738281,367.5093216045126,362.4702133125497,362.9961320141737,66970900
2022-12-30,365.6734313964844,365.8168531569802,361.84869548769285,363.961883087202,84022200
2023-01-03,364.13397216796875,369.49815002254616,361.274962367188,367.52841345608357,74850700
2023-01-04,366.9451599121094,368.9722652057651,363.34989894273167,366.3905568832152,85934100
2023-01-05,362.757080078125,365.10928447945327,362.1642506841692,364.9945470716449,76970500
2023-01-06,371.07586669921875,372.1946147969525,362.7857679206914,365.845539153224,104189600
2023-01-09,370.8654479980469,376.4495872696216,370.68379991549534,373.2654787600865,73978100
2023-01-10,373.46630859375,373.5332484725184,369.34515816722075,370.2822289287242,65358100
2023-01-11,378.1898498535156,378.26636090740493,374.2312636370513,375.0440257972263,68881100
2023-01-12,379.5668029785156,381.02976337180365,375.2257485082276,379.2895306207411,90157700
2023-01-13,381.0392761230469,381.61299228704434,376.10536380133436,376.3730941204777,63903900
2023-01-17,380.3412170410156,382.69345018295724,379.66233471813666,381.0201285443082,62677300
2023-01-18,374.33642578125,382.58829750949707,374.1356353327088,381.526947386791,99632300
2023-01-19,371.61126708984375,373.94432859689834,370.29172884426185,372.2996913775432,86958900
2023-01-20,378.5340881347656,378.68708106087394,371.36270886328373,373.00734634342695,91806400
2023-01-23,383.075927734375,385.0074085420892,378.38106168560785,379.337245503758,84178800
2023-01-24,382.664794921875,383.57315208650715,380.21696655885887,381.4026252152029,59524900
2023-01-25,382.8082275390625,383.1428977378186,376.31573073269413,378.6010242444025,84800300
2023-01-26,387.01544189453125,387.17800600043023,382.5022526217131,385.46642861189923,72287400
2023-01-27,387.9046630859375,390.2760095744735,385.762820567528,385.97318218490153,68346200
2023-01-30,383.0377502441406,387.37883383343035,382.7413355345612,385.1509087422322,74202000
2023-01-31,388.6695861816406,388.7173836975877,383.2097558893338,383.553997217556,86811800
2023-02-01,392.8003234863281,395.5445957142965,384.7205872650518,387.4552591361378,101459200
2023-02-02,398.5183410644531,399.9813013244029,394.78922953717114,396.68245506156615,101654500
2023-02-03,394.282470703125,398.70003602985804,393.0776695484089,393.5557615392747,94736800
2023-02-06,391.87286376953125,393.2689133762878,390.2186841761235,391.834637420615,60295300
2023-02-07,396.99798583984375,398.241013206568,389.7118693730586,390.9548967397829,90990700
2023-02-08,392.65692138671875,396.3669196696717,391.9684677962696,395.02826801613645,76227500
2023-02-09,389.2528991699219,396.40516522520073,388.028984948847,396.25217230001425,78694900
2023-02-10,390.161376953125,390.54384476548904,387.2641402333424,388.0768733919572,70769700
2023-02-13,394.7414245605469,394.8753043260224,390.352543539111,390.8115223602018,64913500
2023-02-14,394.5597229003906,396.864100329501,390.6106788806823,393.22104214899304,88389300
2023-02-15,395.8409729003906,395.9174547636312,391.5285747023186,392.3700211000315,61555700
2023-02-16,390.3907470703125,394.8178830322616,390.25689650308516,390.87841017898984,76431500
2023-02-17,389.4154357910156,389.65448174842203,386.34606468801917,388.26800352329917,89257800
2023-02-21,381.6034240722656,386.4512833840668,381.3452649276504,385.39947527197734,82655900
2023-02-22,381.0774841308594,383.5539965692342,379.624066139242,382.0145255408099,83742300
2023-02-23,383.1046447753906,384.577176151522,378.88787027584414,383.965204449082,96242400
2023-02-24,379.0121765136719,379.84405183245593,376.3922419822525,378.0942481460913,108194400
2023-02-27,380.3030090332031,383.707021167783,379.3659383654355,382.3492272761536,80444700
2023-02-28,378.8974609375,381.78512595829335,378.79226552930106,379.82496053517093,96438600
2023-03-01,377.44403076171875,379.30860107550785,376.1436346387775,378.0846868266854,99706800
2023-03-02,380.3794860839844,381.22093252105213,375.13958820432623,375.47425838003477,85127800
2023-03-03,386.48004150390625,386.7286586997874,381.5461282021258,382.1963263662835,90120000
2023-03-06,386.7476806640625,389.5971190249731,386.3078442662089,387.30225445436355,72795900
2023-03-07,380.81939697265625,386.9389980101572,380.2074543771584,386.69995200651795,108310600
2023-03-08,381.44091796875,382.1962822868647,379.21299300204765,380.93414163742426,74746600
2023-03-09,374.40338134765625,383.88873887527785,373.41851305631604,382.2249589763906,111945300
2023-03-10,369.0008850097656,375.9332173953836,367.4805563054659,373.85828575920306,189253000
2023-03-13,368.4750061035156,373.2846390345943,363.9713881978472,365.0805650006383,157790000
2023-03-14,374.5659484863281,376.21058604424246,370.0909854321958,373.3898317252391,149752400
2023-03-15,372.2232971191406,372.42408758364206,366.8973453679593,368.9818486133687,172996900
2023-03-16,378.75396728515625,379.0982086417623,369.3642641428275,369.8710404113854,143254200
2023-03-17,374.3253173828125,378.55818505074,372.9431553160695,377.4255889740926,140553400
2023-03-20,377.9247131347656,378.33746367070916,374.40214170963634,375.1028011958168,93055800
2023-03-21,382.8870544433594,383.36697102971766,379.69079357481445,381.28412015653794,91524200
2023-03-22,376.36016845703125,386.3232414014182,376.3217962204962,382.71428861761933,111746600
2023-03-23,377.3777160644531,383.2518918682351,374.670978808423,379.22057981492253,119351300
2023-03-24,379.8539733886719,379.9403548581303,373.75902695920195,376.1010222149094,107682400
2023-03-27,380.56427001953125,382.8966870426311,379.6716321408978,382.1288028794633,74010400
2023-03-28,379.71002197265625,380.5642582938647,377.8767370350477,379.8731772141997,62871700
2023-03-29,385.22906494140625,385.4690232440617,382.6662973806607,383.8660888939379,77497900
2023-03-30,387.48468017578125,388.10856590647154,385.62260139743574,387.8589998974814,69840000
2023-03-31,392.94610595703125,393.2436518891425,388.3004877505952,388.4060846284512,112062600
2023-04-03,394.4434509277344,394.84656445369103,392.03426030988214,392.42779542260035,67391100
2023-04-04,392.2550964355469,395.3745547308176,390.8825125238686,395.08658715925804,66601500
2023-04-05,391.22802734375,392.28384974684195,389.57711302940226,391.5255732993779,65200200
2023-04-06,392.7541809082031,393.0325407601975,389.3851567329968,390.4313714897771,63743300
2023-04-10,393.1572570800781,393.23406013832266,389.66347951634174,390.27775752337686,63681000
2023-04-11,393.2628479003906,394.6641961280183,392.4949930804865,393.78116601430696,59297900
2023-04-12,391.6599426269531,395.6144801885437,391.07445840947173,395.32651264091214,86420400
2023-04-13,396.86224365234375,397.21737725795947,391.60234704835096,392.7445509263928,85814800
2023-04-14,395.89276123046875,398.41712702758065,393.5891675964206,396.22870868146754,78161500
2023-04-17,397.3133850097656,397.3325711300684,394.5778543396015,395.80643975007484,66436400
2023-04-18,397.572509765625,399.0218673008723,396.1999552913603,398.8874765900454,63560000
2023-04-19,397.50537109375,398.4075874340768,395.60489064257166,395.6624782963843,55227300
2023-04-20,395.3360900878906,397.0829934844094,393.7907434550367,394.6929889766768,75840400
2023-04-21,395.6431884765625,396.10388958631245,393.69472858849934,395.6335807728495,73457400
2023-04-24,396.0559997558594,396.47832873039835,394.1075394245126,395.44169241406223,64332100
2023-04-25,389.7690734863281,394.6450428024144,389.7114858346393,394.0883231137075,97766700
2023-04-26,388.11810302734375,391.4583328014488,387.56141271088387,390.3833244029181,80447000
2023-04-27,395.84478759765625,396.11353970438057,390.40252082176045,390.652086810784,92968400
2023-04-28,399.223388671875,399.2329963765921,394.904139565875,394.9617272106124,89433100
2023-05-01,398.8203430175781,400.8455772162606,398.589963107647,398.78194148395835,62122300
2023-05-02,394.33795166015625,398.1580991480429,391.43926532897416,398.11008990283216,103998500
2023-05-03,391.63116455078125,397.24619509986604,391.3912062306647,394.837004192524,91531800
2023-05-04,388.8572998046875,390.9113279949509,387.5231173537068,390.5849881625461,94901900
2023-05-05,396.0559997558594,397.102214486308,392.2262744508848,392.48541888407567,87891800
2023-05-08,396.1615905761719,396.64150723066325,394.76024214675766,396.3823627822816,50046800
2023-05-09,394.4242858886719,395.53769601743005,394.19393527299343,394.61626426292884,49220100
2023-05-10,396.2672119140625,397.8893326496405,392.4470645636368,397.2558391116228,96142900
2023-05-11,395.5760803222656,395.8640185793233,393.5028369960926,395.4033173680311,70157100
2023-05-12,395.0577697753906,397.0254455424627,392.63900049417026,396.8142810526254,70481500
2023-05-15,396.4207763671875,396.8238899658133,393.7524408587719,395.66249982833955,54289400
2023-05-16,393.77154541015625,396.23832360826236,393.7619377053924,395.3168627044219,57705500
2023-05-17,398.5515441894531,399.1562144912637,394.14591338269895,395.78721992832476,87287000
2023-05-18,402.390869140625,402.8131980774416,398.01403224251106,398.23477512417634,97177200
2023-05-19,401.8053894042969,403.8210450825171,400.5864117249465,403.29314851307697,103793300
2023-05-22,401.9685363769531,403.50427528786696,400.586374286309,401.8245672616326,60745400
2023-05-23,397.45733642578125,401.9013689419868,397.0638012887145,400.32722839371974,86383500
2023-05-24,394.5778503417969,396.238372422446,393.4164603018304,395.85444497777297,89213700
2023-05-25,397.994873046875,399.44423070710803,395.84485582251955,398.0812545290906,90961600
2023-05-26,403.1491394042969,403.86901432087706,398.5707454798897,398.6475192492727,93830000
2023-05-30,403.30267333984375,405.60626696953454,401.9205113036728,405.0783704702366,72216000
2023-05-31,401.0663757324219,402.38134275024066,399.50184266738273,401.479097047602,110811800
2023-06-01,404.8768005371094,405.9326227931181,400.0488412722422,401.29661257093727,88865000
2023-06-02,410.73187255859375,411.51891359121186,406.92133324219725,407.44922983268606,91426200
2023-06-05,409.94476318359375,412.36353228842165,409.2440744066445,411.0773593229492,65460200
2023-06-06,410.8373718261719,411.36526832885664,408.87930404707026,409.53201283462573,64022200
2023-06-07,409.4168395996094,412.3635345526036,408.9945106484148,411.2309384070294,85373300
2023-06-08,411.8932800292969,412.3444028643595,408.7162340623749,409.48408900675076,61952800
2023-06-09,412.6322937011719,414.63834160760314,411.64366666036057,412.6898813507892,85742800
2023-06-12,416.3756103515625,416.45241340725585,412.8914406087862,413.61131547404943,76104300
2023-06-13,419.120849609375,419.7639215742297,417.17238900856563,417.8346763878753,95899700
2023-06-14,419.6199035644531,421.42439480568777,416.1741056268984,419.45674831132544,100612100
2023-06-15,424.8221435546875,426.069914890404,418.70801128446885,418.80397116276845,110303100
2023-06-16,423.3751525878906,427.3732510116979,422.9030966686289,426.80484934957235,114165800
2023-06-20,421.1786193847656,422.32506614292663,419.1073181445954,421.4387558395076,76160400
2023-06-21,419.0205993652344,420.99555478179644,418.4329109170005,420.1959468611093,76982300
2023-06-22,420.5331115722656,420.6390713007603,417.72961825633774,418.06681362984074,70637200
2023-06-23,417.3539123535156,419.1362056994903,416.64100677536294,417.08416191308544,92074500
2023-06-26,415.6486511230469,418.70260790321004,415.4078014980868,416.7854542967168,72823600
2023-06-27,420.20562744140625,420.82218732627064,416.07263875155775,416.52543732038123,72813700
2023-06-28,420.41754150390625,421.4290983033547,418.5100016357142,419.1265614695,75636000
2023-06-29,422.07452392578125,422.2383146152685,419.59861200085055,420.0032229268465,67882300
2023-06-30,427.0553283691406,428.0379843526411,424.96474047999936,425.28267848094407,104964000
2023-07-03,427.54669189453125,427.82605633249915,426.4291459408796,426.70853977944085,32793400
2023-07-05,426.9107666015625,427.6429588433256,425.72577590511764,425.7354192979581,58418400
2023-07-06,423.56781005859375,423.9917077726785,421.06296794825374,423.3366038147622,80658300
2023-07-07,422.49847412109375,426.4388005460157,422.2576244540767,422.5755624788719,86134200
2023-07-10,423.56781005859375,423.7412147414674,421.5735680037754,422.1419696202549,62443500
2023-07-11,426.2653503417969,426.7566930521444,423.3558970583311,424.32893908451956,64463800
2023-07-12,429.6950378417969,431.1016209821125,428.62567949600117,430.0515200243212,91924500
2023-07-13,433.1054992675781,433.89549322497544,431.0727422071223,431.506253963796,72425200
2023-07-14,432.8356628417969,434.8395187204355,432.07456981935877,433.9917527644729,69815800
2023-07-17,434.3386535644531,435.3887545883977,432.64306249429234,432.6912500682276,52680200
2023-07-18,437.5660400390625,438.2115006773749,433.5775554716282,434.01109662916457,80668200
2023-07-19,438.5390625,439.724023983291,437.48893213427476,438.35601441060516,65891700
2023-07-20,435.6296081542969,438.442745236727,434.91670253914305,437.5467915202886,70591600
2023-07-21,435.6296081542969,437.5467915202886,435.6199941598992,437.34445662901965,71275600
2023-07-24,437.57568359375,438.3849349409323,435.7452026173443,436.77604624077406,54023400
2023-07-25,438.77020263671875,440.02260889064576,437.2576599788585,437.305847542833,55191200
2023-07-26,438.8376770019531,440.26348802035136,436.7856334140258,437.8357342912967,71052900
2023-07-27,435.9281921386719,442.62382369326946,435.0225951669556,442.2191833737535,92194400
2023-07-28,440.19610595703125,441.0246146496096,435.92822776892785,439.1941631701477,80011800
2023-07-31,441.0343017578125,441.3907545748612,439.35796801732533,440.6682055455154,62040400
2023-08-01,439.7721862792969,440.51399258801536,438.8184017102693,439.5698514127993,55291500
2023-08-02,433.6546325683594,436.9205386548979,432.9031828085776,436.66043160748643,93933400
2023-08-03,432.41180419921875,434.29044314301314,430.995607146359,431.6410971149184,64276100
2023-08-04,430.4561767578125,436.32327139401457,429.9359332204392,434.2230692550645,100128900
2023-08-07,434.21337890625,434.36752621178806,431.59293351328745,432.28658168791264,58357500
2023-08-08,432.3251037597656,434.2037427118271,428.9724661870649,431.6796137883657,71361300
2023-08-09,429.4349060058594,432.7586427817327,428.67381291504086,432.5948520910791,78789600
2023-08-10,429.5890808105469,435.16716703483127,428.42337671620794,431.7856284811605,93005500
2023-08-11,429.33856201171875,430.3501481391964,427.1227570858758,427.7200594884635,68690900
2023-08-14,431.70855712890625,431.70855712890625,428.11509896255956,428.4233935882657,47867400
2023-08-15,426.6796569824219,430.292402044995,426.1112258867205,429.935919835655,75707500
2023-08-16,423.548583984375,427.9223925566891,423.44259484772283,426.26534575201464,80107200
2023-08-17,420.3211669921875,425.273020314269,419.8009235363625,425.01291328665195,95711300
2023-08-18,420.52349853515625,421.5543421169173,417.1612467523088,417.5080561439708,98852000
2023-08-21,423.25958251953125,424.00138893640195,419.38673031886054,421.5350906095178,68719000
2023-08-22,422.1131286621094,425.032225506542,421.5543703601319,425.032225506542,64994200
2023-08-23,426.8144836425781,427.43107286328376,423.0283341735705,423.1728380844883,68441000
2023-08-24,420.89923095703125,428.9243284062607,420.8703007742917,428.41372832126285,88517300
2023-08-25,423.8664855957031,425.1477928046301,419.0783933508206,422.62369316256587,102325100
2023-08-28,426.5544128417969,427.17097271429145,423.8665222680011,426.0534267072631,61595400
2023-08-29,432.7200927734375,432.9994865828607,426.26531078000176,426.44835885508,83081900
2023-08-30,434.5024108886719,435.1382574911251,432.35402143192493,433.05731299234867,69053900
2023-08-31,433.86651611328125,436.2557255535454,433.68346804802377,435.1189223908011,66084600
2023-09-01,434.67572021484375,437.06495879679323,433.2209792435171,436.58325960370075,58944100
2023-09-05,432.79718017578125,434.55057269413254,432.72976461783867,434.23266409054196,55166200
2023-09-06,429.8876953125,432.09388618903915,427.5659013158959,431.98789706191957,70758500
2023-09-07,428.56787109375,429.24223247025344,426.5447281630559,426.8915375451562,70355400
2023-09-08,429.21337890625,430.7451793135571,428.25962359995947,428.61607641541775,61659700
2023-09-11,432.0361328125,432.3443980335229,430.1285929169173,431.8337979292306,60180100
2023-09-12,429.6661376953125,432.11317840274216,429.0881220484013,430.59102153155527,67565400
2023-09-13,430.16705322265625,431.32311372742333,428.7893710886088,429.8876594387545,60199300
2023-09-14,433.87615966796875,434.56980780447236,431.33280276784916,432.63339669886733,83430800
2023-09-15,428.6487121582031,432.6222625307114,428.2136712808251,432.2935551441486,111848900
2023-09-18,428.9000549316406,430.1955590603149,427.86557530879384,428.3392962837647,55752200
2023-09-19,428.0105895996094,428.5713482483716,425.332573169419,427.9815868766938,66514600
2023-09-20,424.0757751464844,429.68318495179983,423.8727265693422,429.2674693964477,82562600
2023-09-21,417.0665283203125,421.4944451347644,416.9118372759941,421.2334205936458,104095800
2023-09-22,416.1286926269531,419.6864977783781,415.71294757869936,418.091288955446,100829700
2023-09-25,417.8786315917969,417.91728222441265,414.4851650567311,414.92023546020613,70874500
2023-09-26,411.73944091796875,415.54862280920696,410.90798029741677,414.84285049792544,96168400
2023-09-27,411.9037780761719,413.4700137261174,408.2686420542666,412.90925504168933,104705800
2023-09-28,414.2917785644531,415.964347748709,410.76297593705533,411.3527373620953,92258300
2023-09-29,413.2863464355469,417.5112441372113,411.76846823252566,417.3372277775056,115111300
2023-10-02,413.1219177246094,414.3690937958554,410.36654108063146,412.4548256054054,83798600
2023-10-03,407.5919189453125,413.1800040858978,406.2287317175528,410.9467055118216,103760600
2023-10-04,410.5599365234375,411.30435944495287,406.59606370497346,408.0559363281981,87453000
2023-10-05,410.4052734375,411.24638199806213,407.18585282564163,410.2699077129364,70142700
2023-10-06,415.2779235839844,416.81512702154566,406.6347574601129,407.9592644123595,113273300
2023-10-09,417.9366455078125,418.5070521455923,412.8319589906931,413.3830108074734,80374400
2023-10-10,420.1119079589844,422.70291641435927,418.16863686530417,418.56502711101643,78607300
2023-10-11,421.83282470703125,422.08417183466213,418.797068320578,421.17540990507433,62451700
2023-10-12,419.2610778808594,422.81888280363904,416.91176888328704,422.4418474172078,81154200
2023-10-13,417.1727600097656,421.95841529247537,415.606554136673,420.75956736765113,95143100
2023-10-16,421.56207275390625,422.6255551040407,419.1740835467255,419.4157827397426,75433200
2023-10-17,421.5427551269531,423.5923892481788,418.09131276942526,418.4393454760135,75324700
2023-10-18,415.9256286621094,420.7306097718711,414.8428210042976,419.77349041439385,93559800
2023-10-19,412.2712097167969,418.449056290601,411.5944695651963,416.64115074369084,121323000
2023-10-20,407.20513916015625,412.37750784711915,407.0987761718527,411.83610400929126,123919900
2023-10-23,406.4993896484375,410.35692908932583,403.92770652261123,405.67760643648245,92035100
2023-10-24,409.5641174316406,410.71460793995783,406.77006062450005,408.61664598235126,78564200
2023-10-25,403.6860046386719,407.91093157015536,403.17360349885,407.88192884542195,94223200
2023-10-26,398.85205078125,403.47333880031834,397.93361142540357,402.6225823087564,115156800
2023-10-27,397.04412841796875,400.8339851009318,395.62293584989493,400.43759484678344,107367700
2023-10-30,401.79107666015625,402.8448816266276,398.5329761803426,399.8284803456642,86562700
2023-10-31,404.314453125,404.63348310254605,400.45691364342605,402.361504611754,79665200
2023-11-01,408.6263122558594,409.4384179741357,404.7494479004914,405.2812038082296,98068100
2023-11-02,416.45745849609375,416.61214954670544,412.3968995543654,412.41622487157895,94938900
2023-11-03,420.2569274902344,421.80380835994043,418.63271585397734,418.75840416588386,100167800
2023-11-06,421.2237854003906,421.6685037571904,419.2805139977328,421.01108888117284,67831700
2023-11-07,422.4225158691406,423.0606052933152,420.0828841514639,421.22369728667144,64256100
2023-11-08,422.7319030761719,423.544008852029,420.4309219590949,423.0219303160148,61746000
2023-11-09,419.4350891113281,423.91136268453704,419.0096961904857,423.87268255419826,83174400
2023-11-10,425.9803771972656,426.28975929301595,419.4254952530958,421.50413223667414,89462200
2023-11-13,425.5742492675781,426.67638218285714,423.863029699829,424.6461326803493,52236100
2023-11-14,433.8307189941406,435.11654569788686,431.27836139592864,431.50073527138204,97176900
2023-11-15,434.7491760253906,436.39274237985995,433.8983901244557,435.16489156652574,77327600
2023-11-16,435.2809753417969,435.60000533429076,433.2410185572766,434.3045010394223,66665800
2023-11-17,435.8223571777344,436.43144390959674,434.37216191303287,435.2906012114316,83133200
2023-11-20,439.1771545410156,440.0182630951851,435.5613141930735,435.57099160312566,69936200
2023-11-21,438.219970703125,439.05143128536895,436.95346926763995,438.13296253247677,49244600
2023-11-22,439.9118957519531,441.22675482120695,438.8194400859089,439.8732451207241,59394900
2023-11-24,440.1826171875,440.3759883694041,439.63156537724313,439.96027278304024,29737400
2023-11-27,439.389892578125,440.36633744385705,439.003150191057,439.55423153875734,50506000
2023-11-28,439.8248596191406,441.1203637861366,438.44234728096177,439.0030764411284,62115000
2023-11-29,439.5154724121094,443.10230972873876,439.1191116939092,441.97114450802434,63146000
2023-11-30,441.2460632324219,441.59412543023933,438.28766732031204,440.35662667945024,79752700
2023-12-01,443.8564453125,444.3881717849613,440.0472633152973,440.6369952391435,89183400
2023-12-04,441.5263977050781,443.87570666050044,439.2544195055919,440.47259281771954,72430900
2023-12-05,441.4394226074219,442.3965419933345,439.7668535301099,440.14391844231596,69793500
2023-12-06,439.6605224609375,443.60504042530386,439.2254520989698,443.57603770145914,69124700
2023-12-07,443.0152893066406,443.6630266124851,441.13970123464765,441.73911050428126,66995400
2023-12-08,444.9198913574219,445.4516177863762,442.02914891320626,442.2708481089666,83194400
2023-12-11,446.6504821777344,446.8245280398024,444.21416465607524,444.4268611503367,65002200
2023-12-12,448.6903991699219,448.78708475043413,445.30661038207074,446.30240990232363,68327600
2023-12-13,454.8778991699219,455.12927578193285,448.709730800554,449.0674408996175,93278000
2023-12-14,456.3377685546875,458.0006602364905,453.6693999362765,456.8114895469167,119026000
2023-12-15,455.58642578125,456.91633245678577,453.74207009746453,455.7417439978948,141553700
2023-12-18,458.1491394042969,459.12957270241793,456.13006180277284,457.1881393985243,70375300
2023-12-19,460.9350280761719,461.0127019870432,458.6150310014618,458.6926752884159,55761800
2023-12-20,454.54779052734375,461.96405036999886,454.1206728290634,460.0808576886502,102921000
2023-12-21,458.85772705078125,459.1295265010188,455.1107457468796,457.5278204873464,86667500
2023-12-22,459.7799072265625,461.45925759296136,457.8870276491879,459.98374941589714,67160400
2023-12-26,461.72137451171875,462.62413389794295,460.109981297383,460.18765521976536,55387000
2023-12-27,462.5561828613281,462.7017844285322,460.98362668768385,461.5175089754055,68000300
2023-12-28,462.73089599609375,463.5656980482324,462.31349497002446,462.9153345190397,77158100
2023-12-29,461.39129638671875,463.060930093317,459.44014657654174,462.53673484415077,122283100
2024-01-02,458.8092346191406,459.79938459581,456.7124830275094,458.33359292378987,123623700
2024-01-03,455.0622253417969,457.39193916554245,454.4603858132538,456.65418509885427,103585900
2024-01-04,453.596435546875,457.1686653982138,453.3731600721968,454.5865557790852,84232200
2024-01-05,454.21771240234375,456.6639075045455,452.77132456262234,453.80028176128866,86118900
2024-01-08,460.70208740234375,460.8476889622242,454.5865552720958,454.71275316529835,74879100
2024-01-09,460.0032043457031,461.02244496424106,457.54729244084217,458.05205442710235,65931400
2024-01-10,462.6047058105469,463.4686578138975,459.9934757568045,460.27499186871785,67310600
2024-01-11,462.40087890625,464.119036700077,458.4306513904914,463.60455806414546,77940700
2024-01-12,462.72119140625,464.58498035155515,461.3136700813151,463.8472262405501,58026400
2024-01-16,461.0224609375,462.6532578332319,459.2072255045687,461.3428140279713,85014900
2024-01-17,458.4598388671875,458.9451972598832,456.11069121201325,458.00360079309655,68843900
2024-01-18,462.5367431640625,463.09005873569527,458.58594911701266,460.12938495584103,91856200
2024-01-19,468.3028259277344,468.58434205067863,462.5853202688259,463.6628015298727,110834500
2024-01-22,469.29296875,471.0111265282756,468.6425755704272,469.83656769535,75844900
2024-01-23,470.6615905761719,470.90426970251536,468.7493074995451,469.8365052457373,49945300
2024-01-24,471.17620849609375,474.4572061642856,470.6811334834007,473.525326396796,81765000
2024-01-25,473.73883056640625,474.0106300348732,471.1761540957068,473.30199623812143,72525000
2024-01-26,473.1369934082031,474.79691054106985,472.29247468488353,473.3117152908374,76641600
2024-01-29,476.8839111328125,477.029542315143,472.9039969579279,473.4475958586122,61322800
2024-01-30,476.5150451660156,477.22364926399433,475.757857843928,476.1946921260682,58618400
2024-01-31,468.7396545410156,474.75807991768903,468.7202212489611,474.31155855924624,126011100
2024-02-01,474.8745422363281,474.90366254751126,469.63264923202524,470.43836054795435,91891600
2024-02-02,479.8737487792969,481.523949196212,474.97161226030033,475.31136898916844,99228200
2024-02-05,478.1264953613281,479.9029234991888,475.8744551474019,479.24284325758833,75757100
2024-02-06,479.5146179199219,479.84465802363434,477.6411122849623,479.0680669349689,55918600
2024-02-07,483.513916015625,483.93131701939416,480.8541325434168,481.75692144262655,70556500
2024-02-08,483.7275390625,484.10610316011065,482.69858176017516,483.51398020972,52343600
2024-02-09,486.5231628417969,486.95996752942966,483.89249957484776,484.2322563033971,63979400
2024-02-12,486.30963134765625,488.75582660767503,485.59128089218916,486.49406987855394,56502300
2024-02-13,479.61163330078125,482.5334996770295,476.35003982173856,480.04846760997253,113099200
2024-02-14,483.9701843261719,484.4555426281319,479.9222830533005,482.2423099561509,68387800
2024-02-15,487.3094787597656,487.49391729462275,484.1934569596569,484.66912826614583,61683000
2024-02-16,484.8826599121094,488.14425347916483,484.1449058140717,487.0085316428908,75532900
2024-02-20,482.21319580078125,483.8148722929186,479.970842787005,483.14507545774694,71736700
2024-02-21,482.6500244140625,482.8053426352379,479.1069145137689,480.9124629140013,59293400
2024-02-22,492.638671875,493.5996718242251,488.2898508655614,489.25088043870596,76402500
2024-02-23,492.97845458984375,495.1916873577398,492.25041710535265,494.35685563775104,61321800
2024-02-26,491.1728820800781,493.8520693709636,491.0466841824756,493.4152350521733,50386700
2024-02-27,492.08538818359375,492.30866367947897,489.9692329795254,491.86214231163,48854500
2024-02-28,491.43505859375,492.01746492951116,490.17310907711266,490.53226952547317,56506600
2024-02-29,493.20166015625,494.8130532117829,490.55162288856457,493.19197313484807,83924800
2024-03-01,497.83197021484375,498.2590878764062,493.6676174504883,494.07533144522296,76844800
2024-03-04,497.29815673828125,499.14254217920546,497.0069535759895,497.03610351614157,49799300
2024-03-05,492.3280334472656,495.7449748064334,490.1245174506037,495.29842384541166,72855600
2024-03-06,494.8227844238281,497.0748540345267,493.53174438668293,495.5993458504527,68382400
2024-03-07,499.7345886230469,500.78297909459656,494.88100583529064,498.1135085613306,58652100
2024-03-08,496.735107421875,503.04473579557066,496.1623881738849,500.36560770630734,86532500
2024-03-11,496.3079833984375,496.89041928478855,493.6093924281333,495.5314219659159,62557200
2024-03-12,501.6469421386719,502.2293483869414,495.9002573325016,498.41443934118087,73114400
2024-03-13,500.86065673828125,502.14200986510485,499.4240150117718,501.9672879725168,55104100
2024-03-14,499.8705139160156,501.9866689472691,496.8321662856789,501.83132111592977,110171800
2024-03-15,496.4381408691406,498.2590460217431,494.77306623402836,496.80816405826874,107646300
2024-03-18,499.3885192871094,501.93969410963876,498.97956820958467,500.4985887866016,88893300
2024-03-19,502.1636657714844,502.44602683293346,497.69420694088996,498.6971800566581,60755300
2024-03-20,506.8083190917969,506.94465591796825,501.5501987684062,502.2220766323413,69594600
2024-03-21,508.483154296875,510.342957334889,508.200733818281,509.6418984195912,60256100
2024-03-22,507.51922607421875,508.88241615238655,507.2854803107173,508.3955498176283,79070800
2024-03-25,506.1170349121094,507.2660322991133,505.96120440733904,506.1462159868013,48512100
2024-03-26,505.1822204589844,507.87947884663447,504.7830162330491,507.5386367689601,65463700
2024-03-27,509.42767333984375,509.466660680705,505.84434446401093,508.0060617645378,82999800
2024-03-28,509.3303527832031,510.8298796934876,509.04799170553036,509.46668962011773,96294900
2024-04-01,508.4442138671875,510.60593125263364,507.2854696375655,510.07039018205234,62477500
2024-04-02,505.2115173339844,505.3477947483364,502.9134629158643,504.62724203503336,74230300
2024-04-03,505.7664794921875,507.266065898289,504.0721940901131,504.1208688391064,59155800
2024-04-04,499.5930480957031,510.10934946561747,499.2911933332161,509.76856679026787,96858100
2024-04-05,504.8122253417969,506.7694375345306,500.5083435441168,500.94653513579135,74546500
2024-04-08,505.09454345703125,506.516214442084,504.2863881936749,505.5133007732254,48401800
2024-04-09,505.6788330078125,507.0712635271461,500.8393509659492,506.8278303713481,68049200
2024-04-10,500.6153869628906,502.601780021425,498.6387407392185,499.99218385090813,82652800
2024-04-11,504.3935241699219,505.8346295064768,498.6290433917763,502.1344572387197,70099000
2024-04-12,497.431396484375,502.2708495884285,495.7078704459787,500.8589251713878,92561100
2024-04-15,491.199462890625,501.7644387082916,490.3522904966187,501.5989207934361,92101400
2024-04-16,490.3035888671875,493.19557596027215,489.018254666714,491.676555438244,73484000
2024-04-17,487.40185546875,492.9229325491744,486.00942494137024,492.75738492725213,75910300
2024-04-18,486.39892578125,490.88784877913054,485.46415075166374,488.7943295112607,74548100
2024-04-19,482.1534729003906,487.3142441699,480.8876025986124,486.32104754330464,102212600
2024-04-22,486.59368896484375,489.18382142190774,482.4163675078979,484.75331996273405,67961000
2024-04-23,492.367919921875,492.7963646750655,486.4086807205422,488.5995792337359,64633600
2024-04-24,492.13421630859375,494.04272395926796,489.91410708182036,493.25400289949073,55928100
2024-04-25,490.2646789550781,491.0241892900092,484.4222826199273,486.0678932982719,69122400
2024-04-26,494.9093322753906,496.4867743057136,492.41657923952914,493.04949947545424,64306100
2024-04-29,496.6620788574219,497.33395677101214,493.9258924563797,496.69128964862307,46415400
2024-04-30,488.79437255859375,496.1752536684076,488.79437255859375,495.2015209263445,77483600
2024-05-01,487.2071838378906,494.84124497607075,486.7397814235659,488.2101273744075,80242800
2024-05-02,491.7641906738281,492.60161619088024,486.4281251448712,490.90730120185356,62550200
2024-05-03,497.8597717285156,499.08665465274976,495.20147091341136,497.73318173027803,72756700
2024-05-06,503.0011291503906,503.0400570645358,499.8170040691018,500.255195688938,47264700
2024-05-07,503.55615234375,504.9485829994704,502.8842743906612,503.9651034446084,52561300
2024-05-08,503.60479736328125,504.14033844049237,501.6086572944442,501.72550045922026,42047200
2024-05-09,506.5065002441406,506.54548758690595,503.13742328274043,503.78980752288453,43643700
2024-05-10,507.158935546875,508.91164241656554,505.94176974404485,508.10342768254765,52233200
2024-05-13,507.22705078125,508.94082976185797,506.0878002167031,508.8337334335511,36716400
2024-05-14,509.5543518066406,510.07045870728615,506.8863334989738,507.4218746415022,57535900
2024-05-15,515.8641357421875,516.1562436643347,511.38492968552964,512.0178797101214,59504900
2024-05-16,514.8026733398438,517.5583531460086,514.6565896819933,515.9614174721102,50244800
2024-05-17,515.5427856445312,515.6109540647997,513.4687302561026,514.9195824580145,59187600
2024-05-20,516.1366577148438,517.5972564963745,515.2700215074756,515.6595382886503,37764200
2024-05-21,517.4024658203125,517.5582962958254,515.1726398818048,515.3771450939481,33437000
2024-05-22,515.9127197265625,517.4219932520712,513.7412557847823,516.7111875279095,48390000
2024-05-23,512.1444702148438,519.0676954201629,510.93699174891134,518.9605990872589,57211200
2024-05-24,515.5330810546875,516.3412958961842,513.0403275362747,513.9848197975488,41291100
2024-05-28,515.8932495117188,516.5748741957514,513.2641596915468,516.3411878885217,36269600
2024-05-29,512.2807006835938,513.458938533357,511.5698948988185,511.87174962966077,45190300
2024-05-30,508.8825378417969,511.4045322089782,507.6361906313772,510.7424009672022,46377600
2024-05-31,513.5173950195312,513.6439850215788,504.7440541264526,509.8367164200918,90785800
2024-06-03,513.9360961914062,515.4064420460951,508.87267437322015,515.1240809646227,46835700
2024-06-04,514.5106811523438,515.2507275789484,511.17078482758455,512.6313840068518,34632700
2024-06-05,520.6255493164062,520.6450429850004,514.8415757760073,516.8280281512839,47610400
2024-06-06,520.615966796875,521.3560132540258,518.6879948188819,520.9275684331457,30808500
2024-06-07,519.9830322265625,522.7873872843439,518.55161418802,519.6421901069427,43224500
2024-06-10,521.5896606445312,521.9110090941606,518.5808597177815,519.1748224338155,35686100
2024-06-11,522.8457641601562,522.9041857425336,518.0744503489441,520.0414093421914,36383400
2024-06-12,527.1399536132812,529.8274655446977,526.1077992631506,527.4028804771598,63251300
2024-06-13,528.2012939453125,529.0581834417079,525.4164327979901,528.8829186945259,44760900
2024-06-14,528.5227661132812,528.5519471953481,525.6696764478946,526.6726498510748,40089900
2024-06-17,532.7291259765625,534.1216160104203,527.3833430672393,527.8410283318889,55839500
2024-06-18,534.0825805664062,534.2091705580833,532.3688016931667,532.7874995764366,41376400
2024-06-20,532.6317138671875,535.6697547200665,530.8595134643548,535.0076237066871,70328200
2024-06-21,531.917724609375,533.0313753907063,530.4621917432297,531.8102827682807,64338600
2024-06-24,530.1885986328125,534.3012597413704,530.0713785197397,531.7418545665156,45528700
2024-06-25,532.2303466796875,532.5917853363576,529.8956032092343,531.4097461795637,37936200
2024-06-26,532.89453125,533.6076301716555,530.4719028733521,531.1166134619692,38550600
2024-06-27,533.734619140625,534.3110010096894,532.0153114364416,532.7577451835803,35041500
2024-06-28,531.6343994140625,537.5543137581463,530.3938098387125,534.5064116818106,76144500
2024-07-01,532.728515625,533.2560061424955,529.9737236752046,533.0117876323043,40297800
2024-07-02,536.3135986328125,536.3135986328125,531.0775683576217,531.126400132376,40434800
2024-07-03,538.7069091796875,539.068347757372,535.9618958708759,536.000949362856,32789900
2024-07-05,541.8134155273438,542.2139076372644,538.3747999305978,539.0097918869257,41488400
2024-07-08,542.4386596679688,543.3861988920726,541.3738407022457,542.5949332840256,36110500
2024-07-09,542.9661865234375,544.2947210316149,542.6731362089374,543.396013525926,27289700
2024-07-10,548.3389282226562,548.6808102777995,543.894163387503,544.1872136667199,38701200
2024-07-11,543.6107788085938,549.3255270030801,542.9758465360856,548.4560949063842,53054200
2024-07-12,547.0396728515625,550.6345620898736,544.2653840243584,544.7342644743289,53084400
2024-07-15,548.5440063476562,551.7774564341378,546.6879221671659,549.0324432768749,40584300
2024-07-16,551.7970581054688,552.090108393895,549.1008762046278,549.8530882979716,36475300
2024-07-17,544.0601806640625,547.5476278240299,543.7377955656038,545.8771519032762,57119000
2024-07-18,539.8792114257812,546.5806130354061,537.7008012722223,545.5939606590898,56270400
2024-07-19,536.2940673828125,541.2663824595259,535.2390267295067,539.644738170822,65509100
2024-07-22,541.8232421875,542.4288993582354,538.277184442637,540.2113760766848,43346700
2024-07-23,540.9732666015625,543.8647752379528,540.4848296428585,541.7156406949248,34439600
2024-07-24,528.7134399414062,536.4698210648305,527.7951760937185,536.1669925418511,74515300
2024-07-25,525.9586791992188,534.7994361794972,525.0209183627663,528.8306910081631,61158300
2024-07-26,531.8493041992188,534.5357078065754,528.9675138593225,529.7392825093052,53763800
2024-07-29,532.1619873046875,534.3990077101311,530.1691258203317,533.3928583100442,39515800
2024-07-30,529.4656982421875,534.6822315404584,526.0661958644091,533.6271909452782,46853600
2024-07-31,538.072021484375,540.6998152024645,534.9167372159726,536.2843251839307,65663400
2024-08-01,530.4523315429688,542.0380422456446,526.955106117804,539.7912440920945,76428700
2024-08-02,520.5762329101562,524.5716145988897,516.3756265717791,523.3603002519518,82789100
2024-08-05,505.41510009765625,511.4717311244644,498.4695101090915,499.80785259777787,146267400
2024-08-06,510.0747375488281,517.4989554385519,505.8936885816187,507.2124445147762,84826300
2024-08-07,506.66546630859375,519.2965001883216,506.06958745039486,516.248598311969,70698300
2024-08-08,518.3782348632812,519.0033889369354,509.77197692780607,511.79405372836936,63276600
2024-08-09,520.6640625,522.1489300560904,516.3365178449808,517.5576103421191,45619600
2024-08-12,520.9376220703125,523.3406939742863,518.6712672136742,521.8558860240913,42542100
2024-08-13,529.5048217773438,529.7393216479126,523.878076980635,524.1222955084382,52333100
2024-08-14,531.17529296875,532.3573320967027,527.6292352085552,530.2960824274743,42446900
2024-08-15,540.2797241210938,540.5629961238054,536.1866195717042,536.7922766972661,60846800
2024-08-16,541.4910278320312,542.1846298407453,538.5115740387317,538.6678476452682,44430700
2024-08-19,546.6685180664062,546.6685180664062,541.0514918139045,541.901367537868,39121800
2024-08-20,545.7794799804688,547.8700045132335,544.4411674580102,546.2190851764095,33732300
2024-08-21,547.6552124023438,549.1107454289771,541.9014090213768,546.8248931770081,41514600
2024-08-22,543.3568725585938,550.1559376249218,542.1455582382872,549.5502804647684,56121500
2024-08-23,549.1302490234375,550.0680696349215,544.4021520897437,546.5904001832064,50639400
2024-08-26,547.8211669921875,550.8690092024209,546.1214157161334,550.1559102385648,35788600
2024-08-27,548.5734252929688,549.0618623501647,545.4083627021253,546.5512887213379,32693900
2024-08-28,545.3887939453125,548.661357929549,542.204174863817,548.2315309438809,41066000
2024-08-29,545.4375610351562,550.6443160255352,544.294635177053,547.3522554939839,38715200
2024-08-30,550.6444091796875,551.1524028130747,544.2556737558524,547.8017316610252,62700100
2024-09-03,539.3126220703125,547.8407131286382,536.8020487007664,547.508549729637,60600100
2024-09-04,538.208740234375,541.608242662233,536.7532075195429,537.4760847370844,47224900
2024-09-05,536.899658203125,540.9927622926045,534.4476951362813,538.1500854338868,44264300
2024-09-06,527.8637084960938,538.8437645502386,526.9650009606123,537.2221796738046,68493800
2024-09-09,533.773681640625,535.043665505135,530.1299607989381,532.0544335310877,40445800
2024-09-10,536.0987548828125,536.450474898389,530.8138918516801,535.678706144088,36394600
2024-09-11,541.5985717773438,542.5168359009789,527.4730091477311,536.0108800293665,75248600
2024-09-12,546.1605224609375,546.4633510224045,539.9573366553728,542.1748597619055,51819600
2024-09-13,549.0130004882812,550.0094311099382,546.5122052774053,546.7662020730168,39310500
2024-09-16,549.8237915039062,550.0875069413107,546.9517795427174,548.7491943236346,36656100
2024-09-17,550.0484619140625,553.477299266029,547.8211605278194,552.0314851715059,49321000
2024-09-18,548.4171142578125,555.5385046014119,547.8602888957543,550.702966140304,59044900
2024-09-19,557.7754516601562,559.6315359572782,554.9425530668651,557.804786497104,75315500
2024-09-20,556.8113403320312,557.8500005367814,553.7933228326182,556.4096197933483,77503100
2024-09-23,558.2027587890625,558.8495067502496,556.6643550711399,557.8794446150124,44116900
2024-09-24,559.7999877929688,559.8587776289324,556.1744550910837,558.9964868304339,46805700
2024-09-25,558.5653686523438,560.3781649949049,557.4581101822776,559.6432621062706,38428600
2024-09-26,560.77978515625,563.1413061737785,558.4281322177342,562.817932214862,48336000
2024-09-27,559.966552734375,562.6611965458859,558.9377006949258,561.8479471107624,42100900
2024-09-30,562.21044921875,562.8179640810873,556.6447925339722,558.9376557740085,63557400
2024-10-01,557.1739501953125,562.5044480240527,554.6066943100618,561.857759819067,72668800
2024-10-02,557.4090576171875,558.4281611024765,553.8913563966638,556.282242548741,38097800
2024-10-03,556.3899536132812,558.3300776437013,554.1068390984451,555.9391917508498,40846500
2024-10-04,561.4461059570312,561.8184614824812,556.6643337627131,560.8287828388663,42939100
2024-10-07,556.370361328125,560.446655391967,555.2239297880301,559.7999074826037,49964700
2024-10-08,561.6322631835938,562.230029540932,558.0655806170524,558.9376197622599,37398700
2024-10-09,565.5223388671875,566.0808720947961,561.0247080377793,561.6224145456196,37912200
2024-10-10,564.53271484375,565.9535388259317,562.9257131010544,564.1799758679994,44138100
2024-10-11,567.9132690429688,568.6481717987969,564.3171018304082,564.4542980317323,42268000
2024-10-14,572.5579223632812,573.4888112745962,569.0401610478535,569.520288010914,36217200
2024-10-15,568.1093139648438,573.1262458468478,566.8942243784207,572.8224884018784,54203600
2024-10-16,570.5784912109375,571.0978512020905,567.305757742965,568.1092586044506,30725400
2024-10-17,570.6275024414062,574.3216329805343,570.4413246734956,574.1158386665669,34393700
2024-10-18,572.8223876953125,573.6062719503354,570.8528388827377,572.3128360166068,37416800
2024-10-21,571.8817749023438,573.0771881011084,568.912738838732,572.0973176864316,36439000
2024-10-22,571.5780639648438,572.7343039714391,568.6972423190728,569.3537388044809,34183800
2024-10-23,566.355224609375,570.0003732214365,562.8570804647936,569.5594196255329,49314600
2024-10-24,567.5801391601562,568.3836400907534,564.9639018539431,568.3052337104026,34979900
2024-10-25,567.3841552734375,572.6950960929863,566.4435179318251,569.8044663478088,47268200
2024-10-28,569.1381225585938,570.9802836348513,568.8343651367928,570.8528957024953,30174700
2024-10-29,570.0592651367188,571.1762720247682,566.7864714367279,568.1778707648036,42899700
2024-10-30,568.3345947265625,571.5779630983764,567.6290569957021,569.588797638648,41435800
2024-10-31,557.1935424804688,564.0428273008541,556.9975564307639,563.9742291931302,60182500
2024-11-01,559.545166015625,563.9643910438907,559.1336371976272,559.8195584319851,45667500
2024-11-04,558.3399658203125,560.9758196621659,556.4586313456186,559.6823835212687,38217000
2024-11-05,565.09130859375,565.1304818819561,559.0357163025479,559.2512590975022,39478300
2024-11-06,579.142578125,580.0146771322202,573.6063462638446,577.3396500855225,68182000
2024-11-07,583.6205444335938,584.6396478381987,581.0630972629532,581.1415036340469,47233200
2024-11-08,586.148681640625,587.5695056932594,584.1693242787533,584.1693242787533,46444900
2024-11-11,586.7072143554688,588.0888053142032,584.9826328704219,587.7360663213191,37586800
2024-11-12,584.8846435546875,587.2264882691159,582.4055428293386,586.6287817012992,43006100
2024-11-13,585.1688232421875,587.1677373847895,582.9837313260188,585.3451927424278,47388600
2024-11-14,581.4061889648438,585.7764333139074,580.7203273990799,585.296306295251,38904100
2024-11-15,573.9591064453125,578.3195418358689,572.1071369723535,577.8491633593196,75988800
2024-11-18,576.3108520507812,577.6238450144261,573.5574183688442,574.4196493771738,37001700
2024-11-19,578.41748046875,579.142574989824,572.2737337790142,572.9400384688264,49412000
2024-11-20,578.6134033203125,578.8975441726233,572.8615695316089,578.4958236706298,50032600
2024-11-21,581.7196044921875,583.1404284379229,575.6248397212988,581.4550801704302,46750300
2024-11-22,583.5226440429688,584.1497754660484,581.2101642027249,581.7098478799927,38226400
2024-11-25,585.5020141601562,588.7649396726674,583.2188992835091,587.451946771504,42441400
2024-11-26,588.5591430664062,589.2254477201681,586.0310608458545,586.7463470552605,45621300
2024-11-27,586.7758178710938,588.755115442667,585.2570306878304,588.3730114334577,34000200
2024-11-29,590.4208984375,591.2047827973582,587.3147260107087,587.5890586237147,30177400
2024-12-02,591.4791259765625,592.1552388895445,590.3424429138348,590.8323780737772,31746000
2024-12-03,591.7534790039062,591.9984465923378,590.2151351783115,591.2439870884159,26906600
2024-12-04,595.4280395507812,595.6730071584342,592.7726289600115,593.4389336760423,42787600
2024-12-05,594.4481201171875,596.2314913306755,594.0953811448159,595.4279904670244,28762200
2024-12-06,595.5750122070312,596.8096584526629,594.800936138575,595.212464951605,31241500
2024-12-09,592.508056640625,595.6240374954255,591.9201582931329,595.457476264727,34742700
2024-12-10,590.6659545898438,593.6055662349224,590.0094580682774,593.1842290759141,37234500
2024-12-11,595.2320556640625,596.1825011825678,593.3114882757061,593.5858806768452,28677700
2024-12-12,592.1650390625,594.9380289691392,592.1650390625,594.369747252086,31543800
2024-12-13,592.0474853515625,594.9086900260288,590.6756429397628,594.1934038090473,35904700
2024-12-16,594.575439453125,595.5455612250375,593.0272875396962,593.8013634964105,43695200
2024-12-17,592.1257934570312,592.9880840930309,590.7540109408761,592.0278303510687,55773500
2024-12-18,574.4784545898438,594.2031909866316,574.0962907751041,591.822113059209,108248700
2024-12-19,574.3020629882812,581.0631932062172,574.0570953688857,579.456191269411,85919500
2024-12-20,581.2000122070312,585.722562754752,571.1323175828937,571.9778879961826,125716700
2024-12-23,584.6802978515625,585.2800160502417,577.7685966184363,580.9442707021165,57635800
2024-12-24,591.1790771484375,591.2184422848073,585.4471892507113,586.0272849416975,33160100
2024-12-26,591.2184448242188,592.3392110668057,588.0133066034633,589.4093887705021,41219100
2024-12-27,584.9949951171875,587.7183905820746,580.8165297326684,587.4823797773107,64969300
2024-12-30,578.3192749023438,581.7800467977985,574.5734057798932,577.9948725430215,56578800
